CustomerID,recency,frequency,monetary,avg_basket,product_diversity,return_rate,weekend_ratio,repeat_category_rate
12346,326,12,77556.46,6463.038333333334,27,0.29411764705882354,0.0,0.2647058823529412
12608,405,1,415.79,415.79,16,0.0,1.0,0.6875
12745,487,2,723.85,361.92499999999995,20,0.0,0.0,0.36363636363636365
12746,541,1,254.55,254.55,17,0.6666666666666666,0.0,0.47058823529411764
12747,2,26,8898.48,342.24923076923073,85,0.1875,0.1606425702811245,0.20883534136546184
12748,1,336,53539.64,159.34416666666667,2286,0.07692307692307693,0.19043280182232347,0.3547456340167046
12749,4,9,6897.36,766.3733333333334,260,0.4375,0.17751479289940827,0.5414201183431953
12777,458,1,519.45,519.45,26,0.0,0.0,0.5384615384615384
12819,458,1,540.52,540.52,19,0.0,0.0,0.5789473684210527
12820,3,11,2689.52,244.50181818181818,131,0.15384615384615385,0.0880503144654088,0.34591194968553457
12821,214,2,220.8,110.39999999999999,13,0.0,0.0,0.6153846153846154
12822,71,2,948.88,474.44,41,0.3333333333333333,0.0,0.5217391304347826
12823,75,18,6501.5,361.19444444444446,1,0.0,0.0,1.0
12824,60,1,397.12,397.12,25,0.0,0.0,0.52
12825,521,2,518.63,259.315,20,0.0,0.0,0.2916666666666667
12826,3,12,2800.75,233.39583333333334,93,0.2,0.044585987261146494,0.28662420382165604
12827,6,3,430.15000000000003,143.38333333333333,19,0.0,0.2,0.56
12828,3,6,1018.71,169.785,46,0.0,0.0,0.4107142857142857
12829,337,3,385.3,128.43333333333334,17,0.25,0.0,0.3684210526315789
12830,38,6,6814.64,1135.7733333333333,13,0.14285714285714285,0.0,0.5263157894736842
12831,262,3,451.11,150.37,16,0.0,0.0,0.6818181818181818
12832,32,2,383.03,191.51500000000001,27,0.0,0.0,0.2222222222222222
12833,145,1,417.38,417.38,24,0.0,1.0,0.4166666666666667
12834,283,1,312.38,312.38,18,0.0,0.0,0.4444444444444444
12835,428,41,5996.83,146.2641463414634,138,0.16326530612244897,0.0,0.37398373983739835
12836,59,15,6559.7300000000005,437.31533333333334,280,0.11764705882352941,0.029197080291970802,0.44038929440389296
12837,173,2,662.66,331.33000000000004,83,0.0,0.13636363636363635,0.3977272727272727
12838,34,10,2975.91,297.591,230,0.16666666666666666,0.17134831460674158,0.598314606741573
12839,3,26,9669.12,371.8892307692308,156,0.16129032258064516,0.02888086642599278,0.3592057761732852
12840,144,7,4041.97,577.4242857142857,109,0.36363636363636365,0.0,0.4318181818181818
12841,5,40,6958.2,173.95499999999998,307,0.047619047619047616,0.2857142857142857,0.4642857142857143
12842,70,4,1917.99,479.4975,45,0.0,0.22916666666666666,0.6041666666666666
12843,66,30,6583.36,219.4453333333333,130,0.11764705882352941,0.2557077625570776,0.2694063926940639
12844,29,4,648.6,162.15,88,0.0,0.20388349514563106,0.3592233009708738
12845,267,4,354.09,88.5225,26,0.0,0.0,0.37037037037037035
12846,682,1,15.58,15.58,1,0.0,0.0,1.0
12847,22,2,1609.0,804.5,100,0.0,0.0,0.3949579831932773
12848,676,1,208.0,208.0,16,0.0,0.0,0.5
12849,31,6,3042.47,507.0783333333333,123,0.0,0.0,0.5555555555555556
12850,446,1,330.0,330.0,2,0.0,0.0,0.5
12851,97,2,280.76,140.38,71,0.0,0.6103896103896104,0.33766233766233766
12852,295,1,311.55,311.55,17,0.5,0.0,0.6470588235294118
12853,135,11,3907.5,355.22727272727275,111,0.3125,0.0,0.5405405405405406
12854,79,7,2970.9700000000003,424.42428571428576,188,0.36363636363636365,0.0,0.4061302681992337
12855,373,4,612.84,153.21,65,0.0,0.0,0.6417910447761194
12856,8,6,2170.78,361.7966666666667,155,0.25,0.0,0.3954983922829582
12857,211,6,3688.0,614.6666666666666,71,0.14285714285714285,0.0,0.5041322314049587
12858,383,1,147.27,147.27,36,0.5,1.0,0.2972972972972973
12859,459,1,575.1,575.1,21,0.0,0.0,0.42857142857142855
12860,693,1,54.22,54.22,16,0.0,0.0,0.4375
12861,620,1,68.25,68.25,4,0.0,0.0,0.75
12862,426,2,984.62,492.31,119,0.0,1.0,0.4351145038167939
12863,52,6,2792.5499999999997,465.425,24,0.14285714285714285,0.0,0.4583333333333333
12864,138,2,299.57,149.785,5,0.0,0.42857142857142855,0.7142857142857143
12867,26,13,7829.26,602.2507692307693,365,0.1875,0.4561904761904762,0.4057142857142857
12868,186,8,2043.76,255.47000000000003,86,0.0,0.0,0.5895522388059702
12869,682,1,337.66999999999996,337.66999999999996,35,0.0,0.0,0.43243243243243246
12870,375,3,1676.95,558.9833333333333,85,0.25,0.0,0.4946236559139785
12871,84,3,744.02,248.00666666666666,13,0.0,0.3888888888888889,0.4444444444444444
12872,327,12,3283.96,273.66333333333336,217,0.07692307692307693,0.37055837563451777,0.35279187817258884
12873,282,3,2027.3,675.7666666666668,33,0.0,0.4857142857142857,0.4857142857142857
12875,143,5,1356.99,271.398,2,0.0,0.125,0.625
12877,4,20,2942.14,147.10700000000003,149,0.0,0.17153284671532848,0.39416058394160586
12878,236,2,854.99,427.495,38,0.3333333333333333,0.5957446808510638,0.40425531914893614
12879,45,3,573.22,191.07333333333335,7,0.25,0.0,0.8
12880,382,2,640.13,320.065,32,0.0,0.0,0.4444444444444444
12881,276,1,298.0,298.0,7,0.0,0.0,1.0
12882,9,2,1463.04,731.52,12,0.0,0.38461538461538464,0.38461538461538464
12883,25,4,703.47,175.8675,39,0.0,0.4523809523809524,0.47619047619047616
12884,88,1,309.05,309.05,7,0.0,0.0,0.2857142857142857
12885,63,3,1175.22,391.74,66,0.25,0.0,0.5492957746478874
12886,68,2,1378.4,689.2,75,0.3333333333333333,0.0,0.5487804878048781
12887,384,1,222.4,222.4,13,0.0,1.0,0.7692307692307693
12888,214,2,354.12,177.06,4,0.5,0.0,0.4
12889,381,4,385.46000000000004,96.36500000000001,25,0.3333333333333333,0.48,0.56
12890,24,2,706.02,353.01,124,0.0,0.0,0.4074074074074074
12891,186,11,840.5,76.4090909090909,2,0.08333333333333333,0.18181818181818182,1.0
12892,397,1,263.38,263.38,18,0.0,0.0,0.5555555555555556
12893,31,1,176.55,176.55,27,0.0,0.0,0.5161290322580645
12894,575,1,157.35,157.35,21,0.0,0.0,0.3333333333333333
12895,42,2,372.8,186.4,22,0.3333333333333333,0.0,0.2727272727272727
12897,205,4,514.25,128.5625,10,0.0,0.0,0.7142857142857143
12898,464,2,296.21000000000004,148.10500000000002,27,0.0,0.0,0.4444444444444444
12899,414,1,366.4,366.4,17,0.0,0.0,0.8823529411764706
12900,422,1,340.33,340.33,13,0.0,0.0,0.9230769230769231
12901,9,28,17654.54,630.5192857142857,30,0.2222222222222222,0.017241379310344827,0.6293103448275862
12902,265,1,138.68,138.68,10,0.0,1.0,0.8
12903,429,1,833.53,833.53,41,0.0,0.0,0.7073170731707317
12904,18,2,496.06,248.03,59,0.0,0.0,0.323943661971831
12905,577,2,1018.42,509.21,52,0.3333333333333333,0.0,0.4444444444444444
12906,12,5,2919.81,583.962,55,0.0,0.0,0.6190476190476191
12907,396,2,508.91,254.45499999999998,23,0.3333333333333333,0.0,0.32
12908,176,5,1776.0,355.2,1,0.2857142857142857,0.0,1.0
12909,40,8,3103.19,387.89875,120,0.38461538461538464,0.13924050632911392,0.3670886075949367
12910,23,13,5796.52,445.8861538461539,75,0.07142857142857142,0.17518248175182483,0.5766423357664233
12911,552,1,1651.72,1651.72,220,0.0,1.0,0.4533898305084746
12912,3,5,1662.3,332.46,17,0.0,0.2916666666666667,0.6666666666666666
12913,5,13,6283.24,483.3261538461539,52,0.0,0.0,0.43478260869565216
12914,401,1,223.98,223.98,9,0.0,0.0,0.2222222222222222
12915,149,4,975.1,243.775,46,0.5,0.0,0.31666666666666665
12916,139,7,4479.73,639.9614285714285,82,0.125,0.9186046511627907,0.26744186046511625
12917,128,6,4359.2,726.5333333333333,45,0.25,0.0,0.28
12918,626,1,10953.5,10953.5,1,0.6666666666666666,0.0,1.0
12919,8,6,1335.19,222.53166666666667,34,0.25,0.0,0.56
12920,17,4,486.64,121.66,59,0.0,0.0,0.3220338983050847
12921,9,74,35233.24,476.12486486486483,322,0.2815533980582524,0.0513675783855904,0.29753168779186123
12922,161,1,405.38,405.38,28,0.0,0.0,0.6071428571428571
12923,64,3,770.42,256.8066666666667,54,0.0,0.25,0.43333333333333335
12924,88,12,2469.4,205.78333333333333,56,0.14285714285714285,0.02702702702702703,0.32432432432432434
12925,5,3,729.3299999999999,243.10999999999999,46,0.0,0.0,0.44
12926,411,4,1523.97,380.9925,202,0.0,0.13740458015267176,0.3320610687022901
12927,395,1,197.31,197.31,11,0.0,0.0,0.5454545454545454
12928,35,12,4304.89,358.74083333333334,94,0.0,0.0,0.33519553072625696
12929,312,1,117.85,117.85,8,0.5,0.0,1.0
12930,78,2,415.8,207.9,20,0.5,0.0,0.36
12931,22,57,92347.34,1620.1287719298246,37,0.19718309859154928,0.009174311926605505,0.3440366972477064
12932,539,8,1698.56,212.32,69,0.0,0.2736842105263158,0.4421052631578947
12933,24,8,1636.6299999999999,204.57875,227,0.2727272727272727,0.0,0.4602076124567474
12934,737,1,181.65,181.65,2,0.0,0.0,0.5
12935,2,15,4243.86,282.924,113,0.21052631578947367,0.1889763779527559,0.3661417322834646
12936,17,4,1063.9,265.975,56,0.2,0.0,0.4838709677419355
12937,15,9,3097.61,344.1788888888889,128,0.0,0.0,0.3225806451612903
12938,26,1,114.14,114.14,9,0.0,0.0,0.4444444444444444
12939,64,20,25264.8,1263.24,24,0.0,0.12790697674418605,0.3488372093023256
12940,55,2,899.69,449.84499999999997,87,0.5,0.8020833333333334,0.3333333333333333
12941,724,1,377.49,377.49,27,0.0,0.0,0.48148148148148145
12942,131,3,675.6,225.20000000000002,68,0.0,0.6571428571428571,0.4142857142857143
12943,558,2,496.5,248.25,22,0.5,0.2,0.92
12944,36,2,604.51,302.255,29,0.0,0.0,0.4
12945,288,2,900.11,450.055,47,0.0,0.5490196078431373,0.49019607843137253
12946,437,1,324.45,324.45,20,0.0,0.0,0.65
12947,144,6,1603.99,267.33166666666665,83,0.45454545454545453,0.0,0.5360824742268041
12948,16,9,2317.43,257.49222222222227,89,0.1,0.2,0.6
12949,31,22,15526.7,705.7590909090909,347,0.21428571428571427,0.0,0.31888111888111886
12950,2,3,1843.0,614.3333333333334,13,0.0,0.0,0.34782608695652173
12951,9,15,3213.7200000000003,214.24800000000002,110,0.25,0.25257731958762886,0.5154639175257731
12952,6,4,1387.79,346.9475,64,0.2,0.22784810126582278,0.4430379746835443
12953,10,2,828.8100000000001,414.40500000000003,45,0.0,0.0,0.25
12954,639,1,162.45,162.45,10,0.0,0.0,0.7
12955,1,11,4757.16,432.4690909090909,81,0.21428571428571427,0.0,0.42777777777777776
12956,306,4,521.89,130.4725,42,0.0,0.6666666666666666,0.35714285714285715
12957,10,13,8706.97,669.766923076923,402,0.38095238095238093,0.0,0.3224489795918367
12958,400,2,467.34,233.67,45,0.0,0.0,0.5102040816326531
12959,484,1,150.95,150.95,8,0.5,0.0,0.25
12960,414,4,1322.07,330.51750000000004,49,0.0,0.0,0.4142857142857143
12961,379,1,211.99,211.99,37,0.0,0.0,0.5
12962,7,2,266.39,133.19500000000002,15,0.0,0.0,0.4375
12963,8,12,3235.79,269.64916666666664,129,0.14285714285714285,0.0,0.3505747126436782
12964,437,1,132.24,132.24,26,0.0,0.0,0.34615384615384615
12965,89,1,769.8100000000001,769.8100000000001,108,0.0,1.0,0.5092592592592593
12966,10,1,160.18,160.18,10,0.0,0.0,0.3
12967,358,3,2938.52,979.5066666666668,47,0.4,0.7076923076923077,0.36923076923076925
12968,112,1,135.95,135.95,5,0.0,0.0,0.4
12969,603,1,122.45,122.45,5,0.0,0.0,0.4
12970,7,10,1453.6,145.35999999999999,280,0.0,0.0,0.34202898550724636
12971,4,116,15704.6,135.3844827586207,102,0.03333333333333333,0.07371007371007371,0.538083538083538
12972,414,4,1161.2,290.3,69,0.3333333333333333,0.0,0.5454545454545454
12973,414,1,385.55,385.55,6,0.0,0.0,1.0
12974,198,2,408.95,204.475,27,0.0,0.75,0.375
12975,437,6,2100.09,350.01500000000004,92,0.25,0.20535714285714285,0.32142857142857145
12976,212,8,3156.38,394.5475,106,0.0,0.0,0.4090909090909091
12977,156,4,513.88,128.47,54,0.0,0.0,0.27586206896551724
12978,385,5,2502.82,500.564,126,0.16666666666666666,0.0,0.38650306748466257
12980,158,21,16245.78,773.6085714285715,7,0.19230769230769232,0.11538461538461539,0.36538461538461536
12981,30,2,372.21999999999997,186.11,12,0.0,0.0,0.45
12982,243,8,2744.81,343.10125,139,0.5294117647058824,0.0,0.42134831460674155
12983,598,1,490.08000000000004,490.08000000000004,30,0.0,0.0,0.26666666666666666
12984,19,1,97.5,97.5,4,0.0,0.0,0.5
12985,1,2,1239.38,619.69,73,0.3333333333333333,0.0,0.39473684210526316
12986,429,10,2729.84,272.98400000000004,61,0.16666666666666666,0.0,0.4215686274509804
12987,74,5,1312.21,262.442,61,0.16666666666666666,0.0,0.5303030303030303
12988,292,1,505.82,505.82,75,0.0,1.0,0.3855421686746988
12989,3,33,13551.75,410.65909090909093,50,0.15384615384615385,0.030927835051546393,0.29896907216494845
12990,31,7,955.5,136.5,9,0.0,0.0,0.5925925925925926
12991,23,3,764.82,254.93999999999997,45,0.0,0.0,0.4666666666666667
12992,725,1,93.35000000000001,93.35000000000001,6,0.0,0.0,0.6666666666666666
12993,23,8,1259.6299999999999,157.45374999999999,57,0.2,0.0,0.5
12994,4,3,974.4200000000001,324.8066666666667,52,0.4,0.0,0.5245901639344263
12995,85,1,211.32,211.32,3,0.5,0.0,1.0
12996,376,1,355.5,355.5,22,0.0,0.0,0.5454545454545454
12997,22,8,2110.91,263.86375,65,0.5,0.16822429906542055,0.40186915887850466
12998,493,3,920.08,306.6933333333333,58,0.25,0.0,0.25862068965517243
12999,196,3,455.88,151.96,25,0.0,0.0,0.8571428571428571
13000,107,4,1032.5,258.125,57,0.2,0.0,0.43548387096774194
13001,4,33,24042.65,728.5651515151516,300,0.10810810810810811,0.06699507389162561,0.3901477832512315
13002,318,3,414.13,138.04333333333332,19,0.0,0.0,0.5652173913043478
13003,106,3,149.05,49.68333333333334,4,0.0,0.0,0.5
13004,12,36,11650.85,323.63472222222225,417,0.21739130434782608,0.08588957055214724,0.3312883435582822
13005,174,4,999.68,249.92000000000002,41,0.3333333333333333,0.14285714285714285,0.5892857142857143
13006,56,1,81.57,81.57,4,0.0,0.0,0.75
13007,580,1,175.25,175.25,11,0.0,1.0,0.36363636363636365
13008,323,3,612.13,204.04333333333332,31,0.5714285714285714,0.2857142857142857,0.5142857142857142
13009,673,1,234.0,234.0,4,0.0,0.0,0.5
13010,374,2,330.12,165.06,10,0.0,0.0,0.75
13011,372,1,50.550000000000004,50.550000000000004,3,0.0,0.0,0.3333333333333333
13012,9,11,2957.83,268.89363636363635,95,0.26666666666666666,0.0,0.29411764705882354
13013,1,29,11097.43,382.67,289,0.06451612903225806,0.0,0.44763860369609854
13014,11,11,5381.08,489.1890909090909,140,0.3888888888888889,0.5133928571428571,0.5178571428571429
13015,53,11,6579.78,598.1618181818181,260,0.21428571428571427,0.04310344827586207,0.5431034482758621
13016,73,3,789.89,263.2966666666667,39,0.0,0.0,0.48936170212765956
13017,7,1,204.0,204.0,1,0.0,0.0,1.0
13018,16,35,9763.16,278.9474285714286,401,0.05405405405405406,0.14759535655058043,0.42786069651741293
13019,379,6,1229.95,204.99166666666667,46,0.25,0.36363636363636365,0.5272727272727272
13020,563,2,618.96,309.48,38,0.6,0.0,0.4358974358974359
13021,4,17,4887.24,287.48470588235296,166,0.2916666666666667,0.25680933852140075,0.3151750972762646
13023,64,3,1449.03,483.01,69,0.0,0.0,0.4473684210526316
13024,471,2,555.87,277.935,26,0.3333333333333333,0.0,0.3548387096774194
13025,732,1,323.39,323.39,13,0.0,0.0,0.5384615384615384
13026,1,9,1733.08,192.56444444444446,52,0.3076923076923077,0.47560975609756095,0.1951219512195122
13027,114,19,17239.2,907.3263157894737,7,0.17391304347826086,0.058823529411764705,0.6470588235294118
13028,23,2,661.3199999999999,330.65999999999997,40,0.3333333333333333,0.0,0.2222222222222222
13029,31,5,1927.3,385.46,13,0.0,0.5882352941176471,0.4117647058823529
13030,11,2,752.4399999999999,376.22,76,0.0,0.0,0.4673913043478261
13031,407,5,3292.84,658.568,275,0.0,0.0,0.48402948402948404
13032,52,9,2815.96,312.88444444444445,147,0.18181818181818182,0.3140096618357488,0.40096618357487923
13033,357,2,220.55,110.275,12,0.0,0.0,0.8461538461538461
13034,55,3,756.82,252.2733333333333,42,0.0,0.8409090909090909,0.5227272727272727
13035,74,3,1364.2,454.73333333333335,27,0.25,0.0,0.5
13036,685,1,307.1,307.1,6,0.0,1.0,0.3333333333333333
13037,138,12,3914.9500000000003,326.24583333333334,181,0.25,0.06465517241379311,0.3275862068965517
13038,80,3,908.46,302.82,24,0.0,0.0,0.6071428571428571
13039,584,4,1010.73,252.6825,37,0.0,0.0,0.43636363636363634
13040,9,2,676.99,338.495,38,0.0,0.4883720930232558,0.4418604651162791
13041,451,4,799.13,199.7825,23,0.0,0.0,0.22857142857142856
13042,598,3,1488.59,496.19666666666666,164,0.25,0.0,0.30978260869565216
13043,273,1,516.42,516.42,13,0.5,0.0,1.0
13044,291,11,4848.05,440.7318181818182,356,0.15384615384615385,0.4951923076923077,0.43028846153846156
13045,99,3,808.92,269.64000000000004,41,0.0,0.0,0.5777777777777777
13046,31,3,949.25,316.4166666666667,50,0.0,0.0,0.375
13047,32,24,8428.53,351.18875,190,0.42857142857142855,0.14285714285714285,0.3835978835978836
13048,14,9,4049.13,449.90333333333336,125,0.3076923076923077,0.1509433962264151,0.47547169811320755
13049,64,4,1408.24,352.06,19,0.2,0.0,0.6923076923076923
13050,15,35,11986.52,342.47200000000004,513,0.38596491228070173,0.36077235772357724,0.43089430894308944
13051,579,2,155.8,77.9,4,0.0,0.0,1.0
13052,212,7,3119.33,445.61857142857144,161,0.0,0.0,0.3346774193548387
13053,622,1,127.65,127.65,17,0.0,1.0,0.35294117647058826
13055,78,4,2321.11,580.2775,145,0.3333333333333333,0.0,0.3246753246753247
13056,551,1,209.48,209.48,18,0.0,1.0,0.2631578947368421
13057,530,3,709.59,236.53,34,0.25,0.05,0.325
13058,25,3,271.40000000000003,90.46666666666665,5,0.0,0.0,0.5
13059,250,10,2291.77,229.177,155,0.16666666666666666,0.19696969696969696,0.36363636363636365
13060,254,1,307.53,307.53,15,0.0,0.0,0.3333333333333333
13061,72,1,248.61,248.61,10,0.0,0.0,0.6
13062,191,1,346.98,346.98,11,0.0,0.0,0.36363636363636365
13063,481,1,188.4,188.4,12,0.0,0.0,0.4166666666666667
13064,13,6,1666.8400000000001,277.8066666666667,58,0.0,0.6021505376344086,0.20430107526881722
13065,373,5,1055.05,211.01000000000005,49,0.16666666666666666,0.0,0.43548387096774194
13066,24,2,470.8,235.4,48,0.3333333333333333,0.0,0.3333333333333333
13067,82,3,508.51,169.50333333333333,24,0.0,0.84375,0.46875
13068,10,2,344.0,172.0,1,0.0,0.0,1.0
13069,1,38,9284.45,244.32763157894738,573,0.09523809523809523,0.27360308285163776,0.38439306358381503
13070,192,4,751.7,187.925,12,0.2,0.0,0.42424242424242425
13071,612,1,129.22,129.22,12,0.0,0.0,0.5833333333333334
13072,267,1,177.15,177.15,7,0.0,0.0,1.0
13073,411,2,418.08,209.04,25,0.0,0.2222222222222222,0.5185185185185185
13074,511,4,1378.74,344.685,26,0.2,0.0,0.3793103448275862
13075,130,1,919.61,919.61,22,0.0,0.0,0.6363636363636364
13076,458,1,135.4,135.4,9,0.0,0.0,0.7777777777777778
13077,1,11,2740.65,249.15,208,0.21428571428571427,0.0,0.23636363636363636
13078,3,57,29018.06,509.0887719298246,153,0.4,0.10998735777496839,0.3868520859671302
13079,4,6,419.18,69.86333333333333,11,0.0,0.11764705882352941,0.47058823529411764
13080,179,4,280.73,70.1825,17,0.2,0.0,0.3157894736842105
13081,12,28,56838.37,2029.9417857142857,738,0.36363636363636365,0.008771929824561403,0.36403508771929827
13082,126,21,7335.75,349.32142857142856,99,0.16,0.007751937984496124,0.4806201550387597
13083,4,3,395.43,131.81,19,0.0,0.8181818181818182,0.5909090909090909
13084,492,1,122.39999999999999,122.39999999999999,2,0.5,0.0,1.0
13085,158,8,2433.28,304.15999999999997,50,0.2,0.0,0.5238095238095238
13086,383,1,439.33000000000004,439.33000000000004,47,0.0,0.0,0.3191489361702128
13087,726,1,313.64,313.64,15,0.0,1.0,0.4
13088,417,1,236.11,236.11,19,0.0,0.0,0.45
13089,3,203,113416.91,558.7039901477833,857,0.17813765182186234,0.0579185520361991,0.3945701357466063
13090,9,24,13091.74,545.4891666666666,163,0.2,0.040145985401459854,0.4854014598540146
13091,28,3,2321.82,773.94,41,0.5,0.0,0.24444444444444444
13092,71,12,2140.28,178.35666666666668,52,0.2,0.02857142857142857,0.3333333333333333
13093,276,55,54144.25,984.4409090909091,199,0.375,0.13789778206364514,0.5737704918032787
13094,21,13,2209.44,169.9569230769231,5,0.23529411764705882,0.10344827586206896,0.5517241379310345
13095,71,1,74.39999999999999,74.39999999999999,6,0.0,0.0,0.5
13096,394,1,419.70000000000005,419.70000000000005,1,0.0,0.0,1.0
13097,33,28,13324.1,475.8607142857143,390,0.3,0.1205179282868526,0.3954183266932271
13098,1,28,28882.44,1031.5157142857142,156,0.3170731707317073,0.012237762237762238,0.4160839160839161
13099,99,1,207.35999999999999,207.35999999999999,1,0.0,0.0,1.0
13101,234,4,695.4,173.85,48,0.0,0.0,0.29411764705882354
13102,1,37,11380.1,307.57027027027027,212,0.11904761904761904,0.10602910602910603,0.6694386694386695
13103,40,3,709.64,236.5466666666667,27,0.0,0.0,0.6363636363636364
13104,3,9,1709.1,189.89999999999998,15,0.0,0.0,0.36666666666666664
13105,436,1,72.0,72.0,1,0.0,0.0,1.0
13106,133,2,603.46,301.73,15,0.3333333333333333,0.0,1.0
13107,44,9,5253.07,583.6744444444444,142,0.4,0.0,0.4606741573033708
13108,373,2,748.46,374.23,27,0.0,0.0,0.8285714285714286
13109,60,3,1134.03,378.01,57,0.5714285714285714,0.32857142857142857,0.4714285714285714
13110,31,12,2957.4700000000003,246.45583333333335,167,0.14285714285714285,0.12698412698412698,0.39285714285714285
13111,719,1,321.88000000000005,321.88000000000005,12,0.0,0.0,0.4166666666666667
13112,541,1,20.6,20.6,2,0.6666666666666666,0.0,1.0
13113,1,37,18230.07,492.7045945945946,166,0.38333333333333336,0.3421750663129973,0.4986737400530504
13114,731,1,234.38,234.38,16,0.0,0.0,0.3125
13115,12,10,5494.7,549.47,178,0.5652173913043478,0.0,0.4140127388535032
13116,138,1,501.14,501.14,30,0.5,1.0,0.36666666666666664
13117,22,18,2255.66,125.31444444444443,122,0.05263157894736842,0.030864197530864196,0.3395061728395062
13118,20,9,2415.41,268.37888888888887,111,0.25,0.6554054054054054,0.33783783783783783
13119,669,1,134.9,134.9,11,0.0,0.0,0.2727272727272727
13120,239,1,30.599999999999998,30.599999999999998,1,0.0,0.0,1.0
13121,269,1,283.73,283.73,50,0.5,0.0,0.54
13122,94,2,922.39,461.195,54,0.0,0.0,0.5454545454545454
13123,473,2,506.75,253.375,36,0.0,0.0,0.26666666666666666
13124,90,4,4641.66,1160.415,216,0.0,0.2791519434628975,0.46996466431095407
13125,524,1,148.62,148.62,20,0.0,1.0,0.45
13126,5,13,3774.81,290.37,183,0.3157894736842105,0.0,0.31932773109243695
13127,78,1,259.17,259.17,15,0.0,0.0,0.4666666666666667
13128,631,1,263.5,263.5,1,0.0,0.0,1.0
13129,452,2,233.25,116.625,10,0.0,0.0,0.45454545454545453
13130,94,1,64.0,64.0,2,0.0,0.0,1.0
13131,23,7,3313.77,473.3957142857143,107,0.125,0.31543624161073824,0.5503355704697986
13132,262,1,77.3,77.3,3,0.0,0.0,0.6666666666666666
13133,274,3,200.45000000000002,66.81666666666668,12,0.0,0.0,0.3333333333333333
13134,86,6,2475.23,412.53833333333336,110,0.3333333333333333,0.0,0.2396694214876033
13135,197,2,3371.45,1685.725,18,0.0,0.0,0.3888888888888889
13136,56,13,6274.56,482.65846153846155,204,0.4583333333333333,0.23492063492063492,0.3396825396825397
13137,11,16,7586.94,474.18375000000003,628,0.058823529411764705,0.5530846484935438,0.3744619799139168
13138,22,7,1274.01,182.00142857142856,41,0.125,0.0,0.47058823529411764
13139,16,8,8202.98,1025.3725,214,0.1111111111111111,0.10943396226415095,0.39622641509433965
13140,108,5,1054.92,210.98399999999998,89,0.0,0.0,0.4
13141,85,17,7656.08,450.35764705882355,285,0.19047619047619047,0.0,0.5377358490566038
13142,19,1,307.09,307.09,23,0.0,1.0,0.5217391304347826
13143,585,1,405.1,405.1,23,0.5,0.0,0.43478260869565216
13144,333,2,135.35,67.675,6,0.0,0.0,0.5
13145,40,7,1128.52,161.21714285714285,5,0.125,0.1111111111111111,0.5555555555555556
13146,26,1,228.91,228.91,16,0.0,1.0,0.4117647058823529
13147,10,4,712.8000000000001,178.20000000000002,1,0.0,0.0,1.0
13148,29,26,8497.82,326.83923076923077,451,0.2777777777777778,0.3800786369593709,0.41546526867627787
13149,14,4,1676.06,419.015,76,0.0,0.0,0.37209302325581395
13150,484,3,449.96999999999997,149.98999999999998,7,0.25,0.0,0.375
13151,296,3,2465.21,821.7366666666667,131,0.4,0.0,0.41139240506329117
13152,417,7,2146.38,306.6257142857143,114,0.2222222222222222,0.3037037037037037,0.42962962962962964
13153,6,1,486.22,486.22,15,0.0,1.0,0.8
13154,399,3,1624.84,541.6133333333333,78,0.4,0.0,0.41935483870967744
13155,33,6,1370.48,228.41333333333333,79,0.0,0.05357142857142857,0.5446428571428571
13156,385,3,1586.54,528.8466666666667,94,0.0,0.0,0.40384615384615385
13157,49,9,5687.36,631.9288888888889,173,0.1,0.23107569721115537,0.5617529880478087
13158,95,5,1508.18,301.636,70,0.0,0.0,0.42
13159,9,4,1429.35,357.3375,114,0.2,0.0,0.31666666666666665
13160,22,1,91.8,91.8,4,0.0,0.0,0.5
13161,313,2,472.13,236.065,30,0.0,0.24242424242424243,0.3939393939393939
13162,122,16,9275.49,579.718125,186,0.15789473684210525,0.23109243697478993,0.20588235294117646
13163,610,1,17.65,17.65,2,0.5,0.0,0.5
13164,569,2,372.2,186.10000000000002,7,0.3333333333333333,0.0,0.6
13165,46,3,1451.16,483.72,47,0.0,0.0,0.2653061224489796
13166,283,2,875.93,437.96500000000003,55,0.3333333333333333,0.0,0.75
13167,19,5,1125.15,225.03000000000003,64,0.0,0.19753086419753085,0.38271604938271603
13168,36,5,1840.73,368.146,127,0.16666666666666666,0.1329479768786127,0.2543352601156069
13169,64,3,840.08,280.02666666666664,16,0.0,0.0,0.7222222222222222
13170,27,1,108.81,108.81,29,0.0,1.0,0.36666666666666664
13171,22,3,468.41,156.13666666666666,37,0.4,0.5,0.45652173913043476
13172,400,1,69.6,69.6,1,0.0,0.0,1.0
13173,4,11,2399.82,218.16545454545457,160,0.15384615384615385,0.0,0.24074074074074073
13174,16,12,7995.36,666.28,602,0.0,0.16204690831556504,0.3315565031982942
13175,582,2,831.45,415.72499999999997,40,0.5,0.0,0.391304347826087
13176,46,1,481.49,481.49,66,0.0,0.0,0.26865671641791045
13177,65,2,512.2,256.1,23,0.0,0.0,0.8
13178,26,21,14059.19,669.4852380952382,194,0.16,0.11353711790393013,0.38427947598253276
13179,619,1,572.3100000000001,572.3100000000001,34,0.0,0.0,0.6470588235294118
13180,607,1,86.10000000000001,86.10000000000001,4,0.0,1.0,0.5
13181,381,1,359.69,359.69,19,0.0,0.0,0.631578947368421
13182,45,1,121.18,121.18,11,0.0,0.0,0.5454545454545454
13183,8,15,7036.18,469.07866666666666,64,0.16666666666666666,0.2564102564102564,0.4166666666666667
13184,15,10,1668.95,166.895,138,0.16666666666666666,0.0,0.36312849162011174
13185,268,1,71.4,71.4,1,0.0,0.0,1.0
13186,40,3,1575.89,525.2966666666667,69,0.4,0.0,0.3291139240506329
13187,337,4,341.36,85.34,51,0.2,0.0,0.23214285714285715
13188,11,1,114.60000000000001,114.60000000000001,2,0.0,0.0,1.0
13189,19,2,260.68,130.34,29,0.0,0.0,0.2413793103448276
13190,544,3,570.66,190.22,16,0.25,0.7647058823529411,0.47058823529411764
13191,658,1,164.69,164.69,58,0.0,0.0,0.288135593220339
13192,95,6,2558.58,426.43,135,0.25,0.0,0.5246913580246914
13193,61,1,112.08,112.08,22,0.0,1.0,0.44
13194,136,2,472.78,236.39,10,0.0,0.0,0.5
13195,414,1,136.73,136.73,43,0.0,0.0,0.45652173913043476
13196,11,7,3068.84,438.4057142857143,141,0.125,0.0,0.6117021276595744
13197,610,1,373.01000000000005,373.01000000000005,19,0.0,0.0,0.5789473684210527
13198,10,8,4974.2300000000005,621.77875,265,0.3333333333333333,0.0,0.36942675159235666
13199,4,67,15964.210000000001,238.2717910447761,61,0.028985507246376812,0.014778325123152709,0.3891625615763547
13200,19,4,870.09,217.5225,42,0.0,0.043478260869565216,0.5
13201,502,4,1233.06,308.265,65,0.0,0.3023255813953488,0.3488372093023256
13202,394,7,1580.3,225.7571428571429,55,0.125,0.13043478260869565,0.2463768115942029
13203,10,10,2648.25,264.825,158,0.09090909090909091,0.14201183431952663,0.378698224852071
13204,731,1,966.6600000000001,966.6600000000001,57,0.0,0.0,0.49122807017543857
13205,443,1,2803.2,2803.2,1,0.0,0.0,1.0
13206,400,13,8308.19,639.0915384615384,393,0.13333333333333333,0.026501766784452298,0.3303886925795053
13207,15,4,535.86,133.965,10,0.0,0.0,0.7692307692307693
13208,59,9,1976.3,219.58888888888887,198,0.1,0.0,0.3134920634920635
13209,30,13,8509.51,654.5776923076924,284,0.1875,0.08743169398907104,0.505464480874317
13210,94,1,353.48,353.48,22,0.0,0.0,0.5909090909090909
13211,10,10,2618.77,261.877,98,0.16666666666666666,0.5074626865671642,0.4975124378109453
13212,20,3,786.83,262.2766666666667,128,0.25,1.0,0.3475177304964539
13213,57,11,3851.52,350.13818181818186,181,0.21428571428571427,0.16666666666666666,0.37254901960784315
13214,418,7,3264.23,466.31857142857143,207,0.0,0.034934497816593885,0.388646288209607
13215,402,1,81.6,81.6,1,0.0,0.0,1.0
13216,268,1,333.74,333.74,5,0.0,0.0,0.6
13217,122,4,666.48,166.62,3,0.3333333333333333,0.4,0.6
13218,127,1,62.63999999999999,62.63999999999999,5,0.0,0.0,0.4
13219,618,1,76.23,76.23,11,0.0,0.0,0.36363636363636365
13220,78,5,1336.0900000000001,267.21799999999996,46,0.0,0.018867924528301886,0.5094339622641509
13221,240,2,847.41,423.70500000000004,62,0.0,0.0,0.36363636363636365
13222,577,1,88.5,88.5,1,0.0,0.0,1.0
13223,200,6,969.1200000000001,161.52,8,0.0,0.3076923076923077,0.38461538461538464
13224,60,2,2155.95,1077.975,101,0.3333333333333333,0.0,0.3148148148148148
13225,3,16,16260.07,1016.2543750000001,60,0.058823529411764705,0.152,0.36
13226,273,2,312.46,156.23000000000002,28,0.0,0.0,0.2857142857142857
13227,202,1,257.7,257.7,9,0.0,1.0,0.5555555555555556
13228,81,1,358.0,358.0,2,0.0,0.0,1.0
13229,226,1,160.95,160.95,10,0.0,0.0,0.5
13230,4,30,6120.01,204.00033333333334,653,0.03225806451612903,0.4260591526778577,0.3749000799360512
13232,13,7,1328.35,189.7642857142857,147,0.0,0.6386138613861386,0.43564356435643564
13233,74,4,1176.46,294.115,74,0.0,0.0,0.21052631578947367
13234,673,2,346.5,173.25,56,0.0,0.0,0.2786885245901639
13235,212,1,1031.07,1031.07,53,0.5,0.0,0.29310344827586204
13236,24,2,744.85,372.425,34,0.3333333333333333,0.0,0.3611111111111111
13237,388,1,643.0,643.0,24,0.0,0.0,0.2916666666666667
13238,17,6,1006.63,167.77166666666668,24,0.14285714285714285,0.0,0.2978723404255319
13239,262,5,1594.69,318.938,86,0.16666666666666666,0.17204301075268819,0.3118279569892473
13240,96,8,1475.79,184.47375,160,0.1111111111111111,0.7761194029850746,0.373134328358209
13241,412,1,112.53,112.53,40,0.0,1.0,0.6
13242,112,7,699.4,99.91428571428571,19,0.0,0.2571428571428571,0.2571428571428571
13243,203,5,1220.38,244.07600000000002,165,0.0,0.0,0.5317073170731708
13244,93,1,121.74000000000001,121.74000000000001,27,0.0,0.0,0.4074074074074074
13245,51,2,989.22,494.61,43,0.0,0.6444444444444445,0.4222222222222222
13246,18,11,3351.75,304.70454545454544,229,0.21428571428571427,0.06199460916442048,0.38005390835579517
13247,18,4,501.12,125.28,18,0.0,0.56,0.64
13248,125,2,465.68,232.83999999999997,25,0.0,0.19230769230769232,0.46153846153846156
13249,92,9,1608.93,178.77,21,0.0,0.11428571428571428,0.42857142857142855
13250,461,2,253.09,126.545,17,0.3333333333333333,1.0,0.47368421052631576
13251,402,1,252.68,252.68,25,0.0,0.0,0.36
13252,394,2,399.3,199.64999999999998,19,0.3333333333333333,0.0,0.3157894736842105
13253,157,4,2951.11,737.7775,73,0.0,0.0,0.30666666666666664
13254,376,1,51.410000000000004,51.410000000000004,4,0.0,1.0,0.5
13255,9,3,678.76,226.25333333333333,26,0.25,0.0,0.34615384615384615
13257,436,1,149.75,149.75,7,0.6666666666666666,0.0,0.8571428571428571
13258,12,5,1009.43,201.886,29,0.0,0.0,0.5227272727272727
13259,62,9,1402.54,155.83777777777777,234,0.0,0.9744408945686901,0.36421725239616615
13260,61,1,557.62,557.62,8,0.0,1.0,0.75
13261,269,2,944.1,472.05,8,0.0,0.8888888888888888,0.4444444444444444
13262,263,3,573.45,191.15,48,0.0,0.52,0.4
13263,1,39,8676.2,222.4666666666667,507,0.0,0.05774278215223097,0.32230971128608926
13264,443,1,722.5600000000001,722.5600000000001,38,0.0,0.0,0.2894736842105263
13265,53,5,2092.66,418.53200000000004,66,0.0,0.0,0.4666666666666667
13266,11,19,6135.04,322.89684210526315,154,0.36666666666666664,0.05537459283387622,0.3322475570032573
13267,3,36,9429.81,261.93916666666667,152,0.28,0.0681265206812652,0.36009732360097324
13268,18,11,3174.75,288.6136363636364,257,0.26666666666666666,0.0,0.3856812933025404
13269,1,28,8537.32,304.9042857142857,238,0.06666666666666667,0.26337448559670784,0.49588477366255146
13270,366,1,590.0,590.0,1,0.0,0.0,1.0
13271,37,1,211.49,211.49,79,0.5,0.0,0.4482758620689655
13272,31,2,276.56,138.28,15,0.0,0.5333333333333333,0.4
13273,113,1,138.98,138.98,16,0.0,0.0,0.375
13274,409,1,360.85,360.85,19,0.0,0.0,0.47368421052631576
13275,384,2,238.86,119.43,48,0.0,0.08333333333333333,0.2916666666666667
13276,64,5,1891.91,378.382,209,0.2857142857142857,0.8744769874476988,0.4811715481171548
13277,16,7,523.3,74.75714285714285,10,0.0,0.0,0.7391304347826086
13278,41,4,1435.85,358.9625,80,0.2,0.42592592592592593,0.3148148148148148
13279,78,1,137.75,137.75,9,0.5,0.0,0.6666666666666666
13280,122,7,2293.33,327.61857142857144,159,0.125,0.0,0.3804878048780488
13281,439,1,350.85,350.85,22,0.6666666666666666,1.0,0.4090909090909091
13282,18,4,1313.19,328.2975,42,0.42857142857142855,0.0,0.6470588235294118
13283,60,4,373.36,93.34,19,0.0,0.0,0.5
13284,331,1,201.19,201.19,13,0.5,0.0,0.3076923076923077
13285,23,6,3364.59,560.765,182,0.0,0.09956709956709957,0.4675324675324675
13286,600,1,734.91,734.91,46,0.0,1.0,0.3877551020408163
13287,603,3,781.59,260.53000000000003,46,0.5714285714285714,0.0,0.3018867924528302
13288,443,5,927.61,185.522,7,0.16666666666666666,0.1,0.5
13289,724,1,307.95,307.95,16,0.0,0.0,0.625
13290,438,1,208.63,208.63,1,0.6666666666666666,0.0,1.0
13291,156,11,3270.79,297.3445454545454,155,0.0,0.0,0.330188679245283
13292,39,5,994.51,198.902,55,0.16666666666666666,0.0,0.3728813559322034
13293,392,6,1192.94,198.82333333333335,51,0.14285714285714285,0.06944444444444445,0.3194444444444444
13294,190,3,1689.53,563.1766666666666,93,0.0,0.0,0.5294117647058824
13295,360,4,1101.97,275.4925,56,0.5555555555555556,0.5522388059701493,0.5373134328358209
13296,137,6,792.51,132.085,50,0.0,0.0,0.3584905660377358
13297,8,7,4368.62,624.0885714285714,108,0.125,0.0,0.4634146341463415
13298,1,1,360.0,360.0,2,0.0,0.0,0.5
13299,268,3,1218.7,406.23333333333335,56,0.4,0.0,0.5967741935483871
13300,169,3,1285.51,428.50333333333333,44,0.4,0.0,0.43636363636363634
13301,104,4,618.09,154.5225,75,0.0,0.7037037037037037,0.32098765432098764
13302,155,2,159.2,79.6,3,0.0,0.0,0.6666666666666666
13303,400,1,61.72,61.72,4,0.0,0.0,0.5
13304,351,4,1217.99,304.4975,59,0.42857142857142855,0.0,0.34615384615384615
13305,4,16,3616.41,226.025625,153,0.0,0.045,0.325
13306,430,1,53.65,53.65,4,0.0,0.0,0.75
13307,120,3,273.34,91.11333333333334,15,0.0,0.0,0.3333333333333333
13308,23,4,1670.3700000000001,417.59250000000003,65,0.2,0.0,0.4225352112676056
13309,7,6,1706.3700000000001,284.395,95,0.0,0.0,0.36923076923076925
13310,28,5,1541.2,308.24,80,0.375,0.0,0.43157894736842106
13311,4,2,598.57,299.285,25,0.0,0.0,0.2692307692307692
13312,451,1,124.75,124.75,5,0.0,0.0,0.6
13313,22,12,3445.32,287.11,105,0.2,0.0748663101604278,0.29411764705882354
13314,2,3,775.94,258.6466666666667,55,0.25,0.0,0.4032258064516129
13315,689,1,310.26,310.26,22,0.0,0.0,0.2727272727272727
13316,37,10,12940.82,1294.0819999999999,115,0.16666666666666666,0.2138728323699422,0.5895953757225434
13317,66,19,6486.091,341.3732105263158,222,0.3870967741935484,0.11627906976744186,0.375
13318,1,3,640.76,213.58666666666667,14,0.0,0.15,0.5
13319,5,58,21323.22,367.6417241379311,345,0.2564102564102564,0.059588299024918745,0.4312026002166847
13320,78,6,2211.6,368.59999999999997,98,0.3333333333333333,0.0,0.5369127516778524
13321,72,2,567.36,283.68,10,0.0,0.0,0.2727272727272727
13322,17,1,199.48000000000002,199.48000000000002,25,0.0,0.0,0.32
13323,3,5,787.85,157.57,6,0.0,0.0,0.3333333333333333
13324,36,18,10513.47,584.0816666666666,36,0.21739130434782608,0.20454545454545456,0.4166666666666667
13325,82,1,675.3,675.3,12,0.0,0.0,0.5
13326,432,1,281.76,281.76,13,0.0,1.0,0.6923076923076923
13327,39,20,9134.48,456.724,175,0.09090909090909091,0.10903426791277258,0.3956386292834891
13328,316,1,1308.48,1308.48,17,0.0,0.0,0.7647058823529411
13329,32,8,4808.77,601.09625,68,0.42857142857142855,0.0,0.3983050847457627
13330,93,6,2796.1,466.01666666666665,80,0.0,0.15384615384615385,0.5726495726495726
13331,402,1,262.4,262.4,12,0.0,0.0,0.8333333333333334
13332,14,1,350.9,350.9,21,0.0,0.0,0.42857142857142855
13333,411,3,1015.74,338.58000000000004,54,0.0,0.10909090909090909,0.6
13334,82,5,6201.8,1240.3600000000001,307,0.16666666666666666,0.10970464135021098,0.33122362869198313
13336,77,1,795.12,795.12,51,0.0,0.0,0.43137254901960786
13337,546,1,1575.26,1575.26,87,0.5,0.0,0.367816091954023
13338,158,4,2445.62,611.405,113,0.6,0.0,0.3046875
13339,201,1,860.12,860.12,54,0.0,0.0,0.3888888888888889
13340,45,12,22100.56,1841.7133333333334,190,0.0,0.11627906976744186,0.4
13341,261,1,775.85,775.85,42,0.0,0.0,0.6428571428571429
13343,178,1,353.43,353.43,19,0.5,0.0,0.47368421052631576
13344,68,3,2511.69,837.23,115,0.0,0.0,0.5258620689655172
13345,288,1,389.5,389.5,20,0.5,0.0,0.8
13346,463,6,299.4,49.9,4,0.0,0.0,0.5
13347,70,1,341.36,341.36,8,0.0,0.0,0.75
13348,64,1,233.76,233.76,14,0.0,0.0,0.7142857142857143
13349,11,1,247.32,247.32,16,0.0,0.0,0.375
13350,16,2,979.12,489.56000000000006,36,0.3333333333333333,0.0,0.425
13351,66,1,373.94,373.94,16,0.0,0.0,0.625
13352,60,1,397.97999999999996,397.97999999999996,24,0.5,0.0,0.3333333333333333
13354,71,1,743.53,743.53,51,0.0,0.0,0.49019607843137253
13355,122,1,674.7,674.7,32,0.0,0.0,0.375
13356,80,1,768.24,768.24,42,0.0,0.0,0.4523809523809524
13357,257,5,3805.5099999999998,761.1020000000001,284,0.0,0.22588832487309646,0.34517766497461927
13358,269,1,439.03,439.03,29,0.0,0.0,0.3448275862068966
13359,64,2,1043.31,521.655,52,0.5,0.0,0.5178571428571429
13360,432,4,1553.65,388.4125,58,0.42857142857142855,0.0,0.3484848484848485
13361,472,2,1450.5,725.25,29,0.0,0.0,0.23529411764705882
13362,9,7,5394.07,770.5814285714285,186,0.3,0.17114093959731544,0.34563758389261745
13363,18,3,1723.86,574.62,78,0.0,0.0,0.5098039215686274
13364,71,1,134.95999999999998,134.95999999999998,10,0.5,0.0,0.7
13365,34,2,2225.37,1112.685,122,0.5,0.6953125,0.453125
13366,50,1,56.160000000000004,56.160000000000004,1,0.0,0.0,1.0
13367,432,1,510.20000000000005,510.20000000000005,20,0.0,0.0,0.7
13368,257,4,1121.5,280.375,45,0.2,0.0,0.5769230769230769
13369,366,1,308.28000000000003,308.28000000000003,14,0.5,0.0,0.2857142857142857
13370,372,1,754.87,754.87,39,0.5,0.0,0.6923076923076923
13371,505,2,2297.66,1148.83,75,0.5,0.0,0.42391304347826086
13372,90,1,378.64,378.64,23,0.0,1.0,0.4782608695652174
13373,61,6,7587.1900000000005,1264.5316666666668,292,0.0,0.3128491620111732,0.4664804469273743
13374,415,2,422.8,211.4,17,0.0,0.0,0.5882352941176471
13375,89,2,1792.23,896.115,62,0.3333333333333333,0.0,0.5211267605633803
13376,99,3,1019.76,339.92,45,0.0,0.0,0.33962264150943394
13377,397,2,1552.88,776.44,71,0.5,0.0,0.32051282051282054
13379,26,3,572.56,190.85333333333332,85,0.0,0.865979381443299,0.4639175257731959
13380,433,1,62.4,62.4,3,0.0,1.0,0.6666666666666666
13381,32,12,8224.37,685.3641666666666,154,0.2,0.06460674157303371,0.398876404494382
13382,281,5,1387.58,277.51599999999996,74,0.0,0.0,0.45348837209302323
13383,544,1,305.28000000000003,305.28000000000003,1,0.0,0.0,1.0
13384,31,11,6680.83,607.3481818181818,192,0.26666666666666666,0.07954545454545454,0.42424242424242425
13385,330,1,534.57,534.57,35,0.0,0.0,0.42857142857142855
13386,414,2,835.46,417.73,24,0.0,0.0,0.5483870967741935
13387,417,1,186.94,186.94,71,0.0,0.0,0.36619718309859156
13388,131,3,1185.65,395.21666666666664,68,0.25,0.5072463768115942,0.4492753623188406
13389,11,3,797.96,265.9866666666667,50,0.0,0.0,0.29411764705882354
13390,75,1,544.08,544.08,13,0.0,0.0,0.38461538461538464
13391,204,1,59.8,59.8,1,0.0,0.0,1.0
13392,677,1,91.14,91.14,8,0.0,1.0,0.75
13393,584,4,1131.45,282.8625,53,0.3333333333333333,0.0,0.3333333333333333
13394,2,19,6621.7,348.5105263157895,254,0.20833333333333334,0.20048899755501223,0.3691931540342298
13395,185,3,1180.23,393.41,77,0.0,0.0,0.2962962962962963
13396,29,2,1360.99,680.495,42,0.5,0.0,0.3023255813953488
13397,73,10,3191.87,319.187,68,0.23076923076923078,0.02247191011235955,0.4606741573033708
13398,192,2,670.34,335.16999999999996,37,0.0,0.0,0.38461538461538464
13399,464,3,275.4,91.8,10,0.0,0.0,0.4666666666666667
13400,583,1,310.83,310.83,23,0.5,0.0,0.391304347826087
13402,127,4,1226.8500000000001,306.7125,55,0.0,0.0,0.5316455696202531
13403,18,3,229.5,76.5,9,0.0,0.0,0.4444444444444444
13404,1,2,252.49,126.245,11,0.0,0.0,0.7272727272727273
13405,74,6,1213.811,202.30183333333335,33,0.3333333333333333,0.11627906976744186,0.37209302325581395
13406,427,2,568.92,284.46,7,0.3333333333333333,0.0,0.4444444444444444
13407,579,3,2244.7,748.2333333333332,85,0.5,0.0,0.5647058823529412
13408,2,106,50174.782,473.347,321,0.21481481481481482,0.17070217917675545,0.39951573849878935
13410,24,9,2201.96,244.66222222222223,25,0.25,0.16,0.48
13411,107,1,213.55,213.55,17,0.0,0.0,0.3888888888888889
13412,620,1,487.34999999999997,487.34999999999997,33,0.0,0.0,0.38235294117647056
13413,640,6,429.44,71.57333333333334,38,0.25,0.06976744186046512,0.5116279069767442
13414,134,6,2494.14,415.69,48,0.14285714285714285,0.09090909090909091,0.23636363636363636
13415,473,4,784.17,196.04250000000002,85,0.2,0.0,0.3069306930693069
13416,44,3,940.8000000000001,313.59999999999997,16,0.0,0.0,0.4230769230769231
13417,5,6,1669.49,278.24833333333333,57,0.14285714285714285,0.0,0.4025974025974026
13418,12,31,11559.66,372.8922580645161,328,0.16216216216216217,0.027932960893854747,0.5493482309124768
13419,64,1,221.06,221.06,16,0.0,0.0,0.4375
13420,150,2,159.85,79.925,8,0.5,0.0,0.375
13421,40,8,4058.75,507.34375,174,0.2727272727272727,0.4075471698113208,0.41509433962264153
13422,64,1,2626.3,2626.3,127,0.5,0.0,0.4645669291338583
13423,429,1,217.03,217.03,12,0.0,0.0,0.5833333333333334
13424,450,1,572.77,572.77,40,0.5,0.0,0.575
13425,108,5,3390.4300000000003,678.086,124,0.375,0.2937853107344633,0.3954802259887006
13426,1,22,8167.38,371.24454545454546,162,0.08333333333333333,0.11370262390670553,0.4198250728862974
13427,19,6,1006.53,167.755,35,0.0,0.28846153846153844,0.4230769230769231
13428,10,3,478.54,159.51333333333332,122,0.0,0.0,0.3695652173913043
13429,11,4,1006.8,251.70000000000002,55,0.0,0.3582089552238806,0.4626865671641791
13430,19,2,679.45,339.725,48,0.5,0.0,0.4489795918367347
13431,67,8,3316.24,414.53,113,0.1111111111111111,0.0,0.5193798449612403
13432,571,2,439.1,219.55,98,0.0,0.0,0.42342342342342343
13433,501,4,658.3199999999999,164.57999999999998,22,0.2,0.0,0.375
13434,74,5,1666.8600000000001,333.372,17,0.0,0.3142857142857143,0.5428571428571428
13435,5,9,4447.33,494.1477777777778,96,0.18181818181818182,0.47651006711409394,0.31543624161073824
13436,2,1,196.89,196.89,12,0.0,0.0,0.4166666666666667
13437,14,7,3408.06,486.86571428571426,143,0.0,0.0,0.46107784431137727
13438,547,1,46.5,46.5,1,0.0,0.0,1.0
13439,255,3,986.61,328.87,132,0.0,0.0,0.3532934131736527
13440,423,7,1295.25,185.03571428571428,49,0.3,0.0,0.5932203389830508
13441,92,2,720.9,360.45,33,0.0,0.0,0.47368421052631576
13442,667,3,419.87,139.95666666666668,33,0.0,0.0,0.42105263157894735
13443,449,6,1273.16,212.1933333333333,176,0.14285714285714285,0.09,0.41
13444,374,2,619.08,309.54,51,0.0,0.0,0.631578947368421
13445,626,1,241.89999999999998,241.89999999999998,7,0.0,0.0,0.2857142857142857
13446,430,11,3881.89,352.89909090909094,113,0.3888888888888889,0.17708333333333334,0.3541666666666667
13447,23,3,1129.14,376.38000000000005,55,0.25,0.3728813559322034,0.4576271186440678
13448,17,13,8745.93,672.7638461538462,321,0.3157894736842105,0.12570356472795496,0.37523452157598497
13449,24,1,291.88,291.88,19,0.0,0.0,0.3684210526315789
13450,27,13,4120.04,316.92615384615385,57,0.07142857142857142,0.24489795918367346,0.6462585034013606
13451,26,11,7090.06,644.5509090909092,561,0.15384615384615385,0.5577299412915852,0.34637964774951074
13452,259,3,729.8,243.26666666666665,2,0.0,0.0,0.6666666666666666
13453,166,3,781.6899999999999,260.56333333333333,33,0.4,0.0,0.45
13454,641,1,219.87,219.87,23,0.0,0.0,0.6086956521739131
13455,25,6,2212.9900000000002,368.8316666666667,79,0.45454545454545453,0.38596491228070173,0.4473684210526316
13456,18,6,1766.72,294.4533333333333,43,0.14285714285714285,0.0,0.36507936507936506
13457,689,2,148.22,74.11,9,0.5,0.0,0.2222222222222222
13458,7,16,11959.27,747.454375,290,0.3333333333333333,0.0,0.422680412371134
13459,625,2,1160.4099999999999,580.2049999999999,57,0.0,0.0,0.3013698630136986
13460,29,2,183.44,91.72,16,0.0,0.0,0.35294117647058826
13461,39,6,4160.0,693.3333333333334,30,0.25,0.08064516129032258,0.3225806451612903
13462,253,5,1153.85,230.76999999999998,64,0.16666666666666666,0.0,0.36619718309859156
13464,58,6,3097.64,516.2733333333333,128,0.14285714285714285,0.0,0.6291390728476821
13465,446,2,931.12,465.56,34,0.0,1.0,0.35294117647058826
13466,184,5,1013.35,202.67,49,0.2857142857142857,0.2909090909090909,0.5818181818181818
13467,11,2,1071.91,535.9549999999999,89,0.0,0.0,0.32653061224489793
13468,2,72,12793.28,177.68444444444447,290,0.1724137931034483,0.027417027417027416,0.2611832611832612
13469,653,1,82.4,82.4,6,0.0,0.0,0.8333333333333334
13470,99,2,165.0,82.5,7,0.0,0.0,0.6
13471,1,4,2501.84,625.46,214,0.0,0.8503937007874016,0.38976377952755903
13472,464,2,592.24,296.12,24,0.0,0.0,0.35714285714285715
13473,61,8,2657.7599999999998,332.21999999999997,65,0.2,0.0,0.2571428571428571
13474,236,3,646.59,215.53,116,0.0,0.9682539682539683,0.36507936507936506
13475,191,4,1431.78,357.945,64,0.0,0.0,0.4069767441860465
13476,179,5,2061.4700000000003,412.29400000000004,86,0.2857142857142857,0.0,0.44339622641509435
13477,38,11,2819.17,256.28818181818184,112,0.15384615384615385,0.050955414012738856,0.3630573248407643
13478,469,5,2215.78,443.15600000000006,114,0.2857142857142857,0.2,0.384
13479,201,4,851.37,212.8425,45,0.42857142857142855,0.0,0.5094339622641509
13480,417,2,627.82,313.90999999999997,40,0.0,0.0,0.36585365853658536
13481,46,11,3830.84,348.2581818181818,162,0.21428571428571427,0.0,0.3794642857142857
13482,232,2,336.09,168.045,20,0.0,0.0,0.45
13483,66,1,140.34,140.34,10,0.0,0.0,0.8
13484,241,3,790.72,263.5733333333333,38,0.25,0.5128205128205128,0.3333333333333333
13485,233,11,3019.2200000000003,274.4745454545455,131,0.26666666666666666,0.056962025316455694,0.5759493670886076
13486,78,3,1122.41,374.1366666666666,69,0.0,0.0,0.34782608695652173
13487,58,5,846.87,169.374,31,0.0,0.12244897959183673,0.2653061224489796
13488,17,23,14205.96,617.6504347826087,370,0.20689655172413793,0.044182621502209134,0.4050073637702504
13489,105,4,449.52,112.38,11,0.0,0.0,0.5
13490,654,1,154.25,154.25,8,0.0,0.0,0.375
13491,52,27,4467.66,165.46888888888887,144,0.0,0.06513409961685823,0.28735632183908044
13494,312,1,316.26000000000005,316.26000000000005,18,0.0,0.0,0.4444444444444444
13495,8,10,4863.31,486.331,59,0.23076923076923078,0.0,0.3458646616541353
13496,11,2,653.33,326.66499999999996,28,0.3333333333333333,0.0,0.4857142857142857
13497,283,6,1166.83,194.47166666666666,52,0.14285714285714285,0.0,0.43103448275862066
13498,730,1,327.38,327.38,17,0.0,0.0,0.5294117647058824
13499,18,5,1159.11,231.82200000000003,31,0.2857142857142857,0.0,0.4523809523809524
13500,23,4,1466.3,366.575,77,0.2,0.0,0.4823529411764706
13502,17,5,780.5,156.1,28,0.16666666666666666,0.0,0.36363636363636365
13503,71,6,1859.24,309.87333333333333,158,0.5,0.0,0.30158730158730157
13504,64,1,295.93,295.93,22,0.0,0.0,0.5454545454545454
13506,316,5,1338.08,267.616,55,0.375,0.5308641975308642,0.3950617283950617
13507,3,4,2479.16,619.79,146,0.0,0.5061728395061729,0.43209876543209874
13508,244,2,287.05,143.52499999999998,27,0.0,1.0,0.25
13509,9,8,1114.72,139.34,27,0.0,0.0,0.40816326530612246
13510,1,11,4558.29,414.39,176,0.35294117647058826,0.1453287197231834,0.3044982698961938
13511,677,1,282.76,282.76,5,0.5,0.0,0.6
13512,261,4,713.39,178.3475,31,0.0,0.0,0.3333333333333333
13513,127,3,824.59,274.86333333333334,32,0.25,0.0,0.325
13514,74,4,815.9000000000001,203.97500000000002,15,0.0,0.23809523809523808,0.2857142857142857
13515,73,6,1265.82,210.97000000000003,64,0.0,0.17105263157894737,0.3684210526315789
13516,21,4,1685.26,421.315,55,0.0,0.0,0.4262295081967213
13517,60,3,2128.42,709.4733333333334,125,0.4,0.0,0.28368794326241137
13518,86,1,627.16,627.16,36,0.0,0.0,0.4444444444444444
13519,78,2,343.21,171.60500000000002,19,0.3333333333333333,0.0,0.6842105263157895
13521,1,3,1071.73,357.24333333333334,313,0.0,0.28708133971291866,0.3803827751196172
13522,30,1,125.80000000000001,125.80000000000001,5,0.0,0.0,0.8
13523,33,6,4534.57,755.7616666666667,177,0.14285714285714285,0.23383084577114427,0.5572139303482587
13524,41,5,680.1800000000001,136.036,17,0.0,0.37037037037037035,0.4074074074074074
13525,15,2,628.78,314.39,5,0.0,0.0,0.3333333333333333
13526,738,2,1182.0,591.0,29,0.5,0.0,0.5454545454545454
13527,34,12,4541.29,378.44083333333333,266,0.14285714285714285,0.7562076749435666,0.4785553047404063
13529,79,2,307.76,153.88,15,0.0,0.0,0.5333333333333333
13530,634,1,402.97999999999996,402.97999999999996,18,0.0,0.0,0.5
13531,205,6,1433.07,238.845,44,0.0,0.0,0.32
13532,34,1,210.31,210.31,66,0.0,1.0,0.4090909090909091
13533,183,3,269.09,89.69666666666666,61,0.0,0.0,0.4666666666666667
13534,2,35,7720.9,220.59714285714284,163,0.4166666666666667,0.0,0.2729591836734694
13535,403,1,89.5,89.5,1,0.0,0.0,1.0
13536,1,7,3444.39,492.0557142857143,91,0.0,0.702247191011236,0.42696629213483145
13537,426,2,717.85,358.925,38,0.0,0.38095238095238093,0.4523809523809524
13538,43,12,3103.13,258.5941666666667,105,0.0,0.04929577464788732,0.4225352112676056
13539,86,7,1569.3600000000001,224.19428571428574,69,0.2222222222222222,0.0,0.38372093023255816
13540,467,3,632.39,210.79666666666665,26,0.0,0.375,0.4375
13541,427,2,785.25,392.625,10,0.3333333333333333,0.0,0.4
13542,377,17,3959.4900000000002,232.91117647058826,98,0.05555555555555555,0.56797583081571,0.3504531722054381
13543,634,2,1439.6100000000001,719.8050000000001,37,0.0,0.0,0.2553191489361702
13544,40,6,790.2,131.70000000000002,219,0.14285714285714285,0.25630252100840334,0.35714285714285715
13545,391,2,364.93,182.465,54,0.3333333333333333,1.0,0.6296296296296297
13546,12,5,1086.24,217.248,95,0.0,0.25,0.32894736842105265
13547,408,1,167.08,167.08,44,0.0,0.0,0.5227272727272727
13548,96,3,901.44,300.47999999999996,169,0.0,0.6684782608695652,0.3967391304347826
13549,26,8,1005.8,125.725,44,0.1111111111111111,0.1864406779661017,0.3898305084745763
13550,383,1,342.55,342.55,40,0.0,1.0,0.38095238095238093
13551,319,2,244.2,122.1,5,0.0,0.0,0.4
13552,66,22,6948.92,315.86,162,0.3125,0.0,0.4927536231884058
13553,675,1,499.6,499.6,85,0.0,0.0,0.3146067415730337
13554,380,7,1629.35,232.7642857142857,156,0.3,0.030612244897959183,0.5816326530612245
13555,74,13,8891.84,683.9876923076923,264,0.1875,0.2367758186397985,0.49370277078085645
13556,429,2,200.82,100.41,8,0.0,0.0,0.7777777777777778
13557,28,13,3032.26,233.25076923076924,126,0.1875,0.1,0.3111111111111111
13558,6,4,594.52,148.63,123,0.0,0.7159763313609467,0.3905325443786982
13559,513,2,990.0,495.0,1,0.0,0.0,1.0
13560,7,1,171.42000000000002,171.42000000000002,32,0.0,0.0,0.375
13561,216,11,1803.4,163.94545454545457,131,0.0,0.777292576419214,0.31877729257641924
13562,82,8,4838.18,604.7725,88,0.0,0.0,0.23979591836734693
13563,84,2,777.53,388.765,49,0.0,0.0,0.32653061224489793
13564,144,37,16498.97,445.91810810810813,484,0.3148148148148148,0.23416666666666666,0.335
13565,19,3,414.8,138.26666666666665,45,0.0,1.0,0.4
13566,41,5,1688.6,337.71999999999997,263,0.0,0.6612021857923497,0.2923497267759563
13567,428,4,1079.29,269.8225,180,0.2,0.0,0.472636815920398
13568,173,1,187.05,187.05,41,0.0,1.0,0.23255813953488372
13569,17,4,726.54,181.635,140,0.0,0.0,0.46368715083798884
13570,243,1,239.49,239.49,27,0.0,1.0,0.3333333333333333
13571,13,26,4537.26,174.51000000000002,263,0.0,0.2823179791976226,0.399702823179792
13572,206,1,1384.25,1384.25,32,0.0,0.0,0.5454545454545454
13573,50,6,904.52,150.75333333333333,73,0.0,0.0,0.3103448275862069
13574,411,1,404.45,404.45,84,0.0,1.0,0.3956043956043956
13575,23,5,732.0699999999999,146.414,41,0.0,0.0,0.41304347826086957
13576,10,28,11202.59,400.09250000000003,145,0.125,0.048507462686567165,0.332089552238806
13577,25,11,3489.28,317.20727272727277,102,0.21428571428571427,0.0,0.23809523809523808
13578,409,1,147.66,147.66,9,0.0,0.0,0.6666666666666666
13579,15,5,1374.34,274.86800000000005,72,0.16666666666666666,0.1111111111111111,0.4691358024691358
13580,406,1,107.75,107.75,5,0.0,0.0,0.8
13581,309,2,280.53000000000003,140.265,32,0.0,0.0,0.36363636363636365
13582,390,2,241.68,120.84,10,0.0,0.0,0.5454545454545454
13583,156,2,1445.031,722.5155,93,0.0,0.0,0.3020833333333333
13584,307,3,385.7,128.5666666666667,74,0.4,0.3,0.3625
13585,531,3,684.54,228.17999999999998,29,0.25,0.46153846153846156,0.4358974358974359
13586,541,1,127.28,127.28,20,0.0,0.0,0.45
13587,64,4,1673.5,418.375,27,0.3333333333333333,0.3333333333333333,0.4666666666666667
13588,16,9,2478.95,275.43888888888887,131,0.3076923076923077,0.0,0.5
13589,15,6,1120.74,186.79,48,0.0,0.38461538461538464,0.46153846153846156
13590,11,18,6336.04,352.0022222222222,255,0.14285714285714285,0.19950738916256158,0.37438423645320196
13591,65,7,2093.94,299.13428571428574,89,0.125,0.0,0.5148514851485149
13592,36,4,247.95999999999998,61.989999999999995,15,0.0,0.375,0.4375
13593,108,14,5493.29,392.3778571428571,212,0.125,0.25735294117647056,0.3014705882352941
13594,53,2,533.32,266.66,31,0.3333333333333333,0.0,0.42424242424242425
13595,517,3,784.48,261.49333333333334,114,0.0,0.27972027972027974,0.3986013986013986
13596,6,2,664.11,332.055,133,0.0,1.0,0.4383561643835616
13597,400,2,396.71,198.355,17,0.3333333333333333,0.0,0.35294117647058826
13598,47,5,761.96,152.392,78,0.16666666666666666,0.7934782608695652,0.25
13599,1,33,9811.04,297.30424242424243,235,0.36538461538461536,0.0,0.42091836734693877
13600,312,2,518.42,259.21,35,0.0,0.0,0.24390243902439024
13601,45,4,1159.99,289.9975,160,0.0,0.0,0.2918918918918919
13602,65,4,1025.17,256.2925,49,0.0,0.0,0.5862068965517241
13603,26,1,164.34,164.34,27,0.0,1.0,0.4444444444444444
13604,659,1,717.62,717.62,21,0.5,0.0,0.3333333333333333
13605,387,2,522.67,261.33500000000004,50,0.0,0.0,0.39622641509433965
13606,29,3,276.75,92.24999999999999,40,0.0,0.85,0.525
13607,40,2,1075.81,537.905,110,0.3333333333333333,0.8016528925619835,0.3884297520661157
13608,541,1,232.05,232.05,31,0.0,0.0,0.4411764705882353
13609,593,1,167.35,167.35,7,0.0,1.0,0.42857142857142855
13610,12,14,2103.71,150.26500000000001,309,0.17647058823529413,0.5388471177944862,0.3233082706766917
13611,89,10,3297.9300000000003,329.793,170,0.2857142857142857,0.17699115044247787,0.3938053097345133
13612,633,1,818.29,818.29,50,0.5,0.0,0.44
13613,453,5,1039.8500000000001,207.96999999999997,50,0.0,0.0,0.3728813559322034
13614,24,6,2332.74,388.78999999999996,227,0.0,0.22727272727272727,0.4318181818181818
13615,319,8,6272.53,784.06625,259,0.3333333333333333,0.0653950953678474,0.5313351498637602
13616,568,2,283.85,141.925,31,0.0,0.5714285714285714,0.45714285714285713
13617,40,8,1278.75,159.84375,48,0.1111111111111111,0.5981308411214953,0.3177570093457944
13618,174,1,177.34,177.34,13,0.0,1.0,0.3076923076923077
13619,545,2,224.94,112.47,39,0.0,0.5111111111111111,0.35555555555555557
13620,528,1,112.34,112.34,5,0.0,0.0,0.6
13621,117,1,213.85,213.85,19,0.0,0.0,0.3684210526315789
13622,696,1,658.95,658.95,32,0.5,0.0,0.375
13623,31,10,2533.06,253.30599999999998,211,0.3333333333333333,0.035211267605633804,0.24295774647887325
13624,388,1,462.08,462.08,22,0.5,0.0,0.4090909090909091
13625,597,1,301.26,301.26,21,0.0,0.0,0.47619047619047616
13626,253,2,707.04,353.52,44,0.3333333333333333,0.0,0.5909090909090909
13627,59,7,2245.9,320.84285714285716,118,0.3,0.16279069767441862,0.3798449612403101
13628,676,1,310.14,310.14,16,0.0,0.0,0.5
13629,23,19,13370.86,703.7294736842106,28,0.0,0.06896551724137931,0.5057471264367817
13630,5,7,2031.78,290.2542857142857,51,0.36363636363636365,0.323943661971831,0.43661971830985913
13631,100,11,3070.42,279.1290909090909,6,0.08333333333333333,0.09090909090909091,0.7272727272727273
13632,25,8,3645.81,455.72625,166,0.2,0.29545454545454547,0.3090909090909091
13634,33,16,5033.77,314.610625,269,0.058823529411764705,0.6704035874439462,0.35201793721973096
13635,68,4,2999.16,749.79,135,0.3333333333333333,0.0,0.5432098765432098
13636,37,5,949.12,189.824,57,0.16666666666666666,0.1746031746031746,0.3492063492063492
13637,52,3,804.3,268.09999999999997,79,0.0,0.29292929292929293,0.30303030303030304
13638,16,1,122.64,122.64,8,0.0,0.0,0.5
13639,74,2,1346.27,673.135,49,0.0,0.0,0.4576271186440678
13640,611,1,405.0,405.0,4,0.0,0.0,1.0
13641,641,5,1016.47,203.294,41,0.2857142857142857,0.3409090909090909,0.29545454545454547
13642,216,4,472.2,118.04999999999998,93,0.2,1.0,0.5523809523809524
13643,31,10,2156.77,215.677,71,0.3333333333333333,0.0,0.45098039215686275
13644,16,4,2624.26,656.065,144,0.2,0.0,0.3972602739726027
13645,120,1,252.1,252.1,5,0.0,0.0,0.6
13646,400,2,326.25,163.125,58,0.3333333333333333,0.0,0.5517241379310345
13647,10,8,3041.68,380.21000000000004,98,0.1111111111111111,0.1223021582733813,0.26618705035971224
13648,400,8,1764.02,220.5025,95,0.2727272727272727,0.20754716981132076,0.36792452830188677
13649,257,6,1453.68,242.28,97,0.0,0.37962962962962965,0.4444444444444444
13650,17,10,3288.0,328.8,127,0.375,0.0,0.4011627906976744
13651,35,3,226.85,75.61666666666667,14,0.25,0.0,0.5
13652,46,5,2262.05,452.41,116,0.0,0.0,0.3546099290780142
13653,488,1,152.2,152.2,9,0.0,0.0,1.0
13654,43,11,6308.0,573.4545454545455,262,0.0,0.44072948328267475,0.47416413373860183
13655,114,6,2280.51,380.08500000000004,103,0.25,0.0,0.5714285714285714
13656,165,4,1078.85,269.7125,81,0.42857142857142855,0.0,0.42528735632183906
13657,11,2,382.14,191.07,16,0.0,0.5625,0.5625
13658,10,9,6025.5,669.5,164,0.3076923076923077,0.0759493670886076,0.2742616033755274
13659,206,12,4884.68,407.0566666666667,224,0.29411764705882354,0.22262773722627738,0.3357664233576642
13660,400,1,306.64,306.64,39,0.5,0.0,0.575
13661,603,1,325.24,325.24,17,0.0,0.0,0.47058823529411764
13662,86,11,2233.61,203.05545454545455,126,0.35294117647058826,0.0,0.5588235294117647
13663,179,5,2047.51,409.502,87,0.16666666666666666,0.12121212121212122,0.5252525252525253
13665,386,3,1711.6599999999999,570.5533333333333,97,0.0,0.0,0.42452830188679247
13666,60,5,127.89999999999999,25.580000000000002,19,0.0,0.0,0.5789473684210527
13667,149,1,299.05,299.05,82,0.0,0.0,0.3132530120481928
13668,3,35,12948.48,369.9565714285714,411,0.2553191489361702,0.29894179894179895,0.32671957671957674
13669,51,3,413.55,137.85,13,0.0,0.0,0.2857142857142857
13670,75,1,349.7,349.7,25,0.0,1.0,0.56
13671,395,1,172.6,172.6,61,0.0,0.0,0.5
13672,301,3,419.92,139.97333333333336,13,0.5714285714285714,0.0,0.3888888888888889
13673,19,2,387.44,193.72,47,0.0,0.0,0.4
13674,433,1,240.68,240.68,14,0.5,1.0,0.35714285714285715
13675,151,2,486.82000000000005,243.41000000000003,25,0.0,0.0,0.4
13676,539,2,243.9,121.95000000000002,13,0.3333333333333333,0.0,0.3076923076923077
13677,405,2,551.24,275.62,98,0.0,0.42452830188679247,0.33962264150943394
13678,152,1,232.6,232.6,16,0.0,0.0,0.25
13679,494,3,281.26,93.75333333333333,44,0.0,0.0,0.3
13680,1,12,11419.67,951.6391666666667,354,0.07692307692307693,0.0,0.3281733746130031
13681,18,4,827.83,206.9575,37,0.0,0.5964912280701754,0.3684210526315789
13682,187,1,59.5,59.5,3,0.0,1.0,0.3333333333333333
13683,458,1,258.6,258.6,10,0.0,0.0,0.6
13684,286,4,594.88,148.72,81,0.3333333333333333,0.9074074074074074,0.25
13685,3,7,3119.44,445.63428571428574,29,0.0,0.0,0.717948717948718
13686,183,3,409.04,136.34666666666666,27,0.0,0.0,0.5294117647058824
13687,438,1,11880.84,11880.84,45,0.0,0.0,0.2222222222222222
13688,635,1,375.5,375.5,5,0.0,1.0,0.4
13689,63,2,1259.5,629.75,6,0.0,0.0,0.3333333333333333
13690,59,1,172.25,172.25,9,0.0,0.0,0.5555555555555556
13691,396,1,212.78,212.78,54,0.0,0.0,0.3148148148148148
13692,25,5,3114.4,622.88,83,0.375,0.3229166666666667,0.65625
13693,374,9,2011.82,223.53555555555556,78,0.3076923076923077,0.29245283018867924,0.36792452830188677
13694,4,143,195640.69,1368.1167132867133,896,0.12804878048780488,0.026991441737985518,0.21000658327847269
13695,31,16,2770.73,173.170625,47,0.0,0.052083333333333336,0.2916666666666667
13696,422,3,2020.4,673.4666666666667,24,0.25,0.0,0.5833333333333334
13697,39,1,151.29999999999998,151.29999999999998,12,0.0,0.0,0.6666666666666666
13698,597,2,451.73,225.865,31,0.0,0.0,0.5263157894736842
13699,155,2,764.15,382.07500000000005,33,0.3333333333333333,0.0,0.3783783783783784
13700,26,13,2596.9700000000003,199.7669230769231,163,0.07142857142857142,0.32083333333333336,0.5208333333333334
13701,447,1,161.0,161.0,9,0.5,1.0,0.4444444444444444
13702,446,1,135.18,135.18,5,0.0,0.0,0.4
13703,318,2,425.56,212.78,36,0.3333333333333333,0.0,0.5675675675675675
13704,5,9,2308.06,256.4511111111111,111,0.1,0.08208955223880597,0.4253731343283582
13705,8,7,1717.19,245.31285714285715,55,0.0,0.0,0.36486486486486486
13706,303,2,631.17,315.58500000000004,38,0.0,0.0,0.6052631578947368
13707,267,5,3365.86,673.1719999999999,142,0.0,0.0,0.5290322580645161
13708,271,1,285.33,285.33,49,0.0,1.0,0.30612244897959184
13709,4,18,7571.35,420.6305555555556,296,0.18181818181818182,0.06633906633906633,0.343980343980344
13710,32,3,509.52,169.84,13,0.0,0.0,0.5333333333333333
13711,219,9,1792.26,199.14,80,0.4,0.043478260869565216,0.391304347826087
13712,247,2,766.42,383.21000000000004,32,0.0,0.0,0.5454545454545454
13713,408,3,740.76,246.92,70,0.0,0.0,0.3
13714,465,1,161.35,161.35,30,0.0,0.0,0.36666666666666664
13715,281,17,8153.04,479.5905882352941,277,0.19047619047619047,0.146484375,0.3671875
13716,269,1,138.28,138.28,21,0.0,0.0,0.38095238095238093
13717,32,8,1763.3,220.4125,110,0.2727272727272727,0.0,0.33064516129032256
13718,246,2,306.55,153.275,9,0.0,0.0,0.3333333333333333
13719,15,11,2783.08,253.00727272727272,194,0.0,0.10887096774193548,0.31048387096774194
13720,117,4,799.9,199.975,42,0.0,0.0,0.5813953488372093
13721,36,2,741.54,370.77,41,0.0,0.0,0.4523809523809524
13722,132,10,5635.41,563.5409999999999,137,0.09090909090909091,0.20634920634920634,0.48677248677248675
13723,217,6,1194.08,199.01333333333332,51,0.0,0.0,0.3448275862068966
13724,637,1,213.01,213.01,39,0.0,0.0,0.47619047619047616
13725,50,8,1980.56,247.57,95,0.2727272727272727,0.10576923076923077,0.41346153846153844
13726,39,2,1079.6599999999999,539.83,39,0.0,0.0,0.5238095238095238
13727,29,8,1074.15,134.26875,74,0.1111111111111111,0.1686746987951807,0.24096385542168675
13728,37,16,2855.17,178.448125,75,0.0,0.0,0.38414634146341464
13729,436,3,724.73,241.57666666666668,36,0.4,0.5128205128205128,0.38461538461538464
13730,136,2,752.6,376.29999999999995,38,0.0,0.0,0.7674418604651163
13731,219,2,610.59,305.295,36,0.0,0.0,0.47368421052631576
13732,28,1,491.86,491.86,33,0.0,0.0,0.36363636363636365
13733,411,2,487.03000000000003,243.51500000000001,28,0.3333333333333333,0.0,0.5172413793103449
13734,509,4,6695.6900000000005,1673.9225000000001,24,0.3333333333333333,0.0,0.3333333333333333
13735,25,13,9762.77,750.9823076923077,362,0.4090909090909091,0.1205564142194745,0.45904173106646057
13736,5,7,2752.47,393.21000000000004,325,0.4166666666666667,0.7111913357400722,0.35379061371841153
13737,200,1,339.59999999999997,339.59999999999997,29,0.0,0.0,0.23333333333333334
13738,396,1,434.78000000000003,434.78000000000003,88,0.0,0.0,0.5168539325842697
13739,18,2,292.2,146.1,6,0.0,0.0,0.3333333333333333
13740,241,5,1582.77,316.554,83,0.0,0.0,0.40425531914893614
13741,72,3,668.4300000000001,222.81000000000003,34,0.25,0.0,0.3235294117647059
13742,17,12,3107.87,258.9891666666667,200,0.14285714285714285,0.5782747603833865,0.43130990415335463
13743,3,7,1341.6,191.65714285714284,8,0.125,0.0,0.6097560975609756
13744,95,2,1080.52,540.26,54,0.0,0.6984126984126984,0.6190476190476191
13745,162,2,777.36,388.68,46,0.5,0.0,0.39285714285714285
13746,414,1,176.69,176.69,9,0.0,0.0,0.3333333333333333
13747,374,2,169.79999999999998,84.89999999999999,4,0.0,0.0,0.8
13748,96,9,2064.35,229.3722222222222,40,0.0,0.0,0.7241379310344828
13750,54,11,3602.1800000000003,327.4709090909091,51,0.15384615384615385,0.2,0.37333333333333335
13751,288,1,296.25,296.25,9,0.0,0.0,0.4444444444444444
13752,124,7,1579.8300000000002,225.69000000000003,75,0.0,0.3723404255319149,0.3723404255319149
13753,288,4,2094.57,523.6425,64,0.0,0.0,0.55
13754,152,3,447.05,149.01666666666668,16,0.0,0.0,0.5714285714285714
13755,4,9,2108.06,234.2288888888889,232,0.1,0.0,0.3395638629283489
13756,2,23,8655.95,376.3456521739131,142,0.08,0.0,0.47230320699708456
13757,675,1,195.55,195.55,8,0.0,0.0,0.5
13758,12,15,8698.13,579.8753333333333,213,0.21052631578947367,0.2771929824561403,0.4245614035087719
13759,33,2,659.4100000000001,329.70500000000004,24,0.0,0.04,0.36
13760,54,5,1363.6399999999999,272.72799999999995,95,0.16666666666666666,0.6554621848739496,0.5798319327731093
13761,50,6,1952.17,325.3616666666667,118,0.0,0.3442622950819672,0.4098360655737705
13762,219,5,2472.48,494.496,23,0.16666666666666666,0.5428571428571428,0.6571428571428571
13763,63,3,5217.4400000000005,1739.1466666666668,50,0.5,0.0,0.56
13764,71,6,2919.62,486.6033333333333,295,0.0,0.26216216216216215,0.3837837837837838
13765,653,1,352.821,352.821,17,0.0,0.0,0.8235294117647058
13766,495,1,190.35,190.35,16,0.0,1.0,0.23529411764705882
13767,2,73,33903.57,464.43246575342465,117,0.23958333333333334,0.1256544502617801,0.49214659685863876
13768,727,2,875.97,437.985,30,0.75,0.3333333333333333,0.3939393939393939
13769,2,20,5478.12,273.906,121,0.3103448275862069,0.0,0.36363636363636365
13770,422,4,785.37,196.3425,48,0.0,0.0,0.3958333333333333
13771,64,9,5728.82,636.5355555555556,182,0.1,0.0,0.4444444444444444
13772,34,8,3100.02,387.5025,394,0.1111111111111111,0.24162257495590828,0.4126984126984127
13773,397,2,301.54,150.77,19,0.0,0.0,0.631578947368421
13774,82,1,345.0,345.0,22,0.0,0.0,0.5454545454545454
13775,591,1,1049.66,1049.66,63,0.0,0.0,0.3492063492063492
13776,428,2,623.98,311.99,1,0.75,0.0,1.0
13777,1,61,49638.26,813.7419672131148,44,0.1643835616438356,0.08707865168539326,0.2556179775280899
13778,103,4,1124.49,281.1225,33,0.2,0.7045454545454546,0.4090909090909091
13779,516,1,161.13,161.13,27,0.0,0.0,0.48148148148148145
13780,7,3,732.07,244.02333333333334,90,0.0,0.0,0.32653061224489793
13781,251,3,778.83,259.61,56,0.25,0.2982456140350877,0.40350877192982454
13782,13,13,1786.08,137.39076923076922,187,0.07142857142857142,0.9621848739495799,0.29411764705882354
13783,488,4,1542.09,385.5225,4,0.0,0.0,1.0
13784,10,14,2910.23,207.87357142857144,13,0.06666666666666667,0.046511627906976744,0.46511627906976744
13785,429,4,542.49,135.6225,26,0.0,0.16666666666666666,0.43333333333333335
13786,367,6,3127.99,521.3316666666666,80,0.25,0.5948275862068966,0.5
13787,76,6,1222.5,203.75,71,0.3333333333333333,0.27906976744186046,0.27906976744186046
13788,505,1,3.75,3.75,1,0.0,0.0,1.0
13789,388,1,239.45999999999998,239.45999999999998,18,0.0,0.0,0.5555555555555556
13790,4,1,348.8,348.8,45,0.0,0.0,0.5333333333333333
13791,128,2,1516.0,758.0,7,0.3333333333333333,0.0,0.5454545454545454
13792,66,3,383.95,127.98333333333335,23,0.0,0.0,0.5652173913043478
13793,647,1,96.0,96.0,7,0.0,0.0,0.8571428571428571
13794,547,1,126.03,126.03,9,0.0,0.0,0.3333333333333333
13795,388,4,836.3,209.075,23,0.0,0.3103448275862069,0.3448275862068966
13796,499,1,289.7,289.7,22,0.0,0.0,0.3181818181818182
13797,437,3,1179.45,393.15000000000003,71,0.25,0.0,0.5256410256410257
13798,1,110,75428.87,685.717,168,0.12,0.2621359223300971,0.31484049930651875
13799,117,9,2803.57,311.5077777777778,64,0.3076923076923077,0.04716981132075472,0.4339622641509434
13800,310,3,1679.56,559.8533333333334,73,0.0,0.0,0.5342465753424658
13801,67,1,324.8,324.8,23,0.0,0.0,0.4782608695652174
13802,139,19,26259.11,1382.0584210526315,212,0.20833333333333334,0.18080357142857142,0.27232142857142855
13803,255,3,1338.91,446.3033333333333,73,0.25,0.0,0.6153846153846154
13804,31,9,3161.12,351.23555555555555,149,0.0,0.059880239520958084,0.39520958083832336
13805,52,2,924.6,462.3,10,0.0,0.0,0.23076923076923078
13806,64,1,256.38,256.38,10,0.0,0.0,0.7
13807,367,3,422.2,140.73333333333332,24,0.25,0.0,0.32
13808,6,5,1747.66,349.53200000000004,70,0.0,0.5263157894736842,0.34210526315789475
13818,430,1,61.28,61.28,5,0.0,0.0,0.6
13819,302,6,2642.35,440.39166666666665,47,0.14285714285714285,0.0,0.33663366336633666
13820,418,3,652.75,217.58333333333334,68,0.4,0.550561797752809,0.39325842696629215
13821,145,6,1379.08,229.84666666666666,158,0.14285714285714285,0.0,0.4019607843137255
13822,6,2,632.0,316.0,90,0.0,1.0,0.2916666666666667
13823,19,7,3403.4500000000003,486.20714285714286,108,0.125,0.0,0.4049079754601227
13824,33,12,3314.76,276.23,59,0.14285714285714285,0.05,0.38
13825,622,2,255.59,127.79500000000002,38,0.0,0.45,0.4
13826,176,1,189.5,189.5,10,0.5,0.0,0.3
13827,58,3,409.8,136.6,83,0.0,0.0,0.358695652173913
13828,22,1,209.49,209.49,15,0.0,0.0,0.4
13829,421,1,102.0,102.0,1,0.5,0.0,1.0
13830,582,1,156.85000000000002,156.85000000000002,11,0.5,0.0,0.2727272727272727
13831,16,18,6585.54,365.86333333333334,121,0.1,0.19230769230769232,0.32967032967032966
13832,19,2,609.89,304.945,54,0.3333333333333333,0.05454545454545454,0.2909090909090909
13833,159,2,700.41,350.20500000000004,43,0.0,1.0,0.5
13834,577,2,324.19,162.095,15,0.3333333333333333,0.0,0.25
13835,25,7,1095.27,156.46714285714285,60,0.125,0.29577464788732394,0.43661971830985913
13836,399,2,620.37,310.185,29,0.3333333333333333,0.0,0.5161290322580645
13837,212,2,266.59000000000003,133.29500000000002,17,0.0,0.0,0.6666666666666666
13838,6,10,1690.07,169.007,328,0.0,1.0,0.40198511166253104
13839,486,1,139.95000000000002,139.95000000000002,7,0.0,0.0,0.5714285714285714
13840,416,1,651.4,651.4,40,0.0,0.0,0.4
13841,253,1,85.0,85.0,1,0.0,0.0,1.0
13842,59,18,5319.34,295.5188888888889,214,0.05263157894736842,0.0626865671641791,0.417910447761194
13843,381,1,319.75,319.75,18,0.0,0.0,0.4444444444444444
13844,11,1,361.62,361.62,20,0.0,0.0,0.4
13845,65,1,312.98,312.98,9,0.0,0.0,0.4444444444444444
13846,25,4,1307.79,326.9475,81,0.2,0.0,0.4444444444444444
13847,720,1,310.72,310.72,19,0.0,1.0,0.5263157894736842
13848,92,8,3015.0,376.875,3,0.0,0.1,1.0
13849,52,5,3469.3,693.8599999999999,189,0.16666666666666666,0.13636363636363635,0.43636363636363634
13850,129,1,1595.48,1595.48,93,0.5,0.0,0.44086021505376344
13851,96,8,4606.46,575.8075,111,0.1111111111111111,0.0,0.45714285714285713
13852,611,1,187.35000000000002,187.35000000000002,11,0.5,0.0,0.2727272727272727
13853,57,1,1090.14,1090.14,23,0.5,0.0,0.5217391304347826
13854,9,39,11944.56,306.2707692307692,61,0.13333333333333333,0.08426966292134831,0.3202247191011236
13855,501,4,1310.3400000000001,327.58500000000004,64,0.2,0.0,0.3972602739726027
13856,169,11,1142.03,103.82090909090908,33,0.26666666666666666,0.1111111111111111,0.2777777777777778
13857,393,6,1001.01,166.835,99,0.14285714285714285,0.2109375,0.453125
13858,57,1,216.17,216.17,11,0.0,0.0,0.45454545454545453
13859,326,2,515.86,257.93,34,0.0,0.0,0.3888888888888889
13860,1,5,1245.9,249.18,58,0.16666666666666666,0.0,0.5
13861,429,2,273.26,136.63,21,0.3333333333333333,0.47619047619047616,0.42857142857142855
13862,18,9,2556.09,284.01,113,0.18181818181818182,0.125,0.4
13863,248,4,1239.55,309.8875,59,0.3333333333333333,0.2571428571428571,0.45714285714285713
13864,386,1,662.4000000000001,662.4000000000001,1,0.0,0.0,1.0
13865,58,4,501.56,125.39,26,0.0,0.0,0.5666666666666667
13866,74,1,145.67000000000002,145.67000000000002,7,0.0,0.0,0.42857142857142855
13867,31,3,1005.09,335.03000000000003,51,0.0,0.0,0.31666666666666665
13868,7,2,3192.54,1596.27,32,0.0,0.0,0.36363636363636365
13869,123,10,7996.87,799.6870000000001,502,0.0,0.37589498806682575,0.4331742243436754
13870,2,15,5712.08,380.80533333333335,159,0.16666666666666666,0.0954356846473029,0.5560165975103735
13871,23,17,7885.85,463.8735294117647,183,0.19047619047619047,0.10696517412935323,0.3308457711442786
13872,527,3,919.57,306.5233333333333,51,0.5,0.0,0.40350877192982454
13873,120,8,1038.92,129.865,55,0.1111111111111111,0.3333333333333333,0.3333333333333333
13874,358,7,2049.15,292.7357142857143,46,0.3,0.0,0.2898550724637681
13875,54,14,4814.37,343.88357142857143,159,0.0,0.0962962962962963,0.32222222222222224
13876,64,1,122.7,122.7,7,0.0,0.0,0.5714285714285714
13877,86,3,449.68,149.89333333333335,23,0.4,0.0,0.30434782608695654
13878,55,4,2416.9,604.2249999999999,93,0.0,0.3431372549019608,0.4803921568627451
13879,646,1,395.5,395.5,25,0.0,0.0,0.36
13880,21,17,4293.86,252.57999999999998,148,0.0,0.07174887892376682,0.5067264573991032
13881,3,43,45179.1,1050.6767441860466,182,0.1568627450980392,0.0,0.3741794310722101
13882,3,5,1191.13,238.22600000000003,54,0.16666666666666666,0.0,0.2923076923076923
13883,11,15,6560.02,437.3346666666667,200,0.4230769230769231,0.2088607594936709,0.4050632911392405
13884,7,10,1825.03,182.503,108,0.2857142857142857,0.45054945054945056,0.3901098901098901
13885,189,2,506.8,253.39999999999998,28,0.0,0.0,0.25
13886,71,1,243.56,243.56,16,0.0,0.0,0.5625
13887,204,1,349.55,349.55,19,0.0,0.0,0.3157894736842105
13888,120,7,2001.59,285.9414285714286,124,0.0,0.3216374269005848,0.4327485380116959
13889,93,6,1991.23,331.87166666666667,57,0.25,0.0,0.42168674698795183
13890,1,14,2927.38,209.09857142857143,100,0.36363636363636365,0.07514450867052024,0.34104046242774566
13891,378,3,859.21,286.40333333333336,97,0.0,0.0,0.46464646464646464
13892,27,6,1267.6499999999999,211.27499999999998,33,0.0,0.027777777777777776,0.2777777777777778
13893,298,1,821.1,821.1,21,0.0,0.0,0.3333333333333333
13894,24,3,564.62,188.20666666666668,25,0.4,0.0,0.3333333333333333
13895,28,6,4008.52,668.0866666666667,154,0.25,0.0,0.2956989247311828
13896,626,1,388.55,388.55,21,0.0,0.0,0.38095238095238093
13897,50,3,1160.72,386.9066666666667,58,0.0,0.3898305084745763,0.5254237288135594
13898,326,2,686.4,343.20000000000005,43,0.0,0.7391304347826086,0.3695652173913043
13899,16,2,388.52,194.26,19,0.0,0.0,0.42105263157894735
13900,183,6,1610.59,268.4316666666667,80,0.14285714285714285,0.0,0.42105263157894735
13901,72,15,5676.34,378.42266666666666,280,0.25,0.0,0.33225806451612905
13903,400,1,165.45000000000002,165.45000000000002,10,0.0,0.0,0.8
13904,37,2,332.64,166.32,24,0.0,0.0,0.4230769230769231
13905,733,1,312.65,312.65,12,0.6666666666666666,0.0,0.25
13906,409,1,42.0,42.0,1,0.0,0.0,1.0
13907,692,1,136.8,136.8,4,0.0,1.0,0.75
13908,80,4,2369.55,592.3875,104,0.2,0.0,0.38524590163934425
13909,423,2,282.85,141.42499999999998,35,0.0,0.0,0.34210526315789475
13911,57,20,4234.99,211.74949999999998,178,0.09090909090909091,0.15126050420168066,0.36554621848739494
13912,424,1,124.95,124.95,7,0.0,0.0,0.2857142857142857
13913,507,1,42.22,42.22,3,0.0,0.0,0.3333333333333333
13914,12,2,626.45,313.225,28,0.3333333333333333,0.0,0.5454545454545454
13915,394,1,70.80000000000001,70.80000000000001,2,0.5,0.0,0.5
13916,464,4,1275.81,318.9525,72,0.2,0.0,0.44594594594594594
13917,50,2,272.04,136.01999999999998,16,0.0,0.0,0.6666666666666666
13918,50,2,1212.8400000000001,606.42,30,0.0,0.0,0.4666666666666667
13920,432,4,1774.68,443.67,81,0.2,0.0,0.2558139534883721
13921,402,4,730.7,182.675,36,0.2,0.0,0.36363636363636365
13922,352,3,865.2,288.40000000000003,30,0.4,0.43333333333333335,0.5333333333333333
13923,54,1,351.13,351.13,20,0.0,0.0,0.65
13924,2,6,1838.8500000000001,306.47499999999997,90,0.45454545454545453,0.0,0.41025641025641024
13925,93,4,678.25,169.5625,28,0.3333333333333333,0.0,0.5121951219512195
13926,23,1,223.85000000000002,223.85000000000002,11,0.0,0.0,0.2727272727272727
13927,75,2,708.26,354.13,37,0.3333333333333333,0.0,0.4146341463414634
13928,11,4,464.57,116.14250000000001,23,0.0,0.0,0.4444444444444444
13929,169,11,3494.1,317.6454545454545,38,0.21428571428571427,0.0,0.3333333333333333
13930,58,2,337.34,168.67,15,0.0,0.0,0.29411764705882354
13931,96,11,5257.38,477.94363636363636,205,0.08333333333333333,0.0,0.36531365313653136
13932,295,1,307.4,307.4,16,0.0,0.0,1.0
13933,109,2,608.7900000000001,304.395,23,0.0,0.0,0.5652173913043478
13934,264,1,922.1,922.1,31,0.0,0.0,0.6774193548387096
13935,597,3,6116.92,2038.9733333333334,67,0.0,0.0,0.475
13936,180,3,939.66,313.21999999999997,56,0.25,0.0,0.3898305084745763
13937,169,2,880.13,440.065,54,0.3333333333333333,0.0,0.5
13938,35,1,71.66,71.66,7,0.0,0.0,0.5714285714285714
13939,23,7,1560.96,222.99428571428572,91,0.3,0.0,0.4
13940,17,4,839.14,209.785,39,0.0,0.0,0.3469387755102041
13941,22,15,10027.18,668.4786666666666,42,0.11764705882352941,0.26595744680851063,0.2127659574468085
13942,535,1,320.0,320.0,1,0.0,0.0,1.0
13943,578,1,246.54,246.54,15,0.0,0.0,0.4666666666666667
13944,653,1,200.43,200.43,35,0.0,0.0,0.45714285714285713
13945,395,2,854.15,427.075,49,0.0,0.0,0.7450980392156863
13946,79,6,1876.23,312.705,49,0.14285714285714285,0.3392857142857143,0.2857142857142857
13947,65,1,90.6,90.6,5,0.0,0.0,0.6
13948,361,4,548.76,137.19,23,0.2,0.3333333333333333,0.4166666666666667
13949,3,6,2427.32,404.55333333333334,124,0.0,0.1125,0.5
13950,11,4,745.06,186.265,33,0.2,0.0,0.42857142857142855
13951,176,3,674.45,224.8166666666667,38,0.0,0.5128205128205128,0.5641025641025641
13952,218,14,12823.521,915.9657857142856,238,0.17647058823529413,0.08312958435207823,0.32273838630806845
13953,7,12,6640.68,553.39,8,0.0,0.0,0.48
13954,1,2,439.92,219.95999999999998,24,0.3333333333333333,0.0,0.56
13955,154,3,544.0699999999999,181.35666666666665,82,0.0,0.0,0.5058823529411764
13956,5,5,1019.27,203.85399999999998,123,0.0,1.0,0.4217687074829932
13957,418,3,458.25,152.75,21,0.0,0.3333333333333333,0.4074074074074074
13958,380,8,4709.2300000000005,588.65375,172,0.3333333333333333,0.21585903083700442,0.45374449339207046
13959,79,6,1064.77,177.46166666666667,120,0.0,0.10191082802547771,0.3184713375796178
13960,21,2,230.22,115.11,11,0.0,0.0,0.6666666666666666
13961,392,1,538.4,538.4,19,0.5,0.0,0.3157894736842105
13962,22,3,362.8,120.93333333333334,23,0.0,0.0,0.4782608695652174
13963,308,17,2860.57,168.26882352941178,129,0.05555555555555555,0.09696969696969697,0.3939393939393939
13964,387,2,438.9,219.45,22,0.3333333333333333,0.0,0.625
13965,477,3,996.61,332.2033333333333,23,0.4,0.0,0.2916666666666667
13966,435,1,384.26,384.26,21,0.0,0.0,0.5714285714285714
13967,146,2,166.3,83.15,4,0.0,0.3333333333333333,0.6666666666666666
13968,423,1,123.66,123.66,8,0.0,0.0,0.625
13969,7,35,12973.460000000001,370.67028571428574,472,0.10256410256410256,0.0,0.37875939849624063
13970,386,2,846.55,423.275,10,0.0,0.0,0.3076923076923077
13971,19,14,4667.57,333.3978571428571,184,0.2222222222222222,0.06274509803921569,0.37254901960784315
13972,71,2,190.25,95.125,15,0.0,0.6,0.4
13973,287,1,264.7,264.7,11,0.0,0.0,0.45454545454545453
13974,49,2,677.72,338.86,43,0.5,0.0,0.37209302325581395
13975,31,12,5256.4,438.0333333333333,434,0.14285714285714285,0.014925373134328358,0.4233378561736771
13976,207,4,1192.36,298.09000000000003,49,0.0,0.0,0.32142857142857145
13977,411,1,519.8100000000001,519.8100000000001,13,0.0,1.0,0.38461538461538464
13978,15,2,196.79000000000002,98.39500000000001,14,0.0,0.0,0.6666666666666666
13979,73,7,3379.93,482.84714285714284,356,0.36363636363636365,0.3435114503816794,0.3944020356234097
13980,60,5,768.82,153.76399999999998,57,0.4444444444444444,0.746031746031746,0.3333333333333333
13981,416,1,331.14,331.14,22,0.5,0.0,0.45454545454545453
13982,39,9,3954.29,439.36555555555555,123,0.3076923076923077,0.0,0.37777777777777777
13983,30,21,6753.89,321.61380952380955,238,0.3,0.018461538461538463,0.49538461538461537
13984,27,12,1893.8,157.81666666666666,53,0.07692307692307693,0.26136363636363635,0.29545454545454547
13985,4,22,10020.86,455.49363636363637,149,0.08333333333333333,0.041666666666666664,0.41041666666666665
13986,17,1,320.46,320.46,12,0.0,0.0,0.3076923076923077
13987,380,2,682.54,341.27,46,0.0,0.0,0.3695652173913043
13988,20,8,4757.8,594.7249999999999,218,0.2727272727272727,0.23728813559322035,0.42033898305084744
13989,66,5,2026.06,405.212,61,0.0,0.0,0.3488372093023256
13990,213,1,311.3,311.3,16,0.0,0.0,0.4375
13991,12,6,852.88,142.14666666666668,58,0.14285714285714285,0.7073170731707317,0.3780487804878049
13992,30,3,219.5,73.16666666666667,10,0.0,0.0,0.5454545454545454
13993,43,19,6775.71,356.6163157894737,110,0.20833333333333334,0.20689655172413793,0.3946360153256705
13994,4,6,2274.14,379.0233333333333,122,0.0,0.0,0.3783783783783784
13995,15,14,3902.01,278.715,146,0.2222222222222222,0.05652173913043478,0.43043478260869567
13996,386,2,895.76,447.88,29,0.0,0.0,0.30303030303030304
13997,519,3,376.46,125.48666666666668,36,0.0,0.0,0.2727272727272727
13998,447,3,566.7,188.9,30,0.0,0.5161290322580645,0.5483870967741935
13999,10,29,9502.26,327.6641379310345,174,0.19444444444444445,0.06437768240343347,0.3669527896995708
14000,211,5,2046.3400000000001,409.26800000000003,28,0.375,0.0,0.24489795918367346
14001,46,9,4228.85,469.87222222222226,60,0.1,0.0,0.47572815533980584
14002,134,2,529.73,264.865,47,0.0,0.0,0.3191489361702128
14003,733,1,209.41,209.41,16,0.0,0.0,0.3125
14004,43,11,6258.45,568.9499999999999,127,0.0,0.11618257261410789,0.47717842323651455
14005,10,5,2874.72,574.9440000000001,53,0.0,0.35714285714285715,0.3333333333333333
14006,116,7,2196.67,313.81,55,0.0,0.0,0.3116883116883117
14007,513,1,79.48,79.48,5,0.0,0.0,0.4
14008,432,1,509.04,509.04,32,0.5,1.0,0.6875
14009,198,3,1099.91,366.6366666666667,71,0.25,0.0,0.4864864864864865
14010,565,2,445.15,222.575,20,0.3333333333333333,1.0,0.3333333333333333
14011,480,2,457.82,228.91,32,0.3333333333333333,0.6875,0.5
14012,278,1,328.8,328.8,11,0.0,0.0,0.5454545454545454
14013,110,5,1084.57,216.914,56,0.16666666666666666,0.38235294117647056,0.36764705882352944
14014,77,3,1948.21,649.4033333333333,76,0.0,0.32894736842105265,0.40789473684210525
14015,53,1,917.34,917.34,20,0.0,0.0,0.4
14017,571,1,229.75,229.75,14,0.0,0.0,0.35714285714285715
14018,645,1,367.15000000000003,367.15000000000003,13,0.0,0.0,0.3076923076923077
14019,47,3,1421.61,473.86999999999995,37,0.25,0.3787878787878788,0.5757575757575758
14020,17,4,1249.01,312.2525,63,0.2,0.0,0.4722222222222222
14021,155,7,1716.58,245.2257142857143,84,0.0,0.0,0.5222222222222223
14022,225,2,792.15,396.07500000000005,45,0.0,0.0,0.3617021276595745
14023,7,2,584.07,292.03499999999997,30,0.0,0.5161290322580645,0.5483870967741935
14024,122,3,645.74,215.24666666666667,33,0.0,0.9117647058823529,0.35294117647058826
14025,465,8,4057.9,507.2375,60,0.2,0.0,0.43434343434343436
14026,471,2,713.11,356.555,43,0.0,0.0,0.34
14027,61,1,104.82,104.82,6,0.0,0.0,0.3333333333333333
14028,550,3,10396.5,3465.5,3,0.4,0.0,1.0
14029,63,2,467.66,233.82999999999998,15,0.0,0.0,0.26666666666666666
14030,18,20,7521.8,376.09000000000003,591,0.09090909090909091,0.1650485436893204,0.4672330097087379
14031,7,44,39019.51,886.8070454545455,280,0.2,0.0,0.30533333333333335
14032,2,16,4546.41,284.150625,79,0.36,0.06521739130434782,0.5260869565217391
14033,555,1,109.44,109.44,1,0.0,0.0,1.0
14034,22,3,648.89,216.29666666666665,82,0.25,0.0,0.5116279069767442
14035,29,9,2794.75,310.52777777777777,70,0.18181818181818182,0.19310344827586207,0.2827586206896552
14036,285,1,626.65,626.65,38,0.0,0.0,0.34210526315789475
14037,176,6,836.95,139.49166666666667,96,0.14285714285714285,0.06140350877192982,0.30701754385964913
14038,78,5,3069.88,613.976,99,0.375,0.2484472049689441,0.2795031055900621
14039,33,2,267.28000000000003,133.64,10,0.0,0.6,0.4
14040,41,35,12523.81,357.82314285714284,335,0.16666666666666666,0.36363636363636365,0.3700384122919334
14041,266,1,141.41,141.41,21,0.0,0.0,0.3333333333333333
14042,725,1,431.98,431.98,21,0.0,0.0,0.5714285714285714
14043,491,2,302.6,151.3,37,0.3333333333333333,0.0,0.2926829268292683
14044,27,10,3077.7,307.77000000000004,533,0.09090909090909091,0.8111380145278451,0.38619854721549635
14045,109,16,10986.63,686.664375,16,0.15789473684210525,0.0,0.32432432432432434
14046,284,1,154.99,154.99,14,0.0,0.0,0.42857142857142855
14047,9,14,3968.11,283.43642857142856,91,0.2631578947368421,0.14473684210526316,0.5921052631578947
14048,305,3,748.69,249.56333333333336,126,0.25,0.0,0.2907801418439716
14049,17,13,13023.4,1001.8,573,0.2777777777777778,0.0,0.48633364750235625
14050,32,2,746.36,373.18,49,0.0,0.0,0.42592592592592593
14051,1,37,21770.98,588.4048648648649,82,0.11904761904761904,0.09748427672955975,0.4591194968553459
14052,20,2,466.66,233.33,115,0.0,1.0,0.512396694214876
14053,124,4,572.3,143.075,3,0.0,0.7777777777777778,0.6666666666666666
14054,65,1,92.46,92.46,6,0.0,0.0,0.5
14055,106,3,1520.96,506.9866666666667,33,0.0,0.0,0.3939393939393939
14056,1,23,8152.71,354.46565217391304,320,0.20689655172413793,0.0,0.5
14057,24,22,8346.66,379.39363636363635,244,0.043478260869565216,0.07158836689038031,0.5771812080536913
14058,463,2,469.19,234.59500000000003,23,0.0,0.7916666666666666,0.4166666666666667
14059,267,1,183.6,183.6,8,0.0,0.0,0.625
14060,5,30,8898.24,296.608,100,0.0625,0.050387596899224806,0.5658914728682171
14061,507,3,917.4300000000001,305.81,17,0.0,0.0,0.3684210526315789
14062,10,24,25585.65,1066.0687500000001,141,0.1111111111111111,0.0,0.2735294117647059
14063,438,9,22710.2,2523.355555555556,30,0.3076923076923077,0.0,0.25
14064,29,15,3260.24,217.3493333333333,131,0.2857142857142857,0.1059322033898305,0.5127118644067796
14065,389,3,891.02,297.00666666666666,42,0.25,0.0,0.5510204081632653
14066,267,1,152.55,152.55,7,0.0,0.0,0.5714285714285714
14067,64,2,374.7,187.35,51,0.0,0.4807692307692308,0.28846153846153844
14068,320,4,1516.72,379.18,93,0.2,0.7314814814814815,0.3425925925925926
14069,515,2,225.81,112.905,37,0.0,0.0,0.2682926829268293
14070,685,1,321.6,321.6,40,0.0,1.0,0.4146341463414634
14071,4,8,1437.57,179.69625,271,0.1111111111111111,0.34055727554179566,0.3931888544891641
14072,667,1,390.85,390.85,19,0.0,0.0,0.5789473684210527
14073,32,1,151.04,151.04,13,0.5,0.0,0.38461538461538464
14074,623,1,219.39999999999998,219.39999999999998,6,0.0,0.0,0.5
14075,5,6,1734.87,289.145,59,0.0,0.20987654320987653,0.4444444444444444
14076,129,1,118.67,118.67,43,0.0,0.0,0.29545454545454547
14077,41,6,615.0799999999999,102.51333333333332,43,0.0,0.03571428571428571,0.32142857142857145
14078,102,9,1553.47,172.60777777777778,107,0.0,0.49324324324324326,0.2635135135135135
14079,125,2,618.73,309.365,13,0.0,0.9230769230769231,0.46153846153846156
14080,33,5,1115.68,223.13600000000002,74,0.16666666666666666,0.0963855421686747,0.3373493975903614
14081,302,10,4867.57,486.75699999999995,465,0.375,0.08175355450236967,0.35545023696682465
14082,365,2,413.36,206.68,48,0.0,0.0,0.5846153846153846
14083,4,11,1082.19,98.3809090909091,169,0.0,0.0,0.31891891891891894
14084,512,1,150.5,150.5,7,0.0,0.0,0.2857142857142857
14085,2,33,9720.67,294.5657575757576,479,0.029411764705882353,0.0,0.34258373205741627
14086,463,1,39.95,39.95,1,0.0,0.0,1.0
14087,3,3,829.47,276.49,175,0.4,0.38028169014084506,0.41784037558685444
14088,10,16,64036.8,4002.3,436,0.2,0.14076246334310852,0.44574780058651026
14089,57,1,158.75,158.75,13,0.0,0.0,0.38461538461538464
14090,325,1,76.32000000000001,76.32000000000001,1,0.0,0.0,1.0
14091,654,2,9530.08,4765.04,13,0.0,0.3076923076923077,0.5384615384615384
14092,8,24,7229.45,301.2270833333334,169,0.1111111111111111,0.15281501340482573,0.4772117962466488
14093,12,1,433.86,433.86,95,0.0,1.0,0.37
14094,440,1,311.77,311.77,41,0.5,1.0,0.46511627906976744
14095,723,1,2.95,2.95,1,0.0,0.0,1.0
14096,4,17,65164.79,3833.2229411764706,1119,0.5,0.0,0.43983564860105656
14097,481,2,422.85999999999996,211.43,39,0.0,0.675,0.4
14098,37,1,147.35,147.35,21,0.0,0.0,0.42857142857142855
14099,16,20,5750.91,287.5455,273,0.09090909090909091,0.0,0.32437619961612285
14100,138,1,191.95000000000002,191.95000000000002,24,0.0,0.0,0.52
14101,74,13,9961.93,766.3023076923077,19,0.07142857142857142,0.2222222222222222,0.6444444444444445
14102,5,5,1105.8799999999999,221.17600000000002,35,0.375,0.08620689655172414,0.3448275862068966
14104,154,5,743.53,148.706,117,0.0,0.0,0.23703703703703705
14105,239,5,5988.83,1197.766,200,0.4444444444444444,0.3906810035842294,0.5663082437275986
14106,737,1,214.79999999999998,214.79999999999998,1,0.0,0.0,1.0
14107,52,11,4877.3,443.39090909090913,102,0.15384615384615385,0.2923728813559322,0.4110169491525424
14108,31,4,1044.96,261.24,49,0.2,0.0,0.38461538461538464
14109,73,1,144.2,144.2,9,0.5,0.0,0.2222222222222222
14110,4,33,12987.95,393.57424242424247,177,0.05714285714285714,0.12280701754385964,0.2656641604010025
14111,14,4,692.85,173.2125,10,0.2,0.0,0.3
14112,23,13,5834.59,448.8146153846154,199,0.5185185185185185,0.13496932515337423,0.3558282208588957
14113,4,16,7092.610000000001,443.28812500000004,76,0.4838709677419355,0.0,0.4344262295081967
14114,274,7,1364.09,194.86999999999998,72,0.0,0.13513513513513514,0.4189189189189189
14115,502,2,622.6700000000001,311.33500000000004,22,0.0,0.0,0.5
14116,20,5,1382.74,276.548,61,0.0,0.1111111111111111,0.5555555555555556
14117,144,1,90.0,90.0,3,0.0,0.0,0.6666666666666666
14118,429,1,458.45,458.45,15,0.0,0.0,0.7333333333333333
14119,376,2,183.37,91.685,11,0.3333333333333333,0.0,0.45454545454545453
14121,4,4,2780.15,695.0375,148,0.3333333333333333,0.0,0.31446540880503143
14122,406,3,362.42,120.80666666666667,12,0.4,0.0,0.3076923076923077
14123,733,1,436.18,436.18,24,0.0,1.0,0.25
14124,84,1,419.58000000000004,419.58000000000004,4,0.0,0.0,0.8
14125,11,3,2720.63,906.8766666666667,159,0.0,0.0,0.39759036144578314
14126,8,4,1172.46,293.115,37,0.2,0.0,0.5116279069767442
14127,123,6,1900.0800000000002,316.68,96,0.0,0.452991452991453,0.36752136752136755
14128,61,3,924.21,308.07,50,0.25,0.2923076923076923,0.49230769230769234
14129,2,9,2591.34,287.9266666666667,40,0.0,0.2018348623853211,0.6330275229357798
14130,319,4,1858.77,464.6925,189,0.0,0.0,0.34545454545454546
14131,649,1,168.22,168.22,45,0.0,0.0,0.43478260869565216
14132,2,11,3586.0299999999997,326.00272727272727,100,0.08333333333333333,0.0,0.57
14133,130,4,911.14,227.785,33,0.3333333333333333,0.2222222222222222,0.5277777777777778
14134,383,15,11123.35,741.5566666666667,130,0.0,0.016666666666666666,0.38333333333333336
14135,2,24,8839.67,368.31958333333336,138,0.04,0.0821917808219178,0.3926940639269406
14136,401,5,1570.81,314.16200000000003,86,0.2857142857142857,0.0,0.3018867924528302
14137,696,1,332.7,332.7,11,0.5,0.0,0.45454545454545453
14138,2,2,965.8800000000001,482.94000000000005,40,0.0,0.0,0.5434782608695652
14139,46,4,1086.8,271.7,48,0.0,0.0,0.37681159420289856
14140,4,2,935.05,467.525,60,0.3333333333333333,0.0,0.45454545454545453
14141,3,4,915.13,228.78250000000003,27,0.3333333333333333,0.0,0.35
14142,373,2,671.34,335.67,42,0.5,0.0,0.3409090909090909
14143,134,1,115.8,115.8,7,0.0,0.0,0.5714285714285714
14144,486,1,30.599999999999998,30.599999999999998,1,0.0,0.0,1.0
14145,47,7,7600.05,1085.7214285714285,11,0.125,0.24,0.72
14146,9,12,9450.3,787.525,337,0.07692307692307693,0.17324561403508773,0.46710526315789475
14147,78,9,2590.2,287.8,24,0.25,0.06666666666666667,0.3333333333333333
14148,234,2,466.29,233.145,15,0.0,0.0,0.4117647058823529
14149,221,1,446.62,446.62,28,0.6666666666666666,0.0,0.6071428571428571
14150,36,2,658.64,329.32000000000005,23,0.0,0.0,0.3076923076923077
14151,673,2,679.45,339.725,44,0.3333333333333333,0.0,0.36363636363636365
14152,75,7,1997.3400000000001,285.3342857142857,104,0.2222222222222222,0.15037593984962405,0.39097744360902253
14153,483,1,233.4,233.4,17,0.0,0.0,0.7058823529411765
14154,239,8,6460.7,807.5875,236,0.2,0.0,0.6575342465753424
14155,266,1,118.75,118.75,6,0.0,0.0,0.6666666666666666
14157,20,5,978.69,195.738,75,0.16666666666666666,0.5411764705882353,0.47058823529411764
14158,40,1,507.66,507.66,41,0.0,1.0,0.5609756097560976
14159,20,20,7860.8,393.04,706,0.2,0.2636165577342048,0.3420479302832244
14160,610,7,8421.47,1203.067142857143,80,0.0,0.514018691588785,0.38317757009345793
14161,216,7,2996.93,428.1328571428571,202,0.0,1.0,0.3898916967509025
14162,174,2,289.36,144.68,25,0.0,1.0,0.36
14163,87,5,2594.62,518.924,42,0.0,0.29310344827586204,0.3275862068965517
14164,71,2,1631.77,815.885,28,0.0,0.0,0.4827586206896552
14165,276,1,120.44,120.44,23,0.0,0.0,0.4583333333333333
14166,505,2,251.15,125.575,39,0.0,0.0,0.45098039215686275
14167,39,8,1274.29,159.28625,48,0.0,0.0,0.5565217391304348
14168,421,2,370.45,185.225,11,0.3333333333333333,0.0,0.6
14169,431,2,621.51,310.755,50,0.0,0.0,0.375
14170,375,3,570.18,190.05999999999997,123,0.0,0.0,0.4206896551724138
14171,98,2,498.79,249.395,61,0.0,0.0,0.296875
14172,605,3,369.02,123.00666666666666,38,0.25,0.4090909090909091,0.25
14173,11,6,586.0,97.66666666666667,30,0.14285714285714285,0.0,0.30303030303030304
14174,33,1,134.46,134.46,26,0.0,1.0,0.46153846153846156
14175,60,8,7678.88,959.86,237,0.5294117647058824,0.13293051359516617,0.3564954682779456
14176,297,5,756.46,151.292,33,0.16666666666666666,0.0,0.5135135135135135
14177,86,13,2209.69,169.97615384615386,141,0.07142857142857142,0.004878048780487805,0.32195121951219513
14178,9,7,1600.26,228.60857142857142,191,0.0,0.16037735849056603,0.449685534591195
14179,41,2,701.57,350.785,135,0.0,0.24203821656050956,0.3885350318471338
14180,11,33,6117.5,185.37878787878788,125,0.21428571428571427,0.04498269896193772,0.5397923875432526
14181,411,2,308.35,154.175,48,0.0,0.0,0.3076923076923077
14182,444,4,678.77,169.6925,42,0.2,0.0,0.36
14183,411,2,278.34000000000003,139.17000000000002,27,0.0,1.0,0.20588235294117646
14184,67,1,452.89,452.89,24,0.0,0.0,0.5416666666666666
14185,331,1,197.65,197.65,3,0.0,0.0,0.6666666666666666
14186,427,5,1550.63,310.12600000000003,75,0.0,0.0,0.36538461538461536
14187,474,1,123.5,123.5,8,0.0,0.0,0.25
14188,31,6,2054.36,342.3933333333334,34,0.4,0.0,0.35384615384615387
14189,2,16,5503.15,343.946875,199,0.36,0.06514657980456026,0.46579804560260585
14190,666,1,79.9,79.9,1,0.0,0.0,1.0
14191,2,15,4817.66,321.1773333333333,147,0.11764705882352941,0.0,0.27547169811320754
14192,388,1,293.74,293.74,14,0.0,0.0,0.5
14193,68,3,1210.19,403.3966666666667,49,0.0,0.0,0.5625
14194,5,36,18670.59,518.6275,432,0.3333333333333333,0.1407563025210084,0.3329831932773109
14195,202,6,2615.6,435.93333333333334,10,0.4,0.25,0.5
14196,107,1,335.52,335.52,6,0.0,0.0,0.3333333333333333
14197,411,1,390.05,390.05,20,0.0,0.0,0.7
14198,18,9,1569.73,174.41444444444446,58,0.3076923076923077,0.0989010989010989,0.23076923076923078
14199,218,4,1091.7,272.92499999999995,15,0.3333333333333333,0.2777777777777778,0.7222222222222222
14200,617,1,379.2,379.2,21,0.0,0.0,0.38095238095238093
14201,60,10,1193.54,119.354,47,0.16666666666666666,0.10909090909090909,0.32727272727272727
14202,381,3,847.76,282.58666666666664,27,0.0,0.0,0.6551724137931034
14203,397,1,339.34,339.34,16,0.0,1.0,0.5625
14204,2,4,1024.83,256.2075,186,0.0,0.0,0.2318181818181818
14205,17,9,2414.2,268.2444444444444,79,0.25,0.3252032520325203,0.3821138211382114
14206,239,3,1185.01,395.0033333333333,62,0.4,0.0,0.5774647887323944
14207,688,1,157.8,157.8,2,0.0,0.0,0.5
14208,95,2,567.05,283.525,34,0.0,0.7142857142857143,0.4
14209,11,15,4993.27,332.8846666666667,133,0.21052631578947367,0.04329004329004329,0.48484848484848486
14210,106,16,5556.570000000001,347.285625,143,0.23809523809523808,0.054140127388535034,0.37898089171974525
14211,53,18,4402.29,244.57166666666666,155,0.3076923076923077,0.14583333333333334,0.37083333333333335
14212,90,2,2190.14,1095.07,18,0.0,0.42857142857142855,0.3333333333333333
14213,405,1,1192.2,1192.2,5,0.5,1.0,1.0
14214,31,5,1004.38,200.876,64,0.2857142857142857,0.0,0.3582089552238806
14215,12,9,3250.33,361.1477777777778,167,0.1,0.0,0.3763440860215054
14216,3,5,2150.04,430.008,65,0.16666666666666666,0.0,0.3116883116883117
14217,2,23,3298.59,143.41695652173914,122,0.30303030303030304,0.09770114942528736,0.41379310344827586
14218,43,1,169.48000000000002,169.48000000000002,12,0.0,0.0,0.4166666666666667
14219,4,3,633.83,211.27666666666664,39,0.0,0.0,0.4418604651162791
14220,247,4,1515.0,378.75,26,0.0,0.0,0.6842105263157895
14221,42,17,6517.49,383.38176470588235,166,0.10526315789473684,0.138328530259366,0.3515850144092219
14222,177,1,683.17,683.17,41,0.0,0.0,0.3170731707317073
14223,92,3,991.13,330.37666666666667,50,0.25,0.3,0.2833333333333333
14224,110,9,1841.71,204.63444444444445,189,0.0,0.7816593886462883,0.5021834061135371
14225,435,4,2031.07,507.7675,70,0.2,0.0,0.47674418604651164
14226,29,6,2985.13,497.5216666666667,89,0.3333333333333333,0.0,0.5979381443298969
14227,26,15,6368.71,424.5806666666667,246,0.3181818181818182,0.03978779840848806,0.3156498673740053
14228,438,3,745.5,248.5,38,0.0,0.0,0.3684210526315789
14229,52,7,2594.04,370.57714285714286,41,0.36363636363636365,0.0,0.7916666666666666
14230,436,3,979.8000000000001,326.59999999999997,27,0.0,0.0,0.42424242424242425
14231,184,4,1235.6200000000001,308.905,66,0.3333333333333333,0.0,0.3333333333333333
14232,43,5,2048.07,409.61400000000003,81,0.375,0.40869565217391307,0.3739130434782609
14233,49,7,2904.27,414.8957142857143,42,0.3,0.0,0.3561643835616438
14234,22,4,754.12,188.53,122,0.0,0.0,0.272108843537415
14235,75,9,4717.99,524.2211111111112,107,0.1,0.0472972972972973,0.40540540540540543
14236,81,5,1555.34,311.06800000000004,39,0.2857142857142857,0.0,0.48936170212765956
14237,373,2,471.14,235.57,26,0.3333333333333333,0.0,0.5769230769230769
14238,326,3,434.23,144.74333333333334,13,0.0,0.15384615384615385,0.5384615384615384
14239,43,21,4263.17,203.00809523809525,97,0.125,0.06190476190476191,0.2523809523809524
14240,30,3,1247.49,415.83,46,0.0,0.0,0.45901639344262296
14241,184,2,333.70000000000005,166.85000000000002,12,0.0,0.0,0.4166666666666667
14242,235,2,280.55,140.27499999999998,13,0.0,0.0,0.625
14243,9,17,7217.75,424.5735294117647,235,0.2608695652173913,0.10192837465564739,0.31955922865013775
14244,661,1,366.41999999999996,366.41999999999996,16,0.5,0.0,0.625
14245,220,2,1693.45,846.725,107,0.6,0.0,0.4537037037037037
14246,111,3,1474.06,491.3533333333333,57,0.0,0.3333333333333333,0.5466666666666666
14247,278,5,753.56,150.712,82,0.16666666666666666,1.0,0.49557522123893805
14248,318,3,1032.95,344.31666666666666,41,0.0,0.0,0.5106382978723404
14249,411,12,5400.461,450.0384166666667,178,0.0,0.4852941176470588,0.30514705882352944
14250,7,3,1904.05,634.6833333333333,94,0.0,0.6666666666666666,0.3963963963963964
14251,2,5,2879.7000000000003,575.9399999999999,37,0.0,0.0,0.6153846153846154
14252,381,1,350.99,350.99,10,0.0,0.0,0.8
14253,493,2,363.40000000000003,181.70000000000002,11,0.0,0.0,0.25
14254,433,1,601.03,601.03,23,0.0,1.0,0.34782608695652173
14255,546,1,1000.63,1000.63,1,0.75,0.0,1.0
14256,260,5,2460.79,492.158,100,0.4444444444444444,0.0,0.43609022556390975
14257,64,9,5954.45,661.6055555555555,167,0.1,0.029166666666666667,0.44166666666666665
14258,9,25,32051.34,1282.0536,97,0.21875,0.07333333333333333,0.16666666666666666
14259,142,1,120.0,120.0,5,0.0,0.0,0.6
14260,471,3,824.28,274.76,50,0.0,0.0,0.43137254901960786
14261,51,2,1163.45,581.725,52,0.0,0.0,0.36538461538461536
14262,8,8,2618.23,327.27875,87,0.0,0.0,0.36363636363636365
14263,423,1,322.93,322.93,16,0.0,0.0,0.25
14264,155,6,1517.3600000000001,252.89333333333335,59,0.25,0.22784810126582278,0.35443037974683544
14266,428,1,40.56,40.56,1,0.0,0.0,1.0
14267,163,3,1516.24,505.41333333333336,25,0.6666666666666666,0.0,0.6181818181818182
14268,471,1,354.85,354.85,19,0.0,0.0,0.3157894736842105
14269,439,1,295.73,295.73,16,0.5,1.0,0.75
14270,332,1,492.65000000000003,492.65000000000003,29,0.0,0.0,0.5862068965517241
14271,226,2,214.18,107.09,38,0.0,0.0,0.39473684210526316
14272,74,4,920.81,230.20250000000001,62,0.0,0.0,0.3125
14273,51,4,559.97,139.9925,22,0.0,0.0,0.3793103448275862
14274,686,1,256.6,256.6,15,0.0,0.0,0.4666666666666667
14275,396,6,1189.3799999999999,198.23,14,0.0,0.34782608695652173,0.2608695652173913
14276,99,7,2102.68,300.3828571428571,75,0.46153846153846156,0.19834710743801653,0.30578512396694213
14278,410,1,205.83,205.83,13,0.0,0.0,0.6153846153846154
14279,521,2,191.86,95.93,3,0.0,0.0,0.3333333333333333
14280,197,1,134.04,134.04,8,0.0,0.0,0.625
14281,408,1,245.15,245.15,7,0.0,0.0,0.42857142857142855
14282,3,25,7250.76,290.0304,100,0.038461538461538464,0.058577405857740586,0.2301255230125523
14283,463,4,628.4399999999999,157.11,36,0.0,0.0,0.43902439024390244
14284,31,3,1299.65,433.2166666666667,59,0.25,0.0,0.417910447761194
14285,21,8,3284.42,410.5525,48,0.1111111111111111,0.26229508196721313,0.45901639344262296
14286,24,7,8479.76,1211.3942857142858,270,0.4166666666666667,0.17034068136272545,0.48697394789579157
14287,8,3,176.63,58.876666666666665,9,0.25,0.0,0.3333333333333333
14288,213,1,426.6,426.6,16,0.5,0.0,0.6875
14289,9,6,911.26,151.87666666666667,33,0.0,0.0,0.2978723404255319
14290,11,8,4516.56,564.57,120,0.42857142857142855,0.0,0.3973509933774834
14291,2,23,7904.1,343.6565217391304,241,0.08,0.1437246963562753,0.611336032388664
14292,8,16,9226.25,576.640625,120,0.4074074074074074,0.22279792746113988,0.47668393782383417
14293,3,9,2903.01,322.5566666666667,88,0.1,0.20168067226890757,0.40336134453781514
14294,407,1,375.34,375.34,23,0.0,0.0,0.8695652173913043
14295,40,5,2362.91,472.582,66,0.375,0.06944444444444445,0.4722222222222222
14296,421,2,456.40000000000003,228.2,27,0.3333333333333333,0.0,0.4074074074074074
14297,18,4,1305.33,326.3325,48,0.3333333333333333,0.0,0.41935483870967744
14298,8,82,91194.49,1112.1279268292683,1370,0.023809523809523808,0.0,0.26222067039106145
14299,8,27,14070.25,521.1203703703703,164,0.34146341463414637,0.08358208955223881,0.39104477611940297
14300,19,1,43.2,43.2,3,0.0,0.0,0.6666666666666666
14301,117,4,1992.18,498.045,37,0.42857142857142855,0.5471698113207547,0.2641509433962264
14302,431,3,742.9000000000001,247.63333333333335,25,0.0,0.0,0.5
14303,407,2,277.94,138.97,21,0.0,0.0,0.5
14304,223,3,1725.01,575.0033333333333,69,0.4,0.19318181818181818,0.6931818181818182
14305,71,3,1858.96,619.6533333333333,96,0.4,0.0,0.5047619047619047
14306,51,6,3151.4,525.2333333333333,43,0.14285714285714285,0.21739130434782608,0.3695652173913043
14307,89,10,4287.92,428.79200000000003,205,0.09090909090909091,0.0,0.3969465648854962
14308,549,2,1147.02,573.51,1,0.6,0.0,1.0
14309,8,11,3780.81,343.71,125,0.08333333333333333,0.0,0.4973544973544973
14310,433,1,492.1,492.1,22,0.0,1.0,0.9545454545454546
14311,243,2,516.45,258.225,31,0.3333333333333333,0.0,0.3548387096774194
14312,47,11,3090.29,280.93545454545455,148,0.0,0.0,0.4
14314,107,2,229.8,114.9,10,0.3333333333333333,0.0,0.4
14315,45,8,3197.82,399.72749999999996,83,0.2,0.0,0.49624060150375937
14316,422,5,1370.34,274.068,21,0.16666666666666666,0.0,0.2903225806451613
14317,65,1,508.58000000000004,508.58000000000004,24,0.0,0.0,0.5
14318,460,1,158.02,158.02,9,0.0,1.0,0.5555555555555556
14319,424,1,494.85,494.85,26,0.5,0.0,0.6153846153846154
14320,207,5,1346.75,269.35,68,0.2857142857142857,0.0,0.38271604938271603
14321,11,7,2218.06,316.86571428571426,162,0.125,0.0,0.3687150837988827
14322,429,4,474.1,118.525,10,0.3333333333333333,0.0,0.38461538461538464
14323,115,2,605.0600000000001,302.53,32,0.5,0.0,0.5
14324,410,2,701.61,350.805,41,0.0,0.0,0.4146341463414634
14325,570,1,245.48000000000002,245.48000000000002,18,0.0,0.0,0.3888888888888889
14326,242,3,940.98,313.66,54,0.25,0.0,0.45614035087719296
14327,163,6,1894.93,315.82166666666666,99,0.0,0.0,0.4339622641509434
14328,438,1,445.05,445.05,1,0.6666666666666666,0.0,1.0
14329,17,15,9887.62,659.1746666666667,349,0.4642857142857143,0.0,0.44565217391304346
14330,624,1,200.63,200.63,13,0.0,0.0,0.3076923076923077
14331,124,2,462.65999999999997,231.33,27,0.0,0.14285714285714285,0.7142857142857143
14332,23,5,1917.41,383.482,47,0.0,0.0,0.3709677419354839
14333,68,1,415.2,415.2,15,0.5,0.0,0.8666666666666667
14334,17,12,4318.48,359.8733333333333,148,0.14285714285714285,0.12403100775193798,0.37209302325581395
14336,17,4,1614.91,403.7275,77,0.0,0.0,0.3333333333333333
14338,161,3,928.1,309.3666666666667,43,0.4,0.0,0.44
14339,243,2,620.27,310.135,21,0.6,0.0,0.34782608695652173
14340,219,1,134.7,134.7,6,0.0,0.0,0.8333333333333334
14341,45,18,4452.02,247.33444444444447,185,0.1,0.17735849056603772,0.33584905660377357
14342,21,6,918.44,153.07333333333335,27,0.3333333333333333,0.06060606060606061,0.42424242424242425
14343,421,4,1079.66,269.915,193,0.0,0.09401709401709402,0.4188034188034188
14344,127,20,2993.05,149.6525,140,0.0,0.0,0.39565217391304347
14345,39,1,108.97999999999999,108.97999999999999,6,0.0,0.0,0.6666666666666666
14346,121,5,2315.75,463.15,123,0.0,0.2602739726027397,0.3424657534246575
14347,737,1,82.6,82.6,6,0.0,0.0,0.5
14348,260,1,409.57,409.57,18,0.0,0.0,0.7222222222222222
14349,10,1,133.5,133.5,31,0.0,0.0,0.3870967741935484
14350,274,3,972.03,324.01,55,0.25,0.0,0.3559322033898305
14351,165,1,51.0,51.0,1,0.0,0.0,1.0
14352,157,4,1078.96,269.74,44,0.0,0.0,0.5319148936170213
14353,215,3,376.5,125.5,18,0.0,0.24,0.6
14354,6,2,163.62,81.81,9,0.0,0.3333333333333333,0.5555555555555556
14355,366,3,840.0500000000001,280.0166666666667,57,0.0,0.0,0.45
14356,80,2,701.23,350.615,33,0.5,0.0,0.48484848484848486
14357,43,1,225.12,225.12,39,0.0,0.0,0.4
14358,389,2,400.06,200.02999999999997,21,0.3333333333333333,0.0,0.76
14359,19,3,912.18,304.06,44,0.5,0.14545454545454545,0.45454545454545453
14360,32,4,2118.03,529.5074999999999,104,0.0,0.0,0.48717948717948717
14361,579,1,214.70999999999998,214.70999999999998,14,0.0,0.0,0.5714285714285714
14362,22,1,151.5,151.5,37,0.0,0.0,0.40540540540540543
14363,402,2,227.47000000000003,113.735,8,0.0,0.0,0.75
14364,109,8,3717.35,464.66875,61,0.0,0.18840579710144928,0.4057971014492754
14365,395,2,634.68,317.34000000000003,50,0.0,0.0,0.5294117647058824
14366,525,1,136.0,136.0,1,0.0,0.0,1.0
14367,8,16,9227.82,576.73875,270,0.15789473684210525,0.07293666026871401,0.3570057581573896
14368,320,1,155.0,155.0,8,0.0,0.0,0.875
14369,642,2,469.13,234.565,24,0.0,0.7307692307692307,0.3076923076923077
14370,451,6,1175.78,195.96333333333334,37,0.3333333333333333,0.20454545454545456,0.38636363636363635
14371,295,1,100.5,100.5,4,0.0,0.0,0.75
14372,443,2,860.08,430.04,36,0.3333333333333333,0.0,0.5263157894736842
14373,358,1,76.55,76.55,4,0.0,0.0,0.5
14374,541,1,108.0,108.0,7,0.0,0.0,0.5714285714285714
14375,185,3,1106.82,368.94,176,0.0,0.0,0.34146341463414637
14376,683,1,215.46,215.46,17,0.0,0.0,0.2777777777777778
14377,191,2,617.05,308.525,11,0.0,0.0,0.6363636363636364
14378,622,1,131.25,131.25,9,0.0,1.0,0.7777777777777778
14379,44,4,1265.16,316.28999999999996,93,0.0,0.0,0.546875
14380,682,1,48.96,48.96,1,0.5,0.0,1.0
14381,52,2,625.9399999999999,312.97,104,0.0,0.0,0.3125
14382,26,2,1193.6299999999999,596.815,227,0.3333333333333333,1.0,0.31899641577060933
14383,38,3,1247.69,415.8966666666667,49,0.0,0.0,0.4067796610169492
14384,501,1,58.5,58.5,3,0.0,0.0,0.3333333333333333
14385,9,3,202.11,67.36999999999999,13,0.0,0.0,0.35714285714285715
14386,297,1,142.4,142.4,7,0.0,0.0,0.5714285714285714
14387,33,3,1727.6,575.8666666666667,125,0.0,0.0,0.3237410071942446
14388,10,16,6388.2,399.2625,184,0.2,0.05089058524173028,0.3994910941475827
14389,65,5,1898.01,379.602,48,0.5454545454545454,0.0,0.3333333333333333
14390,10,13,6150.03,473.0792307692308,197,0.2777777777777778,0.19825708061002179,0.4139433551198257
14391,577,1,135.6,135.6,14,0.0,0.0,0.8571428571428571
14392,432,1,266.4,266.4,14,0.0,1.0,0.7857142857142857
14393,218,1,67.95,67.95,5,0.0,0.0,1.0
14394,565,1,93.8,93.8,6,0.0,0.0,0.6666666666666666
14395,2,20,7801.93,390.0965,320,0.16666666666666666,0.1668806161745828,0.31065468549422337
14396,65,7,1969.38,281.34000000000003,202,0.0,0.5220883534136547,0.2570281124497992
14397,3,19,2612.96,137.52421052631578,18,0.17391304347826086,0.11494252873563218,0.367816091954023
14398,401,2,707.79,353.895,50,0.0,0.0,0.3018867924528302
14399,394,8,2108.21,263.52625,119,0.1111111111111111,0.0,0.6302083333333334
14400,149,3,1732.47,577.49,71,0.4,0.0,0.5068493150684932
14401,4,22,6795.9,308.9045454545454,171,0.12,0.0,0.2669172932330827
14402,652,1,285.6,285.6,8,0.0,0.0,0.75
14403,130,6,1880.51,313.41833333333335,20,0.3333333333333333,0.0,0.44
14404,34,13,2724.13,209.54846153846154,123,0.13333333333333333,0.6353591160220995,0.35911602209944754
14405,387,1,195.0,195.0,2,0.0,0.0,1.0
14406,119,1,156.75,156.75,8,0.0,0.0,0.375
14407,107,6,2157.73,359.62166666666667,67,0.3333333333333333,0.0,0.3835616438356164
14408,11,11,4102.27,372.9336363636364,63,0.0,0.0703125,0.3515625
14409,71,9,3427.29,380.81,76,0.1,0.0,0.34615384615384615
14410,92,11,2631.9,239.26363636363638,307,0.35294117647058826,0.33766233766233766,0.38701298701298703
14411,311,1,1063.0,1063.0,14,0.0,0.0,0.9285714285714286
14412,43,3,1426.19,475.3966666666667,75,0.25,0.0,0.6071428571428571
14413,362,4,764.52,191.13,93,0.0,0.22916666666666666,0.5520833333333334
14414,92,8,2399.33,299.91625,99,0.1111111111111111,0.17796610169491525,0.2711864406779661
14415,1,23,11980.09,520.8734782608695,445,0.28125,0.3873581847649919,0.40437601296596437
14416,22,2,490.22,245.11,13,0.0,0.0,0.42857142857142855
14417,388,1,524.65,524.65,106,0.0,0.0,0.5641025641025641
14418,4,3,1937.25,645.75,114,0.0,0.0,0.3790322580645161
14419,11,7,1254.64,179.23428571428573,118,0.0,0.0,0.5022222222222222
14420,99,4,1639.17,409.7925,85,0.42857142857142855,0.24731182795698925,0.5053763440860215
14421,57,6,2469.37,411.56166666666667,72,0.14285714285714285,0.4479166666666667,0.3958333333333333
14422,1,19,10271.52,540.6063157894737,317,0.09523809523809523,0.059782608695652176,0.3641304347826087
14423,218,3,916.6099999999999,305.53666666666663,12,0.25,0.0,0.6666666666666666
14424,18,1,322.08,322.08,1,0.0,0.0,1.0
14425,435,3,661.39,220.46333333333334,35,0.4,0.0,0.5384615384615384
14426,24,17,11727.94,689.8788235294118,452,0.37037037037037035,0.033112582781456956,0.34271523178807944
14427,50,4,1263.52,315.88,43,0.0,0.0,0.4318181818181818
14428,7,5,1224.06,244.81199999999998,108,0.2857142857142857,0.0,0.4744525547445255
14429,404,1,516.28,516.28,22,0.0,0.0,0.7272727272727273
14430,512,3,1220.9,406.9666666666667,29,0.4,0.6285714285714286,0.3142857142857143
14431,303,4,2614.2,653.55,72,0.2,0.0,0.41975308641975306
14432,10,6,2248.5,374.75,256,0.0,0.9496021220159151,0.2546419098143236
14433,466,1,280.7,280.7,72,0.0,0.0,0.35135135135135137
14434,22,6,1372.8,228.79999999999998,3,0.0,0.0,1.0
14435,502,1,90.42,90.42,3,0.0,0.0,0.6666666666666666
14436,99,2,271.70000000000005,135.85000000000002,11,0.0,0.0,0.2727272727272727
14437,366,5,873.34,174.668,34,0.2857142857142857,0.16666666666666666,0.2619047619047619
14438,306,1,131.9,131.9,9,0.0,1.0,0.5555555555555556
14440,8,13,5982.03,460.15615384615387,63,0.13333333333333333,0.0,0.2265625
14441,1,11,4611.6900000000005,419.2445454545454,103,0.42105263157894735,0.16883116883116883,0.38961038961038963
14443,54,5,2082.97,416.59399999999994,119,0.375,0.19548872180451127,0.46616541353383456
14444,456,1,120.44,120.44,11,0.0,0.0,0.36363636363636365
14445,456,1,221.65,221.65,32,0.0,0.0,0.5
14446,1,5,1200.28,240.05599999999998,259,0.0,0.0,0.27899686520376177
14447,19,6,1711.73,285.28833333333336,81,0.0,0.0,0.5849056603773585
14448,9,2,375.35,187.675,20,0.0,0.0,0.4
14449,19,8,2230.96,278.87,301,0.0,0.0,0.4078674948240166
14450,181,7,1128.44,161.2057142857143,47,0.0,0.5263157894736842,0.4605263157894737
14451,60,12,3258.68,271.5566666666667,245,0.3333333333333333,0.451171875,0.458984375
14452,11,4,658.95,164.7375,108,0.0,0.0,0.3798449612403101
14453,190,1,119.93,119.93,22,0.0,0.0,0.22727272727272727
14454,376,5,977.3,195.45999999999998,93,0.16666666666666666,1.0,0.5545454545454546
14455,432,4,617.72,154.43,65,0.2,0.922077922077922,0.45454545454545453
14456,5,9,3017.28,335.25333333333333,580,0.35714285714285715,0.604012671594509,0.3780359028511088
14457,311,1,113.64,113.64,4,0.0,0.0,0.5
14458,381,1,228.07,228.07,46,0.0,0.0,0.2553191489361702
14459,155,2,5375.741,2687.8705,113,0.3333333333333333,0.0,0.336283185840708
14460,110,9,1093.5,121.5,33,0.25,0.38095238095238093,0.30952380952380953
14461,148,13,6676.91,513.6084615384615,515,0.07142857142857142,0.0,0.3710691823899371
14462,66,12,2242.81,186.90083333333334,182,0.25,0.2597864768683274,0.3416370106761566
14463,98,4,786.5699999999999,196.64249999999998,7,0.0,0.0,0.625
14464,568,2,111.0,55.5,4,0.0,0.0,0.25
14465,247,11,3925.85,356.8954545454545,128,0.0,0.046632124352331605,0.3160621761658031
14466,29,13,4267.15,328.2423076923077,77,0.0,0.1941747572815534,0.4077669902912621
14467,18,12,2203.2400000000002,183.60333333333332,144,0.0,0.0,0.5148514851485149
14468,734,1,204.24,204.24,12,0.0,1.0,0.25
14469,416,4,2093.46,523.365,120,0.0,0.0,0.5655172413793104
14470,12,3,712.04,237.34666666666666,56,0.0,0.0,0.38333333333333336
14471,591,2,400.95,200.475,38,0.0,0.0,0.1951219512195122
14472,104,9,2118.72,235.4133333333333,173,0.0,0.8576051779935275,0.3365695792880259
14473,74,2,234.34000000000003,117.17000000000002,7,0.0,0.0,0.42857142857142855
14474,46,2,1258.8899999999999,629.4449999999999,122,0.3333333333333333,0.7716535433070866,0.4566929133858268
14475,72,4,1151.15,287.7875,40,0.42857142857142855,0.0,0.3958333333333333
14476,257,1,193.0,193.0,17,0.0,1.0,0.5294117647058824
14477,20,7,1969.6,281.37142857142857,7,0.3,0.21428571428571427,0.5714285714285714
14478,382,4,1276.66,319.16499999999996,59,0.0,0.0,0.5294117647058824
14479,254,4,1124.71,281.1775,127,0.0,0.8705035971223022,0.5323741007194245
14480,11,4,1299.52,324.88,52,0.2,0.0,0.47692307692307695
14481,165,5,2284.69,456.938,114,0.16666666666666666,0.28,0.43333333333333335
14482,18,12,4306.72,358.8933333333334,185,0.14285714285714285,0.045081967213114756,0.46311475409836067
14483,282,2,257.1,128.55,13,0.3333333333333333,0.0,0.5384615384615384
14484,50,4,1070.98,267.745,47,0.0,0.0,0.33962264150943394
14485,39,1,162.8,162.8,44,0.0,0.0,0.43478260869565216
14486,512,2,175.5,87.75,4,0.0,0.0,0.5
14487,27,7,1266.27,180.8957142857143,129,0.125,0.7559523809523809,0.31547619047619047
14488,68,1,1064.28,1064.28,46,0.5,0.0,0.5
14489,207,4,1574.93,393.7325,65,0.0,0.0,0.36
14490,406,2,1273.47,636.735,72,0.0,0.0,0.4125
14491,175,2,340.93,170.465,17,0.0,0.0,0.4117647058823529
14492,430,7,1921.91,274.55857142857144,70,0.3,0.10869565217391304,0.3804347826086957
14493,7,10,5087.86,508.78600000000006,292,0.2857142857142857,0.16338028169014085,0.37464788732394366
14494,26,3,401.46,133.82000000000002,17,0.0,0.0,0.5294117647058824
14495,51,3,174.8,58.26666666666667,7,0.25,0.0,0.2857142857142857
14496,312,7,2363.89,337.6985714285714,64,0.3,0.08490566037735849,0.37735849056603776
14497,309,2,697.0600000000001,348.53,40,0.3333333333333333,0.0,0.6
14498,43,10,3900.83,390.08299999999997,276,0.0,0.0,0.35772357723577236
14499,26,7,2101.79,300.2557142857143,199,0.3,0.617363344051447,0.45016077170418006
14500,88,3,356.85,118.95,6,0.0,0.0,0.8571428571428571
14501,184,2,251.21,125.605,9,0.3333333333333333,0.0,0.4
14502,20,11,2429.83,220.89363636363635,368,0.21428571428571427,0.8322368421052632,0.43585526315789475
14503,3,6,3543.26,590.5433333333334,113,0.0,0.21951219512195122,0.3597560975609756
14504,47,4,673.26,168.315,85,0.0,0.794392523364486,0.308411214953271
14505,17,19,11879.08,625.2147368421053,898,0.2962962962962963,0.3688888888888889,0.26412698412698415
14506,17,7,2960.25,422.89285714285717,251,0.0,0.11306532663316583,0.4547738693467337
14507,24,11,3216.7400000000002,292.4309090909091,182,0.21428571428571427,0.3178294573643411,0.4573643410852713
14508,22,5,822.92,164.584,142,0.16666666666666666,0.4293785310734463,0.4576271186440678
14509,534,1,110.95,110.95,25,0.0,0.0,0.36
14510,376,3,979.85,326.6166666666667,67,0.25,0.0,0.5466666666666666
14511,11,5,1314.81,262.962,53,0.16666666666666666,0.25,0.4264705882352941
14512,188,7,1215.97,173.71,55,0.0,0.31645569620253167,0.5063291139240507
14513,101,6,788.01,131.335,15,0.14285714285714285,0.05263157894736842,0.2631578947368421
14514,61,9,4380.04,486.6711111111111,212,0.1,0.2507836990595611,0.3730407523510972
14515,18,12,3724.06,310.3383333333333,109,0.2,0.0,0.27167630057803466
14516,516,1,151.17,151.17,35,0.0,1.0,0.3142857142857143
14517,33,2,330.45,165.225,17,0.0,0.2222222222222222,0.5555555555555556
14518,64,1,174.37,174.37,16,0.0,0.0,0.5
14519,684,2,203.14,101.57,38,0.0,0.0,0.3157894736842105
14520,2,2,270.6,135.3,3,0.0,0.0,0.5
14521,491,1,199.45000000000002,199.45000000000002,17,0.5,0.0,0.35294117647058826
14522,24,8,1748.42,218.5525,34,0.0,0.13333333333333333,0.26666666666666666
14523,108,1,241.09,241.09,12,0.0,0.0,0.25
14524,32,13,2909.86,223.8353846153846,250,0.0,0.13664596273291926,0.40683229813664595
14525,20,17,8026.54,472.14941176470586,340,0.19047619047619047,0.21102661596958175,0.3726235741444867
14526,389,1,258.65,258.65,41,0.0,0.0,0.3902439024390244
14527,3,122,27246.88,223.3350819672131,607,0.35789473684210527,0.03296703296703297,0.3209549071618037
14528,37,1,364.21999999999997,364.21999999999997,18,0.0,0.0,0.3888888888888889
14529,60,3,578.61,192.87,177,0.0,0.2347417840375587,0.43661971830985913
14530,26,16,6088.87,380.554375,269,0.15789473684210525,0.0,0.40380549682875266
14531,480,1,376.34,376.34,29,0.0,0.0,0.5862068965517241
14532,236,11,3845.78,349.61636363636364,209,0.08333333333333333,0.9554140127388535,0.30254777070063693
14533,25,11,3466.37,315.12454545454545,74,0.26666666666666666,0.2808988764044944,0.34831460674157305
14534,3,26,6187.66,237.98692307692306,437,0.3157894736842105,0.01818181818181818,0.4461538461538462
14535,60,9,5973.2300000000005,663.6922222222222,589,0.18181818181818182,0.0,0.31272727272727274
14536,260,1,170.95,170.95,18,0.0,0.0,0.6666666666666666
14537,58,2,641.4,320.70000000000005,23,0.3333333333333333,0.0,0.391304347826087
14538,65,5,1370.8400000000001,274.168,45,0.0,0.34615384615384615,0.34615384615384615
14539,16,2,537.48,268.74,31,0.0,0.0,0.40625
14540,10,11,3709.64,337.24,197,0.08333333333333333,0.17045454545454544,0.29545454545454547
14541,59,14,2491.38,177.9557142857143,99,0.0,0.0,0.38285714285714284
14542,186,1,103.25,103.25,5,0.0,0.0,1.0
14543,29,39,14587.87,374.0479487179487,106,0.22,0.0,0.41037735849056606
14544,24,3,2938.53,979.5099999999999,148,0.0,0.0,0.5240641711229946
14545,674,1,349.25,349.25,23,0.0,0.0,0.391304347826087
14546,5,11,5184.84,471.34909090909093,410,0.45,0.640506329113924,0.34430379746835443
14547,4,8,3974.75,496.84375,198,0.1111111111111111,0.8619718309859155,0.2619718309859155
14548,151,9,2541.29,282.36555555555555,66,0.0,0.4909090909090909,0.34545454545454546
14549,311,4,913.6,228.4,117,0.0,0.1888111888111888,0.3776223776223776
14550,11,4,1345.06,336.265,77,0.0,0.0,0.30927835051546393
14551,18,7,878.09,125.44142857142857,69,0.2222222222222222,0.7974683544303798,0.5316455696202531
14552,152,3,507.93,169.31,124,0.0,0.0,0.37662337662337664
14553,19,9,1818.6,202.06666666666666,233,0.1,0.8645833333333334,0.4409722222222222
14554,10,4,2279.4900000000002,569.8725,147,0.0,0.0,0.42857142857142855
14555,57,6,2304.03,384.00500000000005,94,0.14285714285714285,0.0,0.4188034188034188
14556,596,3,815.69,271.8966666666667,158,0.0,0.0,0.3112244897959184
14557,85,1,788.38,788.38,16,0.5,0.0,0.5625
14558,654,3,655.5,218.5,13,0.4,0.0,0.4666666666666667
14559,390,1,75.6,75.6,2,0.0,1.0,0.5
14560,7,44,6114.03,138.95522727272726,60,0.043478260869565216,0.255,0.43
14561,76,3,1080.76,360.25333333333333,67,0.0,0.4782608695652174,0.391304347826087
14562,4,26,6638.150000000001,255.31346153846152,245,0.13333333333333333,0.22795341098169716,0.3826955074875208
14563,510,2,640.54,320.27,95,0.0,0.19811320754716982,0.39622641509433965
14565,96,5,3859.2200000000003,771.844,139,0.2857142857142857,0.0,0.3625
14567,57,2,1530.3600000000001,765.1800000000001,33,0.3333333333333333,0.0,0.48484848484848486
14569,1,4,597.3299999999999,149.33249999999998,31,0.0,0.0,0.38235294117647056
14570,281,3,613.75,204.58333333333334,64,0.0,0.0,0.2647058823529412
14571,425,1,160.0,160.0,30,0.0,1.0,0.6333333333333333
14572,3,11,5526.88,502.44363636363636,336,0.26666666666666666,0.3806706114398422,0.398422090729783
14573,180,13,2163.12,166.39384615384614,183,0.23529411764705882,0.24193548387096775,0.47419354838709676
14574,733,1,143.70000000000002,143.70000000000002,11,0.0,0.0,0.36363636363636365
14575,488,1,420.22,420.22,71,0.0,1.0,0.3055555555555556
14576,372,1,35.400000000000006,35.400000000000006,1,0.0,0.0,1.0
14577,13,7,1364.15,194.87857142857143,104,0.0,0.3901098901098901,0.3901098901098901
14578,3,1,168.63,168.63,24,0.0,0.0,0.4583333333333333
14579,432,1,105.56,105.56,24,0.0,1.0,0.44
14580,518,1,14.850000000000001,14.850000000000001,1,0.0,0.0,1.0
14581,17,2,409.65,204.825,59,0.0,0.7166666666666667,0.38333333333333336
14582,41,1,114.11,114.11,6,0.0,1.0,0.3333333333333333
14583,6,8,1660.29,207.53625,353,0.0,0.39655172413793105,0.3426724137931034
14584,169,8,1738.16,217.27,127,0.1111111111111111,0.0,0.3944954128440367
14585,50,5,1143.27,228.654,88,0.0,0.0,0.5945945945945946
14586,277,1,237.36,237.36,19,0.6666666666666666,0.0,0.42105263157894735
14587,19,9,1580.29,175.58777777777777,170,0.1,0.0,0.2857142857142857
14588,578,1,135.39,135.39,16,0.0,0.0,0.6875
14589,372,1,39.75,39.75,3,0.0,0.0,0.6666666666666666
14590,425,20,2993.37,149.6685,124,0.2857142857142857,0.0,0.45544554455445546
14591,15,4,1320.21,330.0525,138,0.0,0.0,0.42613636363636365
14592,35,3,557.94,185.98,132,0.0,0.0,0.4430379746835443
14593,22,12,3665.5299999999997,305.4608333333333,436,0.3333333333333333,0.09165302782324058,0.3404255319148936
14594,7,2,363.33,181.665,48,0.0,0.0,0.4230769230769231
14595,20,8,2164.45,270.55625000000003,119,0.0,0.25735294117647056,0.3088235294117647
14596,627,1,222.22000000000003,222.22000000000003,50,0.0,0.0,0.3018867924528302
14597,11,6,2184.63,364.105,79,0.0,0.0,0.43157894736842106
14598,44,2,384.04,192.01999999999998,83,0.3333333333333333,0.0,0.34444444444444444
14599,390,2,457.89,228.945,77,0.0,1.0,0.5189873417721519
14600,306,2,865.1700000000001,432.58500000000004,53,0.0,0.0,0.3888888888888889
14601,11,1,213.96,213.96,7,0.0,0.0,0.42857142857142855
14602,656,1,205.35999999999999,205.35999999999999,31,0.0,1.0,0.3870967741935484
14603,275,1,660.0,660.0,2,0.0,0.0,0.5
14604,633,1,143.85999999999999,143.85999999999999,20,0.0,0.0,0.391304347826087
14605,374,4,921.5600000000001,230.39000000000001,88,0.0,0.0,0.2777777777777778
14606,1,192,29951.37,155.99671874999999,1262,0.25868725868725867,0.1951564711432615,0.33684541594590345
14607,16,22,23763.13,1080.1422727272727,106,0.18518518518518517,0.059113300492610835,0.3054187192118227
14608,4,11,3352.94,304.8127272727273,15,0.08333333333333333,0.09302325581395349,0.627906976744186
14609,72,10,1486.2,148.62,6,0.09090909090909091,0.07692307692307693,0.7692307692307693
14610,396,2,24.35,12.175,10,0.0,0.0,0.5
14611,444,2,604.3299999999999,302.16499999999996,37,0.3333333333333333,0.0,0.5526315789473685
14612,415,1,877.7,877.7,14,0.0,0.0,0.7142857142857143
14613,680,1,76.32000000000001,76.32000000000001,1,0.0,0.0,1.0
14614,386,1,295.13,295.13,19,0.0,0.0,0.6842105263157895
14615,394,5,951.76,190.352,40,0.16666666666666666,0.0,0.4166666666666667
14616,243,5,527.78,105.556,3,0.0,0.0,0.6
14617,403,2,190.47000000000003,95.23500000000001,7,0.0,0.0,0.6666666666666666
14618,9,7,1342.32,191.76000000000002,40,0.2222222222222222,0.0392156862745098,0.6274509803921569
14619,246,2,1291.24,645.62,58,0.3333333333333333,0.0,0.48333333333333334
14620,206,2,412.78000000000003,206.39,26,0.3333333333333333,0.0,0.2692307692307692
14621,1,9,3000.57,333.3966666666667,134,0.4375,0.1069182389937107,0.3584905660377358
14622,185,1,320.58000000000004,320.58000000000004,21,0.0,0.0,0.23809523809523808
14623,32,10,2016.98,201.698,193,0.16666666666666666,0.0,0.375886524822695
14624,57,6,814.07,135.67833333333334,39,0.0,0.0,0.47058823529411764
14625,196,11,4497.88,408.89818181818185,167,0.3888888888888889,0.0,0.46616541353383456
14626,24,11,5410.92,491.9018181818182,181,0.26666666666666666,0.04741379310344827,0.31896551724137934
14627,379,1,462.75,462.75,29,0.6666666666666666,0.0,0.6551724137931034
14628,91,5,1998.0,399.6,65,0.0,0.0,0.4418604651162791
14629,4,2,955.26,477.63,133,0.3333333333333333,0.5533333333333333,0.37333333333333335
14630,484,1,338.65,338.65,21,0.0,0.0,0.7619047619047619
14631,51,6,2025.69,337.615,65,0.14285714285714285,0.0,0.5274725274725275
14632,263,1,114.56,114.56,8,0.0,0.0,0.625
14633,266,1,344.90000000000003,344.90000000000003,20,0.0,0.0,0.55
14634,438,4,2124.46,531.115,105,0.42857142857142855,0.0,0.5412844036697247
14635,454,1,215.22,215.22,15,0.0,1.0,0.4666666666666667
14636,36,2,609.85,304.925,27,0.0,0.0,0.35714285714285715
14637,677,1,106.67999999999999,106.67999999999999,7,0.0,1.0,0.42857142857142855
14638,51,1,443.6,443.6,16,0.0,0.0,0.6875
14639,52,9,4978.96,553.2177777777778,203,0.18181818181818182,0.0,0.3767123287671233
14640,24,10,3649.36,364.93600000000004,165,0.375,0.0,0.3793103448275862
14641,22,1,110.46,110.46,7,0.0,0.0,0.5714285714285714
14642,59,1,96.12,96.12,2,0.0,0.0,0.5
14643,170,5,1679.89,335.978,57,0.16666666666666666,0.0,0.25806451612903225
14644,68,7,2247.72,321.1028571428572,50,0.4166666666666667,0.0,0.5645161290322581
14645,157,3,876.89,292.2966666666667,45,0.25,0.0,0.3333333333333333
14647,201,2,506.04,253.02,42,0.0,1.0,0.4166666666666667
14648,416,15,4466.65,297.77666666666664,286,0.21052631578947367,0.0,0.37122969837587005
14649,5,9,3651.19,405.6877777777778,374,0.18181818181818182,0.06641366223908918,0.2903225806451613
14650,589,1,62.5,62.5,4,0.0,0.0,0.5
14651,67,9,2025.52,225.05777777777777,216,0.0,0.0,0.3745583038869258
14652,77,1,114.18,114.18,29,0.0,0.0,0.27586206896551724
14653,1,12,3593.06,299.4216666666667,271,0.0,0.19109947643979058,0.29581151832460734
14654,738,1,246.86,246.86,27,0.0,0.0,0.2222222222222222
14655,8,7,3878.51,554.0728571428572,72,0.4166666666666667,0.13592233009708737,0.34951456310679613
14656,169,5,790.0,158.0,148,0.0,0.0,0.3864734299516908
14657,18,6,1450.19,241.69833333333335,143,0.14285714285714285,0.0,0.430622009569378
14658,5,2,247.15,123.575,27,0.0,1.0,0.3793103448275862
14659,9,9,2529.93,281.1033333333333,147,0.25,0.20948616600790515,0.3952569169960474
14660,87,2,285.74,142.87,24,0.0,0.0,0.3333333333333333
14661,27,1,107.95,107.95,4,0.0,1.0,0.25
14662,29,7,1376.43,196.63285714285715,199,0.0,0.0,0.5462184873949579
14663,430,2,490.6,245.3,60,0.0,0.0,0.27941176470588236
14664,20,2,636.24,318.12,78,0.0,1.0,0.3469387755102041
14665,61,7,2749.65,392.8071428571429,94,0.2222222222222222,0.18181818181818182,0.5227272727272727
14666,24,1,195.25,195.25,14,0.0,0.0,0.2857142857142857
14667,11,54,20395.34,377.6914814814815,578,0.11475409836065574,0.05748031496062992,0.30787401574803147
14668,445,1,111.63,111.63,10,0.0,0.0,0.6666666666666666
14669,242,7,3216.78,459.53999999999996,334,0.0,0.0,0.35400516795865633
14670,280,3,583.33,194.4433333333333,159,0.0,0.0,0.3240223463687151
14671,549,2,1127.45,563.725,48,0.0,0.0,0.38181818181818183
14672,235,4,1113.14,278.28499999999997,93,0.0,0.0,0.3113207547169811
14673,3,7,3037.32,433.9028571428571,86,0.0,0.0,0.4864864864864865
14674,509,1,173.66,173.66,14,0.0,1.0,0.5
14675,16,2,1015.58,507.79,196,0.0,0.0,0.4479638009049774
14676,31,12,8356.79,696.3991666666666,77,0.25,0.03759398496240601,0.39849624060150374
14677,593,1,184.91,184.91,14,0.0,0.0,0.35714285714285715
14678,579,1,403.39,403.39,24,0.5,1.0,0.375
14679,382,3,1289.44,429.81333333333333,49,0.4,0.0,0.20634920634920634
14680,25,58,55688.5,960.1465517241379,222,0.3333333333333333,0.0,0.3021978021978022
14681,71,6,875.1500000000001,145.85833333333335,19,0.0,0.0,0.3
14682,188,6,1514.81,252.46833333333333,79,0.0,0.023255813953488372,0.37209302325581395
14683,588,1,146.56,146.56,21,0.0,0.0,0.2857142857142857
14684,26,6,1430.03,238.33833333333337,272,0.0,0.7469135802469136,0.4053497942386831
14685,576,8,4536.64,567.08,109,0.38461538461538464,0.5935828877005348,0.4385026737967914
14686,414,5,852.53,170.50600000000003,185,0.16666666666666666,0.0,0.3515981735159817
14687,107,3,1402.06,467.3533333333333,34,0.0,0.25,0.275
14688,8,28,7190.42,256.80071428571426,197,0.17647058823529413,0.04294478527607362,0.37014314928425357
14689,209,1,112.8,112.8,13,0.0,1.0,0.23076923076923078
14690,44,4,777.68,194.42000000000002,69,0.2,0.0,0.47572815533980584
14691,31,5,2114.33,422.866,50,0.0,0.4084507042253521,0.4225352112676056
14692,137,12,1715.1399999999999,142.92833333333334,101,0.07692307692307693,0.07547169811320754,0.7044025157232704
14693,264,7,1165.36,166.48000000000002,43,0.125,0.56,0.3466666666666667
14694,617,1,244.31,244.31,15,0.0,0.0,0.4666666666666667
14695,519,3,1534.22,511.4066666666667,76,0.25,0.0,0.3780487804878049
14696,4,8,2473.28,309.16,137,0.2,0.1038961038961039,0.2922077922077922
14697,218,2,188.60999999999999,94.30499999999999,22,0.0,0.0,0.18181818181818182
14698,2,5,1217.27,243.454,148,0.0,0.39,0.395
14699,214,4,702.6,175.65,45,0.0,0.0,0.44
14700,32,5,3076.06,615.212,111,0.0,0.0,0.4491017964071856
14701,11,15,4487.11,299.14066666666673,455,0.16666666666666666,0.1915966386554622,0.4470588235294118
14702,1,29,6368.78,219.61310344827587,338,0.09375,0.14580265095729014,0.33431516936671574
14703,15,1,318.17,318.17,22,0.0,0.0,0.5
14704,11,11,1752.92,159.35636363636365,319,0.0,0.2681318681318681,0.3516483516483517
14705,199,1,179.0,179.0,1,0.0,0.0,1.0
14706,619,1,367.54,367.54,25,0.0,0.0,0.32
14707,436,2,139.2,69.6,1,0.0,0.0,1.0
14708,3,5,1793.22,358.644,27,0.16666666666666666,0.0,0.5121951219512195
14709,15,25,8886.33,355.4532,105,0.07407407407407407,0.22128851540616246,0.23529411764705882
14710,14,13,1899.79,146.1376923076923,310,0.0,0.20833333333333334,0.375
14711,10,11,2839.62,258.1472727272727,221,0.08333333333333333,0.10144927536231885,0.36231884057971014
14712,29,4,1328.0700000000002,332.01750000000004,24,0.0,0.625,0.5
14713,9,21,5115.76,243.60761904761907,222,0.16,0.0,0.35798816568047337
14714,24,4,906.24,226.56,64,0.42857142857142855,0.0,0.26881720430107525
14715,25,8,1825.45,228.18125,102,0.0,0.0,0.291970802919708
14716,43,3,543.28,181.09333333333333,85,0.0,0.0,0.375
14717,733,1,81.3,81.3,11,0.5,1.0,0.36363636363636365
14718,410,1,226.42,226.42,11,0.0,0.0,0.8181818181818182
14719,2,5,1581.84,316.36800000000005,177,0.16666666666666666,0.0,0.5574468085106383
14720,6,3,663.81,221.27,34,0.0,0.7567567567567568,0.4594594594594595
14721,379,1,109.07,109.07,24,0.0,0.0,0.52
14722,147,3,489.52,163.17333333333335,72,0.0,0.0,0.3218390804597701
14723,10,11,1803.06,163.91454545454545,287,0.0,0.25,0.3125
14724,590,1,341.9,341.9,40,0.0,0.0,0.43902439024390244
14725,25,4,1252.74,313.185,85,0.2,0.0,0.3
14726,655,1,116.5,116.5,15,0.0,0.0,0.4
14727,274,3,463.72999999999996,154.57666666666668,43,0.25,0.0,0.34782608695652173
14728,413,1,190.58,190.58,14,0.0,0.0,0.6428571428571429
14729,374,3,586.24,195.41333333333333,126,0.0,0.0,0.5454545454545454
14730,1,8,1897.57,237.19625,317,0.0,0.0,0.42207792207792205
14731,47,3,380.02,126.67333333333333,38,0.0,0.3333333333333333,0.2222222222222222
14732,8,19,5517.07,290.3721052631579,162,0.20833333333333334,0.0,0.4332129963898917
14733,16,15,14335.15,955.6766666666666,140,0.16666666666666666,0.0219435736677116,0.45141065830721006
14734,426,4,1056.42,264.105,48,0.2,0.4126984126984127,0.38095238095238093
14735,4,56,12240.16,218.5742857142857,198,0.05084745762711865,0.1366120218579235,0.453551912568306
14736,485,2,374.05,187.02499999999998,70,0.0,0.0,0.5568181818181818
14737,4,4,3554.17,888.5425,28,0.0,0.0,0.4888888888888889
14738,43,9,1821.9,202.43333333333334,58,0.25,0.0,0.425
14739,4,25,11573.62,462.94480000000004,129,0.10714285714285714,0.07377049180327869,0.32786885245901637
14740,197,11,4161.06,378.27818181818185,173,0.15384615384615385,0.08658008658008658,0.4155844155844156
14741,12,7,1713.09,244.72714285714287,48,0.0,0.17105263157894737,0.35526315789473684
14742,435,1,579.85,579.85,34,0.0,0.0,0.4411764705882353
14743,593,1,50.48,50.48,3,0.0,0.0,0.6666666666666666
14744,16,14,3660.08,261.4342857142857,57,0.17647058823529413,0.0,0.4915254237288136
14745,113,12,2551.41,212.61749999999998,74,0.29411764705882354,0.05,0.39285714285714285
14746,406,4,593.5,148.375,7,0.0,0.0,0.8888888888888888
14747,249,1,328.2,328.2,18,0.5,0.0,0.6111111111111112
14748,29,10,2681.9,268.19,129,0.375,0.0,0.3333333333333333
14749,480,1,310.15,310.15,18,0.0,0.0,0.5
14750,736,1,112.03,112.03,32,0.0,0.0,0.40625
14751,684,2,126.45,63.225,7,0.0,1.0,0.42857142857142855
14752,44,1,389.64,389.64,5,0.0,0.0,0.4
14753,87,2,869.51,434.755,45,0.0,0.375,0.3958333333333333
14754,45,6,1547.93,257.9883333333333,110,0.14285714285714285,0.21323529411764705,0.4411764705882353
14755,10,25,9972.550000000001,398.902,219,0.16666666666666666,0.18526315789473685,0.45263157894736844
14756,15,3,2653.76,884.5866666666667,102,0.25,0.0,0.5042016806722689
14757,75,1,420.5,420.5,19,0.0,1.0,0.5263157894736842
14758,145,7,2864.97,409.28142857142853,91,0.0,0.0,0.5808823529411765
14759,5,3,1625.97,541.99,92,0.0,0.0,0.3627450980392157
14760,297,1,89.2,89.2,5,0.5,0.0,1.0
14761,59,3,447.92,149.30666666666667,21,0.0,0.2916666666666667,0.75
14762,264,2,417.57,208.785,28,0.0,0.0,0.43333333333333335
14764,47,1,278.3,278.3,6,0.5,0.0,0.3333333333333333
14765,29,3,254.11,84.70333333333333,38,0.0,0.0,0.3076923076923077
14766,8,11,6375.7300000000005,579.6118181818182,251,0.21428571428571427,0.20658682634730538,0.32934131736526945
14767,474,1,382.81,382.81,18,0.0,1.0,0.6111111111111112
14768,17,2,192.60000000000002,96.30000000000001,4,0.3333333333333333,0.0,0.6
14769,3,17,15514.11,912.594705882353,834,0.19047619047619047,0.7138769670958512,0.4799713876967096
14770,232,8,3637.64,454.705,152,0.1111111111111111,0.09137055837563451,0.3553299492385787
14771,621,2,594.62,297.31,46,0.3333333333333333,0.5957446808510638,0.2765957446808511
14772,112,1,139.26,139.26,9,0.0,0.0,0.4444444444444444
14773,593,1,140.55,140.55,10,0.5,0.0,0.5
14774,529,1,241.45,241.45,13,0.0,0.0,0.7692307692307693
14775,58,3,1011.9,337.3,57,0.0,0.0,0.4166666666666667
14776,51,15,3708.3,247.22,68,0.21052631578947367,0.10526315789473684,0.4263157894736842
14777,403,1,307.56,307.56,16,0.75,0.0,0.5
14778,127,2,730.86,365.43,34,0.0,0.0,0.5428571428571428
14779,281,3,386.15,128.71666666666667,40,0.0,0.0,0.34146341463414637
14780,55,2,447.68,223.84,26,0.0,0.2962962962962963,0.48148148148148145
14782,320,1,200.10000000000002,200.10000000000002,6,0.0,0.0,0.5
14783,659,1,307.3,307.3,17,0.5,0.0,0.35294117647058826
14784,26,3,449.93,149.97666666666666,25,0.0,0.4074074074074074,0.3333333333333333
14785,10,2,77.4,38.7,2,0.0,0.0,0.6666666666666666
14786,550,1,90.96,90.96,7,0.0,0.0,0.42857142857142855
14787,471,1,110.65,110.65,14,0.0,0.0,0.4
14788,7,3,1156.32,385.44,53,0.0,0.25862068965517243,0.5
14789,29,1,197.64,197.64,6,0.0,0.0,0.5
14790,17,10,2526.62,252.66199999999998,65,0.0,0.09655172413793103,0.27586206896551724
14791,607,1,303.63,303.63,19,0.0,0.0,0.42105263157894735
14792,64,1,6.2,6.2,2,0.5,0.0,0.5
14793,21,2,625.9,312.95000000000005,39,0.3333333333333333,0.0,0.3333333333333333
14794,3,10,1953.9,195.39000000000001,85,0.23076923076923078,0.08653846153846154,0.33653846153846156
14795,166,1,131.45000000000002,131.45000000000002,6,0.0,1.0,0.5
14796,1,27,10169.33,376.64185185185187,487,0.3076923076923077,0.0,0.32283991962491626
14797,507,1,300.31,300.31,16,0.0,0.0,0.5625
14798,53,8,724.31,90.53875000000001,30,0.1111111111111111,0.0,0.2653061224489796
14799,51,2,338.15,169.075,20,0.0,0.0,0.2608695652173913
14800,48,17,7191.33,423.01941176470586,337,0.2608695652173913,0.8366666666666667,0.5283333333333333
14801,61,1,189.34,189.34,56,0.0,1.0,0.38596491228070173
14802,438,2,1502.98,751.49,1,0.6666666666666666,0.0,1.0
14803,162,3,845.55,281.84999999999997,35,0.0,0.3181818181818182,0.4090909090909091
14804,9,1,353.27,353.27,12,0.0,0.0,0.25
14805,15,7,1082.55,154.65,88,0.0,0.8582677165354331,0.30708661417322836
14806,75,2,303.43,151.715,17,0.0,1.0,0.3
14807,391,2,504.14,252.07,37,0.0,1.0,0.42105263157894735
14808,40,8,2718.6,339.82500000000005,176,0.4666666666666667,0.22510822510822512,0.47619047619047616
14809,621,2,686.76,343.38,18,0.0,1.0,0.4444444444444444
14810,41,13,2354.03,181.07923076923078,125,0.0,0.6877076411960132,0.45514950166112955
14811,387,1,170.5,170.5,28,0.0,0.0,0.5714285714285714
14812,599,1,178.85,178.85,36,0.0,0.0,0.3333333333333333
14813,370,4,888.91,222.22750000000002,110,0.0,0.21014492753623187,0.45652173913043476
14814,581,1,154.21,154.21,28,0.0,0.0,0.3333333333333333
14815,37,2,778.5,389.25,53,0.0,0.0,0.37735849056603776
14816,197,1,271.85,271.85,4,0.0,0.0,1.0
14817,200,7,3959.86,565.6942857142857,142,0.2222222222222222,0.1,0.4608695652173913
14818,74,6,1153.56,192.26,87,0.0,0.0,0.36538461538461536
14819,64,4,456.41,114.10249999999999,52,0.0,0.0,0.3888888888888889
14820,21,9,1274.76,141.64,51,0.0,0.703125,0.4375
14821,367,7,1230.15,175.73571428571427,65,0.0,0.0,0.5217391304347826
14822,485,1,157.70000000000002,157.70000000000002,9,0.0,0.0,0.5555555555555556
14823,180,3,321.43,107.14333333333333,56,0.0,1.0,0.4857142857142857
14824,10,10,4022.9100000000003,402.29100000000005,84,0.16666666666666666,0.012658227848101266,0.3227848101265823
14825,4,24,4735.08,197.295,187,0.1111111111111111,0.023411371237458192,0.44481605351170567
14826,582,2,385.2,192.60000000000002,10,0.0,0.0,0.5
14828,197,13,9839.460000000001,756.8815384615384,72,0.07142857142857142,0.07920792079207921,0.2871287128712871
14829,29,7,1455.8700000000001,207.98142857142855,77,0.2222222222222222,0.0,0.6703296703296703
14830,53,1,188.88,188.88,39,0.0,0.0,0.358974358974359
14831,680,3,1676.57,558.8566666666667,67,0.5714285714285714,0.0,0.5975609756097561
14832,630,1,322.69,322.69,1,0.6666666666666666,0.0,1.0
14833,499,1,94.8,94.8,7,0.0,0.0,0.2857142857142857
14834,18,7,2206.16,315.1657142857143,55,0.2222222222222222,0.0,0.40229885057471265
14835,529,2,297.0,148.5,1,0.3333333333333333,0.0,1.0
14836,10,3,102.44999999999999,34.15,5,0.0,0.0,0.5
14837,90,9,3460.32,384.48,171,0.25,0.5741626794258373,0.3684210526315789
14838,423,2,769.9200000000001,384.96000000000004,69,0.0,0.0,0.44285714285714284
14839,418,3,915.28,305.0933333333333,61,0.0,0.4594594594594595,0.35135135135135137
14840,268,2,362.71,181.35500000000002,20,0.3333333333333333,0.0,0.45454545454545453
14841,53,14,7163.0,511.64285714285717,196,0.0,0.0,0.4166666666666667
14842,44,4,2824.69,706.1725,128,0.5,0.0,0.4689655172413793
14843,437,1,211.79999999999998,211.79999999999998,9,0.0,0.0,0.3333333333333333
14844,64,10,6702.43,670.243,158,0.16666666666666666,0.0,0.3212996389891697
14845,600,1,150.0,150.0,1,0.0,0.0,1.0
14846,427,1,437.4,437.4,12,0.5,0.0,0.5833333333333334
14847,149,3,1348.95,449.6499999999999,56,0.25,0.0,0.4838709677419355
14848,405,1,310.56,310.56,11,0.0,1.0,0.7272727272727273
14849,22,43,15407.61,358.316511627907,279,0.14,0.15311653116531165,0.3685636856368564
14850,312,7,1770.96,252.99428571428572,129,0.2222222222222222,0.46153846153846156,0.5897435897435898
14851,23,3,829.4100000000001,276.47,38,0.0,0.0,0.35714285714285715
14852,58,18,6132.43,340.6905555555556,152,0.14285714285714285,0.09385113268608414,0.255663430420712
14853,24,5,1376.87,275.374,26,0.2857142857142857,0.0,0.45161290322580644
14854,78,11,4303.06,391.18727272727267,170,0.21428571428571427,0.0514018691588785,0.3878504672897196
14855,119,7,6520.3,931.4714285714286,168,0.0,0.3140096618357488,0.37681159420289856
14856,36,3,1290.53,430.1766666666667,65,0.0,0.0,0.5076923076923077
14857,60,7,3651.851,521.693,170,0.3,0.0,0.5211267605633803
14858,506,1,180.75,180.75,11,0.0,0.0,0.36363636363636365
14859,13,5,1705.64,341.12800000000004,51,0.16666666666666666,0.22727272727272727,0.3787878787878788
14860,19,1,170.32,170.32,11,0.5,1.0,0.36363636363636365
14861,52,10,1380.73,138.073,62,0.2857142857142857,0.1511627906976744,0.313953488372093
14862,26,2,841.1999999999999,420.6,47,0.0,0.0,0.3541666666666667
14863,29,1,266.76,266.76,11,0.0,0.0,0.6363636363636364
14865,7,4,92.52000000000001,23.130000000000003,4,0.0,0.0,0.3333333333333333
14866,11,19,20746.54,1091.923157894737,40,0.05,0.029411764705882353,0.40441176470588236
14867,186,16,2952.06,184.50375,67,0.15789473684210525,0.10218978102189781,0.31386861313868614
14868,3,12,4184.01,348.6675,132,0.07692307692307693,0.12796208530805686,0.6445497630331753
14869,9,6,2778.14,463.0233333333333,187,0.3333333333333333,0.7090163934426229,0.3073770491803279
14870,262,6,1838.95,306.4916666666667,43,0.3333333333333333,0.0,0.46153846153846156
14871,3,9,1228.17,136.46333333333334,123,0.0,0.0,0.38144329896907214
14872,484,3,816.6,272.2,34,0.25,0.0,0.3953488372093023
14873,210,2,854.13,427.06499999999994,48,0.0,0.0,0.3673469387755102
14874,535,1,116.18,116.18,6,0.0,0.0,0.3333333333333333
14875,108,3,2862.4,954.1333333333332,88,0.5714285714285714,0.0,0.5955056179775281
14876,521,2,256.7,128.35,12,0.0,0.0,0.3076923076923077
14877,418,2,425.85,212.925,57,0.0,1.0,0.3333333333333333
14878,13,25,4076.5,163.06,159,0.10714285714285714,0.7235772357723578,0.3794037940379404
14879,685,1,185.06,185.06,27,0.0,1.0,0.25925925925925924
14880,77,3,690.59,230.1966666666667,45,0.0,0.0,0.5217391304347826
14881,20,1,255.4,255.4,17,0.0,1.0,0.29411764705882354
14882,27,14,3546.65,253.33214285714286,32,0.06666666666666667,0.36923076923076925,0.4153846153846154
14883,19,6,761.59,126.93166666666667,39,0.14285714285714285,0.0,0.4339622641509434
14884,669,1,120.6,120.6,8,0.0,0.0,0.25
14885,132,3,1598.12,532.7066666666666,24,0.25,0.4838709677419355,0.7741935483870968
14886,253,1,364.8,364.8,18,0.0,0.0,0.7777777777777778
14887,79,1,1862.0,1862.0,6,0.0,0.0,0.5
14888,207,1,369.2,369.2,20,0.0,0.0,0.5
14889,336,1,135.9,135.9,10,0.0,0.0,0.5
14890,254,3,817.25,272.4166666666667,55,0.0,0.0,0.49122807017543857
14891,148,4,1106.73,276.6825,55,0.0,0.42857142857142855,0.42857142857142855
14892,691,1,202.35000000000002,202.35000000000002,13,0.0,0.0,0.46153846153846156
14893,10,3,1809.6100000000001,603.2033333333334,98,0.5,0.0,0.32075471698113206
14894,85,3,1492.81,497.6033333333333,39,0.4,0.0,0.41304347826086957
14895,8,38,25119.54,661.0405263157895,441,0.20833333333333334,0.19777777777777777,0.44666666666666666
14896,205,8,1826.0,228.25,150,0.2,0.5019762845849802,0.48221343873517786
14897,8,8,3140.54,392.5675,94,0.1111111111111111,0.0,0.4566929133858268
14898,23,14,3365.95,240.42499999999998,185,0.2222222222222222,0.21649484536082475,0.3470790378006873
14899,395,1,1331.38,1331.38,126,0.0,0.0,0.5813953488372093
14900,522,1,13.919999999999998,13.919999999999998,1,0.0,0.0,1.0
14901,11,12,1919.0,159.91666666666666,103,0.07692307692307693,0.0,0.6492537313432836
14902,26,3,1035.6200000000001,345.2066666666667,51,0.4,0.0,0.4406779661016949
14903,21,5,2795.33,559.066,227,0.5,0.4057142857142857,0.4257142857142857
14904,2,4,1630.49,407.6225,127,0.0,0.0,0.48226950354609927
14905,158,8,1971.39,246.42375,45,0.2,0.0,0.3076923076923077
14906,445,1,68.44,68.44,1,0.6666666666666666,0.0,1.0
14907,3,16,5547.72,346.7325,153,0.30434782608695654,0.07462686567164178,0.48880597014925375
14908,74,2,381.9,190.95000000000002,14,0.0,0.0,0.42857142857142855
14909,437,3,1404.68,468.22666666666663,61,0.4,0.2625,0.3375
14910,3,4,434.35,108.5875,25,0.42857142857142855,0.5,0.4666666666666667
14913,36,8,4073.13,509.14125,176,0.0,0.0,0.39271255060728744
14915,91,11,1811.25,164.6590909090909,65,0.15384615384615385,0.0,0.25555555555555554
14916,71,8,3042.95,380.36875000000003,113,0.2727272727272727,0.05223880597014925,0.4253731343283582
14917,597,2,1123.75,561.875,29,0.0,0.0,0.41379310344827586
14918,116,9,5955.81,661.7566666666667,79,0.0,0.1773049645390071,0.3049645390070922
14919,539,1,359.35,359.35,13,0.0,0.0,0.6153846153846154
14920,213,3,1607.17,535.7233333333334,90,0.0,0.41237113402061853,0.38144329896907214
14921,30,2,1316.07,658.035,78,0.0,0.6794871794871795,0.3717948717948718
14922,394,2,843.74,421.87,49,0.0,0.0,0.46
14923,51,1,749.1,749.1,44,0.0,0.0,0.4318181818181818
14924,246,3,931.01,310.33666666666664,30,0.0,0.0,0.3225806451612903
14926,382,2,359.4,179.7,2,0.3333333333333333,0.0,1.0
14927,397,1,308.2,308.2,20,0.0,0.0,0.4
14928,628,1,223.91000000000003,223.91000000000003,21,0.5,0.0,0.3333333333333333
14929,32,2,836.69,418.345,34,0.0,0.0,0.5588235294117647
14940,418,2,531.49,265.745,32,0.0,0.3125,0.625
14941,579,1,182.1,182.1,7,0.0,0.0,0.7142857142857143
14942,402,4,746.56,186.64,12,0.2,0.0,0.2631578947368421
14943,663,1,107.62,107.62,5,0.0,1.0,0.4
14944,30,19,9784.67,514.9826315789473,184,0.20833333333333334,0.0,0.4158415841584158
14945,414,1,179.4,179.4,11,0.0,0.0,0.7272727272727273
14946,14,1,100.9,100.9,3,0.0,0.0,1.0
14947,72,6,1049.79,174.965,47,0.0,0.0,0.42592592592592593
14948,23,6,1101.97,183.66166666666663,56,0.14285714285714285,0.0,0.3333333333333333
14949,469,4,515.0,128.75,16,0.3333333333333333,0.0,0.4444444444444444
14950,19,1,371.2,371.2,19,0.5,1.0,0.5789473684210527
14951,79,1,311.69,311.69,20,0.0,0.0,0.4
14952,60,32,17629.35,550.9171875,240,0.2558139534883721,0.05211726384364821,0.36807817589576547
14953,25,4,971.32,242.82999999999998,202,0.2,0.5142857142857142,0.40408163265306124
14954,12,2,462.12,231.06,111,0.0,0.652542372881356,0.4152542372881356
14955,733,1,163.77,163.77,30,0.0,0.0,0.3548387096774194
14956,421,1,1325.0,1325.0,4,0.0,0.0,1.0
14957,253,2,261.69,130.845,27,0.0,0.0,0.25
14958,147,6,941.99,156.99833333333333,52,0.0,0.0,0.38028169014084506
14959,64,4,695.42,173.855,37,0.2,0.3898305084745763,0.5084745762711864
14960,8,2,221.27,110.63499999999999,23,0.0,0.0,0.48148148148148145
14961,11,22,16410.15,745.9159090909092,328,0.21428571428571427,0.020895522388059702,0.4014925373134328
14962,271,4,366.91,91.7275,14,0.0,0.0,0.2857142857142857
14963,10,12,3123.57,260.29749999999996,304,0.07692307692307693,0.13025210084033614,0.34663865546218486
14964,247,1,206.21,206.21,13,0.0,0.0,0.46153846153846156
14965,96,2,596.09,298.04499999999996,80,0.0,1.0,0.2962962962962963
14966,15,6,1064.26,177.37666666666667,125,0.0,0.0,0.304635761589404
14967,50,6,1982.6100000000001,330.435,22,0.14285714285714285,0.0,0.3103448275862069
14968,30,2,501.24,250.62,83,0.0,0.0,0.30952380952380953
14969,704,1,906.23,906.23,13,0.0,0.0,0.6153846153846154
14970,68,12,4919.35,409.9458333333334,71,0.25,0.7522123893805309,0.26548672566371684
14971,35,3,1097.98,365.99333333333334,144,0.0,0.0,0.4
14972,128,2,145.07,72.535,20,0.0,0.0,0.4
14973,107,3,1314.45,438.15000000000003,29,0.0,0.0,0.46875
14974,37,1,89.94,89.94,17,0.0,0.0,0.23529411764705882
14975,57,2,472.39,236.195,25,0.0,0.0,0.46153846153846156
14976,57,7,790.86,112.98,47,0.125,0.0,0.3194444444444444
14977,726,1,31.929999999999996,31.929999999999996,4,0.0,0.0,0.25
14978,72,10,3112.19,311.219,175,0.16666666666666666,0.0,0.2896551724137931
14979,735,1,429.66,429.66,42,0.0,0.0,0.2857142857142857
14980,737,1,150.68,150.68,24,0.0,0.0,0.3333333333333333
14981,246,2,372.92,186.46,20,0.3333333333333333,0.0,0.6818181818181818
14982,572,1,237.78,237.78,39,0.0,1.0,0.3333333333333333
14983,689,1,183.20000000000002,183.20000000000002,30,0.0,0.0,0.36666666666666664
14984,19,6,1260.51,210.085,48,0.0,0.9259259259259259,0.25925925925925924
14985,198,2,292.01,146.005,78,0.0,0.0,0.5060240963855421
14986,376,2,563.1,281.55,87,0.0,1.0,0.336734693877551
14987,16,8,1550.6499999999999,193.83124999999998,4,0.1111111111111111,0.2,0.4666666666666667
14988,212,7,2038.65,291.2357142857143,171,0.0,0.0,0.3702127659574468
14989,662,1,342.4,342.4,18,0.0,0.0,0.5
14990,612,2,304.17,152.08499999999998,41,0.0,0.0,0.3333333333333333
14991,430,1,314.67,314.67,21,0.0,0.0,0.47619047619047616
14992,442,1,210.5,210.5,27,0.0,0.0,0.6666666666666666
14993,564,1,36.13,36.13,9,0.0,0.0,0.4
14994,382,5,946.72,189.344,233,0.375,0.0,0.4900662251655629
14995,39,2,231.98000000000002,115.99000000000001,53,0.0,0.0,0.26666666666666666
14996,481,2,442.28999999999996,221.145,37,0.0,1.0,0.5365853658536586
14997,46,4,776.5999999999999,194.15,36,0.2,0.0,0.21052631578947367
14998,170,4,753.18,188.295,111,0.0,0.0,0.408
14999,593,1,129.48000000000002,129.48000000000002,9,0.0,0.0,0.4444444444444444
15000,48,1,490.52,490.52,76,0.0,1.0,0.44155844155844154
15001,394,2,199.10999999999999,99.55499999999999,44,0.0,0.0,0.32608695652173914
15002,116,9,4138.08,459.78666666666663,220,0.0,0.0,0.3916913946587537
15003,473,6,1027.03,171.17166666666665,253,0.14285714285714285,0.0,0.2948328267477204
15004,147,1,1220.77,1220.77,154,0.0,0.0,0.4025974025974026
15005,16,56,13754.58,245.6175,591,0.2631578947368421,0.10431503979891077,0.36908253037285293
15006,51,2,757.78,378.89,165,0.0,0.27472527472527475,0.3131868131868132
15007,159,1,156.91,156.91,12,0.0,1.0,0.4166666666666667
15008,480,2,360.0,180.0,6,0.0,0.0,1.0
15009,12,3,1259.43,419.81,148,0.0,0.5222222222222223,0.4
15010,36,1,308.94,308.94,20,0.0,0.0,0.5
15011,396,2,416.6,208.3,17,0.0,0.0,0.5
15012,54,3,646.26,215.42,165,0.0,0.0,0.28272251308900526
15013,488,10,1610.82,161.082,177,0.0,0.31470588235294117,0.3941176470588235
15014,43,2,257.67,128.83499999999998,29,0.0,0.0,0.48484848484848486
15015,501,13,2354.97,181.15153846153845,158,0.35,0.06462585034013606,0.4013605442176871
15016,173,5,620.89,124.178,93,0.16666666666666666,0.0,0.3142857142857143
15017,34,1,125.58,125.58,20,0.0,1.0,0.4
15018,39,3,496.21000000000004,165.40333333333334,30,0.25,0.0,0.22580645161290322
15019,267,1,252.81,252.81,64,0.0,0.0,0.4696969696969697
15020,379,1,198.47,198.47,27,0.0,0.0,0.3333333333333333
15021,9,12,2500.59,208.38250000000002,355,0.29411764705882354,0.09309791332263243,0.36597110754414125
15022,12,5,1133.44,226.68800000000002,115,0.0,0.6642857142857143,0.35714285714285715
15023,3,20,11578.65,578.9325,486,0.13043478260869565,0.0511482254697286,0.33507306889352817
15024,10,16,3559.39,222.461875,168,0.0,0.0,0.575
15025,33,2,979.79,489.895,132,0.0,0.48201438848920863,0.35251798561151076
15026,80,5,1048.8899999999999,209.77799999999996,109,0.0,0.0,0.5797101449275363
15027,31,10,3195.6,319.56,69,0.23076923076923078,0.0,0.5164835164835165
15028,8,6,962.94,160.49,65,0.0,0.0,0.38235294117647056
15029,620,1,365.1,365.1,10,0.5,0.0,0.6
15030,72,8,1979.91,247.48875,25,0.1111111111111111,0.24242424242424243,0.48484848484848486
15031,4,14,3102.94,221.63857142857142,237,0.125,0.1291139240506329,0.3670886075949367
15032,256,8,11010.05,1376.25625,39,0.2,0.0,0.2736842105263158
15033,5,10,2557.18,255.718,315,0.09090909090909091,0.25948103792415167,0.3992015968063872
15034,16,14,8231.2,587.9428571428572,416,0.17647058823529413,0.0425531914893617,0.5093085106382979
15035,90,1,252.73000000000002,252.73000000000002,26,0.0,1.0,0.25925925925925924
15036,72,3,429.56,143.18666666666667,107,0.0,0.0,0.3949579831932773
15037,376,2,397.76,198.88,40,0.0,1.0,0.3111111111111111
15038,59,9,1146.53,127.39222222222222,190,0.1,0.9957446808510638,0.3148936170212766
15039,10,93,39141.48,420.8761290322581,562,0.1308411214953271,0.011131725417439703,0.35955473098330243
15040,542,1,7.49,7.49,1,0.0,0.0,1.0
15041,170,2,289.4,144.7,98,0.0,0.0,0.5096153846153846
15042,199,2,315.45,157.72500000000002,9,0.0,0.0,0.3333333333333333
15043,31,6,2870.3199999999997,478.3866666666666,39,0.0,0.0,0.37254901960784315
15044,19,35,16024.15,457.83285714285716,344,0.2553191489361702,0.23660714285714285,0.3203125
15045,152,2,735.66,367.83,11,0.3333333333333333,0.3333333333333333,0.5833333333333334
15046,9,25,7623.79,304.9516,248,0.10714285714285714,0.32741116751269034,0.38071065989847713
15047,270,1,343.62,343.62,22,0.0,0.0,0.7727272727272727
15048,65,4,381.0,95.25,86,0.2,0.0,0.4148936170212766
15049,274,1,121.17000000000002,121.17000000000002,3,0.0,0.0,0.6666666666666666
15050,25,5,4087.19,817.438,116,0.2857142857142857,0.0,0.4563758389261745
15051,23,9,3926.91,436.3233333333333,226,0.1,0.0,0.3217993079584775
15052,319,1,207.73000000000002,207.73000000000002,27,0.0,0.0,0.4642857142857143
15053,5,3,693.95,231.3166666666667,49,0.0,0.0,0.43478260869565216
15054,12,2,302.1,151.05,105,0.0,1.0,0.2982456140350877
15055,475,3,549.12,183.04,77,0.0,0.35802469135802467,0.4691358024691358
15056,520,1,113.64999999999999,113.64999999999999,6,0.0,0.0,0.3333333333333333
15057,275,5,3255.96,651.192,62,0.16666666666666666,0.15714285714285714,0.6714285714285714
15058,25,16,3387.58,211.72375,232,0.058823529411764705,0.43804034582132567,0.5100864553314121
15059,41,19,3491.2,183.7473684210526,308,0.2962962962962963,0.7062818336162988,0.32767402376910015
15060,8,4,294.25,73.5625,81,0.0,0.0,0.34782608695652173
15061,4,127,126389.02,995.1891338582676,131,0.07971014492753623,0.02783964365256125,0.38641425389755013
15062,71,8,2585.62,323.2025,98,0.0,0.0,0.4779874213836478
15063,213,1,370.79999999999995,370.79999999999995,5,0.0,0.0,0.4
15064,410,4,1254.41,313.6025,75,0.0,0.0,0.5061728395061729
15065,38,5,3326.86,665.3720000000001,156,0.2857142857142857,0.0,0.5240963855421686
15066,53,1,893.59,893.59,42,0.5,0.0,0.4523809523809524
15067,78,5,3862.88,772.5759999999999,170,0.16666666666666666,0.21468926553672316,0.6271186440677966
15068,46,4,1174.9,293.725,178,0.0,0.5229357798165137,0.44495412844036697
15069,179,1,1109.53,1109.53,70,0.0,0.0,0.34285714285714286
15070,373,3,737.0500000000001,245.68333333333337,26,0.0,0.0,0.4375
15071,94,4,1455.56,363.89000000000004,41,0.0,0.0,0.5740740740740741
15072,479,1,187.51999999999998,187.51999999999998,13,0.0,0.0,0.38461538461538464
15073,10,8,2788.02,348.5025,115,0.1111111111111111,0.0,0.48427672955974843
15074,105,3,1553.1299999999999,517.7099999999999,63,0.0,0.3055555555555556,0.6111111111111112
15075,78,1,773.03,773.03,27,0.0,0.0,0.5185185185185185
15076,173,3,1447.74,482.5800000000001,68,0.4,0.0,0.45
15077,495,2,2428.08,1214.04,28,0.5,0.0,0.25
15078,7,53,17286.73,326.1647169811321,118,0.171875,0.0311284046692607,0.2892347600518807
15079,213,11,3625.4,329.58181818181816,119,0.35294117647058826,0.0,0.45390070921985815
15080,428,2,546.25,273.125,31,0.0,0.0,0.6774193548387096
15081,22,12,1854.57,154.54749999999999,75,0.07692307692307693,0.0891089108910891,0.24752475247524752
15082,669,1,93.35000000000001,93.35000000000001,6,0.0,0.0,0.5
15083,257,1,88.2,88.2,5,0.0,0.0,0.4
15084,380,2,965.2,482.59999999999997,31,0.0,0.0,0.5161290322580645
15085,730,1,347.54,347.54,9,0.0,0.0,0.3333333333333333
15086,565,2,218.53,109.265,10,0.0,0.0,0.36363636363636365
15087,282,1,306.94,306.94,15,0.0,0.0,0.6
15088,21,2,1160.07,580.0350000000001,53,0.3333333333333333,0.0,0.5087719298245614
15089,10,6,2420.84,403.47333333333336,139,0.0,0.0,0.41379310344827586
15090,308,1,381.32,381.32,23,0.0,0.0,0.6956521739130435
15091,68,3,1046.6100000000001,348.87000000000006,55,0.5,0.0,0.5087719298245614
15092,215,3,776.46,258.82,39,0.25,0.15555555555555556,0.4
15093,18,23,13702.38,595.7556521739131,104,0.3235294117647059,0.06645569620253164,0.439873417721519
15094,463,2,83.0,41.5,4,0.0,0.0,0.6
15095,104,10,3141.64,314.164,90,0.09090909090909091,0.20161290322580644,0.4838709677419355
15096,43,1,219.39000000000001,219.39000000000001,11,0.0,0.0,0.45454545454545453
15097,4,3,908.35,302.7833333333333,59,0.4,0.0,0.5151515151515151
15098,182,3,39916.5,13305.5,1,0.4,0.0,1.0
15099,84,1,410.48,410.48,23,0.0,0.0,0.21739130434782608
15100,334,7,2193.8999999999996,313.41428571428565,11,0.5,0.0,0.4375
15101,9,6,1477.94,246.32333333333335,52,0.45454545454545453,0.0,0.22413793103448276
15102,531,2,554.67,277.335,26,0.0,0.25925925925925924,0.18518518518518517
15103,31,2,703.36,351.68,35,0.0,0.0,0.42857142857142855
15104,197,2,993.54,496.77,66,0.3333333333333333,0.0,0.5671641791044776
15105,18,9,3094.91,343.87888888888887,129,0.0,0.0,0.4370860927152318
15106,18,5,1422.52,284.504,90,0.2857142857142857,0.0,0.48
15107,311,9,824.35,91.59444444444445,32,0.25,0.11904761904761904,0.2857142857142857
15109,246,3,983.1,327.7,46,0.25,0.25,0.4791666666666667
15110,24,6,1505.8500000000001,250.97500000000002,23,0.3333333333333333,0.0,0.7358490566037735
15111,29,5,2442.37,488.474,109,0.0,0.0,0.4740740740740741
15112,611,1,209.4,209.4,7,0.0,0.0,0.42857142857142855
15113,10,3,3509.43,1169.81,77,0.25,0.7422680412371134,0.31958762886597936
15114,30,12,3400.12,283.3433333333333,151,0.0,0.05627705627705628,0.5974025974025974
15115,18,2,531.85,265.925,35,0.3333333333333333,0.0,0.2857142857142857
15116,18,4,1352.75,338.1875,37,0.0,0.0,0.4
15117,15,8,2485.9700000000003,310.74625000000003,89,0.1111111111111111,0.061068702290076333,0.48091603053435117
15118,134,1,244.8,244.8,1,0.0,0.0,1.0
15119,246,1,266.4,266.4,14,0.0,0.0,0.7857142857142857
15120,134,1,358.82,358.82,21,0.5,0.0,0.5714285714285714
15121,50,2,457.72,228.85999999999999,28,0.0,0.0,0.5357142857142857
15122,114,11,4487.27,407.9336363636364,155,0.3125,0.0,0.5506607929515418
15123,7,5,4656.17,931.234,149,0.0,0.0,0.5737704918032787
15124,23,4,450.82,112.705,30,0.0,0.0,0.45161290322580644
15125,25,24,17024.87,709.3695833333333,151,0.3333333333333333,0.0,0.4041666666666667
15126,537,2,449.49,224.745,25,0.0,0.0,0.36
15127,66,2,711.5,355.75,27,0.0,0.0,0.35714285714285715
15128,60,5,1783.68,356.736,87,0.4444444444444444,0.0,0.36585365853658536
15129,50,23,6860.18,298.2686956521739,86,0.0,0.0,0.43478260869565216
15130,170,1,330.11,330.11,22,0.0,0.0,0.45454545454545453
15131,395,1,80.28,80.28,7,0.0,0.0,0.42857142857142855
15132,18,5,977.9300000000001,195.586,49,0.0,0.0,0.38461538461538464
15133,128,5,1806.9,361.38,45,0.0,0.14285714285714285,0.3469387755102041
15134,15,10,1596.29,159.629,47,0.0,0.0,0.38823529411764707
15135,239,2,305.68,152.84,17,0.3333333333333333,0.0,0.45
15136,3,4,1286.7,321.675,61,0.2,0.4264705882352941,0.5588235294117647
15137,521,2,823.4,411.7,34,0.6,0.0,0.7352941176470589
15138,394,1,502.52,502.52,31,0.5,0.0,0.4838709677419355
15139,240,2,178.96,89.48,13,0.0,0.0,0.5384615384615384
15140,52,8,3243.69,405.46125,103,0.1111111111111111,0.15178571428571427,0.4107142857142857
15141,458,7,1388.47,198.35285714285715,44,0.2222222222222222,0.2,0.45
15142,46,6,2619.92,436.65333333333336,115,0.14285714285714285,0.0,0.45774647887323944
15143,226,2,563.63,281.815,27,0.0,0.5483870967741935,0.8064516129032258
15144,8,29,12160.31,419.3210344827586,199,0.12121212121212122,0.04871060171919771,0.42406876790830944
15145,4,4,1194.73,298.6825,54,0.0,0.0,0.4626865671641791
15146,165,2,1327.16,663.58,90,0.3333333333333333,0.0,0.6263736263736264
15147,240,1,623.5,623.5,28,0.5,0.0,0.4642857142857143
15148,11,1,301.29,301.29,20,0.0,0.0,0.55
15149,134,5,1554.6100000000001,310.922,62,0.0,0.2898550724637681,0.36231884057971014
15150,17,13,8977.94,690.6107692307693,495,0.07142857142857142,0.09075043630017451,0.4258289703315881
15151,423,2,2085.61,1042.805,56,0.0,0.3508771929824561,0.7017543859649122
15152,10,14,5263.83,375.98785714285714,214,0.2222222222222222,0.24333333333333335,0.38
15153,31,1,329.25,329.25,22,0.0,0.0,0.3181818181818182
15154,75,3,1343.72,447.9066666666667,166,0.25,0.41040462427745666,0.3583815028901734
15155,383,1,383.96999999999997,383.96999999999997,24,0.0,1.0,0.5
15156,1,3,961.49,320.49666666666667,51,0.0,0.36363636363636365,0.5636363636363636
15157,4,5,2654.11,530.822,152,0.2857142857142857,0.0,0.34868421052631576
15158,45,2,606.02,303.01,11,0.3333333333333333,0.0,0.2727272727272727
15159,2,34,22116.73,650.4920588235294,413,0.10526315789473684,0.03580246913580247,0.362962962962963
15160,357,4,589.27,147.3175,17,0.0,0.0,0.5652173913043478
15161,388,1,119.92,119.92,33,0.0,0.0,0.3333333333333333
15162,731,1,312.9,312.9,12,0.5,0.0,0.75
15163,18,2,304.47,152.235,29,0.0,0.0,0.3793103448275862
15164,69,9,2028.1100000000001,225.34555555555556,243,0.1,0.4602272727272727,0.3778409090909091
15165,373,1,487.75,487.75,27,0.0,0.0,0.4444444444444444
15166,468,1,167.16,167.16,12,0.0,1.0,0.4166666666666667
15167,321,5,1627.62,325.524,262,0.0,0.12828947368421054,0.5032894736842105
15168,26,1,106.56,106.56,5,0.0,0.0,0.4
15169,382,2,569.22,284.61,58,0.0,0.8305084745762712,0.2542372881355932
15170,407,1,81.15,81.15,4,0.0,0.0,0.5
15171,331,1,1289.5,1289.5,5,0.5,0.0,0.6
15172,9,5,1624.05,324.81,106,0.0,0.22727272727272727,0.45454545454545453
15173,381,7,1494.6,213.5142857142857,68,0.125,0.06976744186046512,0.3488372093023256
15174,323,2,481.46,240.73,34,0.0,0.0,0.5294117647058824
15175,72,1,224.14,224.14,23,0.0,0.0,0.34782608695652173
15176,668,1,988.04,988.04,52,0.5,0.0,0.34615384615384615
15177,426,1,948.93,948.93,26,0.0,1.0,0.6153846153846154
15178,260,1,40.5,40.5,3,0.0,0.0,0.6666666666666666
15179,18,13,7491.92,576.3015384615385,225,0.23529411764705882,0.10509554140127389,0.3630573248407643
15180,367,3,816.9300000000001,272.31,46,0.0,0.0,0.40384615384615385
15181,66,5,1200.2,240.04000000000002,15,0.375,0.0,0.45
15182,154,11,2998.952,272.632,78,0.21428571428571427,0.152,0.328
15183,548,3,639.93,213.31000000000003,33,0.25,0.0,0.2631578947368421
15184,29,4,685.39,171.3475,72,0.0,0.0,0.27380952380952384
15185,70,1,310.62,310.62,21,0.0,0.0,0.2857142857142857
15186,14,5,1403.2,280.64,29,0.0,0.3076923076923077,0.38461538461538464
15187,2,16,4777.18,298.57375,61,0.1111111111111111,0.0989010989010989,0.4175824175824176
15188,725,1,310.43,310.43,23,0.0,0.0,0.391304347826087
15189,1,46,17524.38,380.96478260869566,90,0.20689655172413793,0.04979253112033195,0.38589211618257263
15190,434,1,834.4399999999999,834.4399999999999,40,0.0,0.0,0.425
15191,463,3,588.05,196.01666666666665,33,0.0,0.0,0.17142857142857143
15192,120,5,1666.39,333.278,56,0.0,0.0,0.24175824175824176
15193,61,1,499.32,499.32,19,0.0,0.0,0.631578947368421
15194,3,28,12021.53,429.34035714285716,274,0.28205128205128205,0.02100840336134454,0.45588235294117646
15195,3,1,3861.0,3861.0,1,0.0,0.0,1.0
15196,433,2,313.7,156.85,34,0.0,1.0,0.35714285714285715
15197,11,6,1877.51,312.91833333333335,44,0.4,0.0,0.5084745762711864
15198,92,5,571.35,114.27000000000001,28,0.16666666666666666,0.16129032258064516,0.45161290322580644
15199,59,10,3122.4,312.24,17,0.0,0.0,0.35294117647058826
15200,495,1,549.05,549.05,30,0.0,0.0,0.6333333333333333
15201,87,7,1842.95,263.2785714285714,44,0.5,0.16,0.39
15202,420,3,6001.49,2000.4966666666667,1,0.625,0.0,1.0
15203,26,15,4400.18,293.3453333333334,150,0.0,0.061224489795918366,0.4839650145772595
15204,357,1,316.58,316.58,9,0.0,0.0,0.8888888888888888
15205,85,2,653.24,326.62,37,0.3333333333333333,0.0,0.35135135135135137
15206,10,4,420.29999999999995,105.075,3,0.0,0.2222222222222222,1.0
15207,416,3,683.9200000000001,227.97333333333333,19,0.4,0.0,0.7083333333333334
15208,1,6,970.52,161.75333333333333,27,0.14285714285714285,0.0,0.5208333333333334
15209,730,1,178.98000000000002,178.98000000000002,13,0.0,0.0,0.5384615384615384
15210,225,3,1176.19,392.06333333333333,66,0.0,0.0,0.4626865671641791
15211,60,2,894.4100000000001,447.20500000000004,52,0.0,0.0,0.4230769230769231
15212,241,2,208.28,104.13999999999999,7,0.3333333333333333,0.5,0.5
15213,319,2,328.35,164.17499999999998,22,0.3333333333333333,0.0,0.5416666666666666
15214,2,8,1661.44,207.68,109,0.0,0.16363636363636364,0.38181818181818183
15215,47,7,2422.43,346.06142857142856,85,0.36363636363636365,0.4778761061946903,0.504424778761062
15216,88,2,486.09,243.04500000000002,24,0.0,0.0,0.2916666666666667
15217,563,1,426.24,426.24,28,0.0,0.0,0.4642857142857143
15218,11,22,11468.83,521.3104545454545,139,0.12,0.005050505050505051,0.29545454545454547
15219,176,2,685.45,342.725,26,0.0,0.0,0.2692307692307692
15220,52,6,1778.96,296.49333333333334,110,0.14285714285714285,0.0,0.358974358974359
15221,366,4,2062.2000000000003,515.55,21,0.42857142857142855,0.20689655172413793,0.5172413793103449
15222,319,11,3550.91,322.81,98,0.35294117647058826,0.0,0.35507246376811596
15223,226,5,1417.95,283.59000000000003,26,0.16666666666666666,0.23529411764705882,0.47058823529411764
15224,358,5,871.36,174.272,24,0.375,0.05714285714285714,0.34285714285714286
15225,234,1,409.40000000000003,409.40000000000003,23,0.0,0.0,0.6086956521739131
15226,311,1,154.41,154.41,8,0.0,0.0,0.875
15227,37,9,2488.4900000000002,276.4988888888889,86,0.0,0.10833333333333334,0.4166666666666667
15228,66,6,5580.2699999999995,930.0450000000001,184,0.14285714285714285,0.0,0.5512820512820513
15229,586,1,160.5,160.5,9,0.0,1.0,0.2222222222222222
15230,239,2,429.6,214.8,23,0.0,0.0,0.6086956521739131
15231,621,1,250.26,250.26,14,0.5,1.0,0.6428571428571429
15232,113,2,612.06,306.03,26,0.0,0.0,0.22580645161290322
15233,401,1,59.400000000000006,59.400000000000006,1,0.0,0.0,1.0
15234,277,1,197.0,197.0,14,0.0,0.0,0.35714285714285715
15235,218,16,2772.76,173.2975,161,0.0,0.02247191011235955,0.3707865168539326
15236,299,1,321.05,321.05,15,0.0,0.0,0.4666666666666667
15237,2,4,1412.32,353.08000000000004,94,0.0,0.0,0.46464646464646464
15238,29,3,1071.99,357.33,49,0.4,0.0,0.36
15239,10,2,780.59,390.295,48,0.3333333333333333,0.0,0.3673469387755102
15240,45,12,4459.98,371.66499999999996,134,0.4,0.14732142857142858,0.34375
15241,67,11,3050.16,277.2872727272727,120,0.08333333333333333,0.0,0.41847826086956524
15242,422,1,302.04,302.04,4,0.0,0.0,0.5
15243,74,2,927.2800000000001,463.64,56,0.0,0.0,0.47540983606557374
15244,65,3,912.08,304.02666666666664,44,0.25,0.0,0.3333333333333333
15245,134,8,4610.84,576.355,72,0.0,0.10810810810810811,0.41216216216216217
15246,238,3,780.4,260.1333333333334,45,0.0,0.0,0.7450980392156863
15247,122,3,976.06,325.3533333333333,13,0.25,0.4117647058823529,0.23529411764705882
15248,411,3,1893.93,631.3100000000001,103,0.25,0.0660377358490566,0.32075471698113206
15249,32,18,9266.0,514.7777777777778,304,0.14285714285714285,0.0,0.36852589641434264
15250,641,1,60.0,60.0,3,0.0,0.0,1.0
15251,9,21,20324.54,967.8352380952381,183,0.3225806451612903,0.1565217391304348,0.5782608695652174
15252,36,5,2103.41,420.68199999999996,106,0.2857142857142857,0.0,0.3813559322033898
15253,16,8,2055.09,256.88624999999996,102,0.3333333333333333,0.20689655172413793,0.4396551724137931
15254,127,3,1088.35,362.7833333333333,64,0.25,0.0,0.34328358208955223
15255,67,9,3706.02,411.78,137,0.18181818181818182,0.17553191489361702,0.4946808510638298
15256,149,2,170.4,85.2,6,0.0,0.0,0.6
15257,283,2,685.9,342.95,11,0.3333333333333333,0.0,0.5833333333333334
15258,169,2,623.16,311.58000000000004,32,0.0,0.0,0.35294117647058826
15259,513,4,1182.3799999999999,295.59499999999997,50,0.0,0.0,0.5263157894736842
15260,100,25,8767.73,350.7092,186,0.16666666666666666,0.2440944881889764,0.32808398950131235
15261,135,4,1508.0,377.0,87,0.0,0.0,0.4782608695652174
15262,324,3,418.82,139.60666666666665,22,0.0,0.34615384615384615,0.6538461538461539
15263,107,1,156.51,156.51,12,0.0,0.0,0.3333333333333333
15264,64,2,848.4,424.20000000000005,52,0.3333333333333333,0.5818181818181818,0.36363636363636365
15265,151,4,3345.64,836.41,179,0.0,0.0,0.37823834196891193
15266,338,5,852.21,170.442,38,0.16666666666666666,0.37777777777777777,0.35555555555555557
15267,22,5,1717.36,343.472,8,0.0,0.0,0.6363636363636364
15268,479,3,961.9000000000001,320.6333333333334,21,0.25,0.0,0.6363636363636364
15269,24,3,1225.3600000000001,408.4533333333334,33,0.0,0.5142857142857142,0.34285714285714286
15270,16,21,8524.86,405.9457142857143,66,0.3225806451612903,0.07142857142857142,0.6369047619047619
15271,7,24,4528.54,188.68916666666667,369,0.07692307692307693,0.04736842105263158,0.47543859649122805
15272,57,6,2030.95,338.4916666666667,257,0.0,0.5769230769230769,0.3811188811188811
15273,600,1,228.96,228.96,1,0.0,0.0,1.0
15274,4,2,716.57,358.285,44,0.0,0.0,0.44680851063829785
15275,38,1,615.14,615.14,41,0.5,0.0,0.4634146341463415
15276,66,4,619.8,154.95,160,0.2,0.0,0.5280898876404494
15277,47,2,476.34,238.17,23,0.0,0.5384615384615384,0.46153846153846156
15278,562,4,496.15999999999997,124.03999999999999,29,0.0,0.0,0.7241379310344828
15279,355,5,1580.54,316.108,74,0.2857142857142857,0.0,0.3191489361702128
15280,172,3,397.52,132.50666666666666,48,0.0,0.38333333333333336,0.31666666666666665
15281,59,16,8543.57,533.973125,427,0.2727272727272727,0.09961685823754789,0.4904214559386973
15282,570,1,348.59,348.59,27,0.0,0.0,0.4444444444444444
15283,390,3,148.33,49.443333333333335,9,0.25,0.1111111111111111,0.4444444444444444
15284,500,1,24.75,24.75,1,0.0,0.0,1.0
15285,408,1,94.92,94.92,6,0.0,0.0,0.6666666666666666
15286,50,1,240.55,240.55,3,0.0,0.0,0.3333333333333333
15287,22,5,856.03,171.20600000000002,23,0.16666666666666666,0.0,0.5
15288,43,10,3715.38,371.538,128,0.0,0.2679738562091503,0.6209150326797386
15289,29,5,1593.09,318.61800000000005,67,0.2857142857142857,0.28865979381443296,0.3711340206185567
15290,5,26,10496.28,403.70307692307694,106,0.13333333333333333,0.0547945205479452,0.5
15291,26,40,13517.76,337.944,116,0.24528301886792453,0.12295081967213115,0.3483606557377049
15292,201,1,178.39,178.39,24,0.0,1.0,0.5416666666666666
15293,666,1,247.5,247.5,19,0.0,0.0,0.2631578947368421
15294,411,1,233.35,233.35,15,0.5,0.0,0.3333333333333333
15295,654,1,207.04,207.04,50,0.0,0.0,0.28846153846153844
15296,51,12,10323.03,860.2524999999999,342,0.4,0.0,0.4044943820224719
15297,10,3,641.94,213.98000000000002,30,0.25,0.0,0.5641025641025641
15298,2,23,9061.77,393.99,199,0.20689655172413793,0.1388235294117647,0.4164705882352941
15299,67,10,6156.53,615.653,9,0.3333333333333333,0.0,0.5
15300,64,1,496.44,496.44,28,0.0,0.0,0.6428571428571429
15301,51,17,6909.67,406.4511764705882,231,0.10526315789473684,0.09565217391304348,0.45217391304347826
15302,730,1,308.0,308.0,15,0.5,0.0,0.4
15303,290,3,1224.18,408.05999999999995,63,0.25,0.30434782608695654,0.5217391304347826
15304,61,9,796.4000000000001,88.48888888888888,8,0.18181818181818182,0.0,0.75
15305,555,1,93.6,93.6,5,0.0,0.0,0.6
15306,64,9,3484.73,387.1922222222222,123,0.1,0.1728395061728395,0.4012345679012346
15307,96,1,205.3,205.3,12,0.0,0.0,0.3333333333333333
15308,274,1,310.47,310.47,19,0.5,0.0,0.47368421052631576
15309,611,4,797.96,199.49,49,0.6,0.0,0.35185185185185186
15310,479,1,1634.64,1634.64,45,0.0,0.0,0.5111111111111111
15311,1,208,114966.42,552.7231730769231,864,0.22962962962962963,0.03808639108221087,0.2768230376219229
15312,75,12,2930.19,244.1825,118,0.14285714285714285,0.25766871165644173,0.4049079754601227
15313,110,1,52.0,52.0,1,0.0,1.0,1.0
15314,199,3,820.4499999999999,273.48333333333335,49,0.25,0.0,0.46
15315,64,2,570.5,285.25,35,0.3333333333333333,0.0,0.43243243243243246
15316,327,1,165.0,165.0,1,0.0,0.0,1.0
15317,677,1,129.75,129.75,5,0.5,1.0,0.4
15318,4,1,312.62,312.62,33,0.0,0.0,0.696969696969697
15319,284,1,204.5,204.5,16,0.0,0.0,0.875
15320,44,1,267.13,267.13,36,0.0,0.0,0.4444444444444444
15321,71,12,6709.7300000000005,559.1441666666667,242,0.3333333333333333,0.0,0.5728155339805825
15322,86,2,1390.86,695.43,76,0.3333333333333333,0.0,0.43373493975903615
15323,563,3,434.6,144.86666666666667,29,0.25,0.0,0.41379310344827586
15324,701,1,140.22000000000003,140.22000000000003,8,0.0,0.0,0.25
15325,104,8,1601.46,200.1825,164,0.1111111111111111,0.21428571428571427,0.48660714285714285
15326,334,5,1700.52,340.104,94,0.5,0.0,0.31007751937984496
15327,53,1,208.75,208.75,10,0.0,0.0,0.5
15328,408,1,107.24,107.24,8,0.0,0.0,0.5
15329,39,11,2958.83,268.98454545454547,98,0.45,0.0,0.461038961038961
15330,32,2,714.96,357.48,10,0.0,0.0,0.38461538461538464
15331,500,3,767.91,255.97000000000003,41,0.25,0.0,0.5
15333,208,1,1028.56,1028.56,16,0.0,1.0,0.6875
15334,157,3,350.82,116.94,67,0.0,0.29591836734693877,0.3469387755102041
15335,53,1,170.22,170.22,34,0.0,0.0,0.2571428571428571
15336,402,1,240.5,240.5,15,0.0,0.0,0.5333333333333333
15337,411,1,373.02,373.02,21,0.5,1.0,0.5238095238095238
15338,677,1,277.93,277.93,56,0.0,1.0,0.29310344827586204
15339,66,7,1821.02,260.1457142857143,162,0.36363636363636365,0.0,0.4954545454545455
15340,562,1,105.5,105.5,7,0.0,0.0,0.5714285714285714
15341,81,2,2402.7200000000003,1201.36,22,0.3333333333333333,0.0,0.4166666666666667
15342,130,1,406.09,406.09,24,0.5,0.0,0.5
15343,87,1,364.5,364.5,21,0.0,0.0,0.38095238095238093
15344,1,3,563.94,187.98,21,0.4,0.0,0.3076923076923077
15345,46,1,393.54,393.54,20,0.5,0.0,0.45
15346,333,3,596.12,198.70666666666668,36,0.25,0.13513513513513514,0.5675675675675675
15347,366,4,1162.0,290.5,29,0.3333333333333333,0.0,0.6944444444444444
15348,72,1,158.04,158.04,9,0.0,0.0,0.7777777777777778
15349,158,2,463.90999999999997,231.95499999999998,65,0.0,0.8309859154929577,0.4647887323943662
15350,373,2,547.6,273.8,26,0.0,0.8333333333333334,0.5666666666666667
15351,12,10,3430.22,343.02200000000005,201,0.3333333333333333,0.732484076433121,0.3471337579617834
15352,549,1,111.15,111.15,34,0.0,0.0,0.6176470588235294
15353,255,7,2794.4700000000003,399.21,274,0.125,0.0,0.475
15354,603,3,284.4,94.8,1,0.5714285714285714,0.0,1.0
15355,29,2,277.05,138.525,9,0.0,0.0,0.35714285714285715
15356,31,13,3239.57,249.1976923076923,290,0.0,0.07174887892376682,0.3991031390134529
15358,5,42,16425.86,391.0919047619048,359,0.23636363636363636,0.02662993572084481,0.5252525252525253
15359,663,8,181.35,22.66875,10,0.1111111111111111,0.0,0.375
15360,40,1,427.93,427.93,13,0.0,0.0,0.46153846153846156
15361,362,4,689.07,172.2675,10,0.0,0.0,0.3
15362,449,2,613.08,306.53999999999996,38,0.0,0.0,0.325
15363,373,2,678.11,339.055,32,0.3333333333333333,0.0,0.5142857142857142
15364,96,2,913.19,456.595,29,0.0,0.0,0.6551724137931034
15365,26,13,4557.13,350.54846153846154,126,0.13333333333333333,0.16055045871559634,0.4541284403669725
15366,75,7,2389.08,341.29714285714283,86,0.0,0.2608695652173913,0.3188405797101449
15367,57,11,5081.33,461.9390909090909,214,0.15384615384615385,0.11827956989247312,0.5161290322580645
15368,21,2,722.74,361.37,8,0.0,0.0,0.25
15369,492,11,6251.26,568.2963636363636,44,0.15384615384615385,0.6271186440677966,0.3050847457627119
15370,41,8,3739.01,467.37625,90,0.1111111111111111,0.013888888888888888,0.3402777777777778
15371,662,1,59.400000000000006,59.400000000000006,1,0.0,0.0,1.0
15372,137,8,6017.06,752.1324999999999,45,0.2,0.07017543859649122,0.3508771929824561
15373,8,17,3084.54,181.4435294117647,107,0.05555555555555555,0.23809523809523808,0.4444444444444444
15374,129,2,307.32,153.66,8,0.0,0.0,0.5
15375,690,1,60.959999999999994,60.959999999999994,6,0.0,0.0,0.5
15376,40,3,1221.56,407.18666666666667,100,0.0,1.0,0.43103448275862066
15377,383,4,1211.75,302.9375,15,0.2,0.0,0.42857142857142855
15378,463,2,246.5,123.25,8,0.0,0.0,0.5
15379,169,8,4877.84,609.73,177,0.1111111111111111,0.03802281368821293,0.4866920152091255
15380,9,11,3248.96,295.36,27,0.15384615384615385,0.0,0.28846153846153844
15381,214,5,1890.5700000000002,378.114,20,0.16666666666666666,0.0,0.6666666666666666
15382,15,12,13733.550000000001,1144.4624999999999,315,0.4,0.0,0.40031645569620256
15384,170,4,2027.79,506.9475,83,0.2,0.0,0.7033898305084746
15385,40,3,942.08,314.02666666666664,18,0.0,0.8095238095238095,0.2857142857142857
15386,186,1,394.14,394.14,31,0.0,0.0,0.5161290322580645
15387,492,1,468.65,468.65,20,0.0,0.0,0.65
15389,172,5,2733.8,546.76,2,0.0,0.0,0.6666666666666666
15391,584,1,289.87,289.87,12,0.5,0.0,0.6666666666666666
15392,5,7,2911.62,415.94571428571425,100,0.125,0.0,0.6111111111111112
15393,16,5,891.34,178.268,37,0.0,0.0,0.36363636363636365
15394,10,11,5286.8,480.6181818181818,129,0.15384615384615385,0.24669603524229075,0.4185022026431718
15395,326,1,107.45,107.45,7,0.0,0.0,0.7142857142857143
15396,113,2,796.38,398.19000000000005,16,0.0,0.0,0.375
15397,290,1,94.0,94.0,6,0.0,0.0,1.0
15398,16,2,1345.53,672.7650000000001,60,0.3333333333333333,0.0,0.4383561643835616
15399,1,3,815.77,271.92333333333335,45,0.0,0.0,0.38
15400,92,8,1302.3,162.7875,16,0.1111111111111111,0.18518518518518517,0.6296296296296297
15401,452,2,216.95000000000002,108.47500000000001,14,0.0,0.0,0.2857142857142857
15402,149,6,1830.54,305.09,79,0.14285714285714285,0.0,0.2748091603053435
15403,492,2,170.88,85.44,6,0.0,0.0,0.75
15404,376,1,257.06,257.06,16,0.0,0.0,0.5
15405,189,2,659.84,329.92,29,0.0,0.0,0.3333333333333333
15406,31,4,975.87,243.9675,108,0.3333333333333333,0.5655737704918032,0.319672131147541
15407,34,4,1046.74,261.685,142,0.0,0.8378378378378378,0.4391891891891892
15408,264,1,267.18,267.18,34,0.0,1.0,0.6764705882352942
15409,721,1,131.25,131.25,9,0.5,0.0,0.5555555555555556
15410,84,10,4685.72,468.572,80,0.0,0.13580246913580246,0.4506172839506173
15411,26,4,1348.93,337.2325,86,0.2,0.5612244897959183,0.35714285714285715
15412,171,1,190.53,190.53,10,0.0,0.0,0.5
15413,692,5,6798.72,1359.7440000000001,20,0.2857142857142857,0.36,0.24
15414,10,3,774.9000000000001,258.3,37,0.0,0.0,0.4358974358974359
15415,313,1,559.61,559.61,46,0.0,1.0,0.44680851063829785
15416,65,7,4572.82,653.26,189,0.2222222222222222,0.0,0.4649122807017544
15417,85,1,508.8,508.8,28,0.0,0.0,0.35714285714285715
15418,425,2,449.42,224.71,64,0.0,1.0,0.4852941176470588
15419,25,1,135.86,135.86,8,0.0,0.0,0.375
15420,434,6,743.0,123.83333333333333,52,0.0,0.5,0.26785714285714285
15421,59,10,3805.34,380.534,170,0.0,0.37658227848101267,0.36075949367088606
15422,323,7,1619.97,231.42428571428573,80,0.125,0.48333333333333334,0.4666666666666667
15423,38,3,266.89,88.96333333333332,13,0.25,0.6428571428571429,0.42857142857142855
15424,254,3,597.78,199.26,33,0.0,0.0,0.21212121212121213
15425,400,4,1941.1200000000001,485.28000000000003,114,0.0,0.8811188811188811,0.3076923076923077
15426,19,9,2156.35,239.59444444444443,327,0.18181818181818182,0.9627039627039627,0.28438228438228436
15427,33,3,1430.54,476.84666666666664,233,0.0,1.0,0.4212328767123288
15428,15,4,762.75,190.6875,39,0.0,0.0,0.3181818181818182
15429,27,2,397.35,198.675,77,0.3333333333333333,1.0,0.4024390243902439
15430,468,2,954.75,477.375,36,0.3333333333333333,0.08333333333333333,0.5833333333333334
15431,503,1,153.24,153.24,2,0.0,1.0,0.5
15432,23,2,320.76,160.38,16,0.5,0.0,0.5
15433,214,2,533.3,266.65,40,0.3333333333333333,0.0,0.43902439024390244
15434,8,11,2567.06,233.36909090909091,82,0.15384615384615385,0.1417910447761194,0.5
15435,22,1,149.29,149.29,29,0.0,0.0,0.5172413793103449
15436,12,3,1067.75,355.9166666666667,243,0.0,0.570446735395189,0.47079037800687284
15437,262,2,393.45,196.72500000000002,56,0.0,0.0,0.43859649122807015
15438,131,1,156.57999999999998,156.57999999999998,25,0.0,1.0,0.36
15439,405,4,1269.05,317.26250000000005,49,0.0,0.24561403508771928,0.6491228070175439
15440,55,3,383.68,127.89333333333333,50,0.0,0.8064516129032258,0.4032258064516129
15441,396,3,1254.21,418.07,45,0.0,0.0,0.543859649122807
15442,249,1,594.0,594.0,2,0.0,0.0,1.0
15443,2,14,5114.23,365.3021428571428,408,0.125,0.5648,0.3424
15444,9,2,1411.21,705.605,191,0.0,0.3130841121495327,0.3317757009345794
15445,264,2,284.5,142.25,12,0.0,0.35714285714285715,0.5
15446,377,3,399.75,133.25,90,0.4,1.0,0.32142857142857145
15447,331,5,492.88,98.576,27,0.16666666666666666,0.0,0.2413793103448276
15448,313,2,788.81,394.405,49,0.0,0.0,0.7755102040816326
15449,26,3,974.52,324.84,47,0.4,0.3333333333333333,0.35
15450,30,1,429.84,429.84,30,0.0,0.0,0.43333333333333335
15451,434,2,226.86,113.43,56,0.0,0.0,0.25
15452,30,6,1785.1100000000001,297.5183333333334,158,0.0,0.2562814070351759,0.3869346733668342
15453,2,7,1371.77,195.96714285714285,169,0.0,0.25448028673835127,0.48028673835125446
15454,362,2,305.99,152.995,35,0.0,0.625,0.5
15455,598,1,38.25,38.25,2,0.0,0.0,1.0
15456,283,10,2091.52,209.152,128,0.0,0.07929515418502203,0.23348017621145375
15457,262,1,237.07,237.07,56,0.0,0.0,0.3620689655172414
15458,25,2,370.43999999999994,185.21999999999997,13,0.0,0.0,0.38461538461538464
15459,417,2,202.82999999999998,101.41499999999999,6,0.0,0.0,0.8571428571428571
15460,354,1,214.26,214.26,53,0.0,0.0,0.3392857142857143
15461,461,2,429.7,214.85,1,0.3333333333333333,0.5,1.0
15462,94,4,737.05,184.2625,32,0.0,0.12195121951219512,0.4878048780487805
15463,29,1,126.14,126.14,7,0.0,0.0,0.42857142857142855
15464,338,1,1044.65,1044.65,155,0.0,0.0,0.49032258064516127
15465,20,32,12100.4,378.1375,94,0.1794871794871795,0.596078431372549,0.4235294117647059
15466,85,4,1560.46,390.115,211,0.0,0.0,0.4351145038167939
15467,9,3,524.88,174.96,41,0.25,0.75,0.5192307692307693
15468,51,3,1430.48,476.82666666666665,80,0.5714285714285714,0.0,0.5625
15469,50,3,874.25,291.4166666666667,38,0.5,0.0,0.4418604651162791
15470,576,1,63.419999999999995,63.419999999999995,4,0.0,0.0,0.5
15471,2,3,1292.01,430.67,122,0.0,0.0,0.4064516129032258
15472,113,1,371.56,371.56,76,0.0,0.0,0.4473684210526316
15473,14,8,2046.0,255.75,5,0.2727272727272727,0.0,0.9285714285714286
15474,596,1,150.35,150.35,19,0.0,0.0,0.3684210526315789
15475,77,1,454.10999999999996,454.10999999999996,29,0.0,0.0,0.4482758620689655
15476,380,4,2209.98,552.4949999999999,67,0.2,0.0,0.46835443037974683
15477,650,1,368.4,368.4,2,0.0,1.0,0.5
15478,40,3,1983.48,661.16,53,0.0,0.2898550724637681,0.3188405797101449
15479,733,1,147.4,147.4,9,0.0,1.0,0.3333333333333333
15482,16,19,14417.36,758.8084210526315,74,0.20833333333333334,0.17567567567567569,0.31756756756756754
15483,161,10,817.8199999999999,81.782,216,0.0,0.35687732342007433,0.40892193308550184
15484,1,6,4652.1,775.35,180,0.14285714285714285,0.1375,0.45416666666666666
15485,30,7,4810.92,687.2742857142857,80,0.125,0.0,0.5474452554744526
15486,527,1,102.0,102.0,1,0.0,0.0,1.0
15487,680,1,231.32,231.32,14,0.0,0.0,0.7857142857142857
15488,93,5,431.92,86.384,10,0.0,0.0,0.36363636363636365
15489,23,8,2419.61,302.45125,75,0.3333333333333333,0.06140350877192982,0.543859649122807
15490,430,1,210.85,210.85,22,0.5,0.0,0.32
15491,95,6,3100.09,516.6816666666667,108,0.14285714285714285,0.0,0.3116883116883117
15492,28,2,659.4599999999999,329.73,32,0.0,0.0,0.5428571428571428
15493,33,9,4121.68,457.9644444444445,289,0.18181818181818182,0.0,0.3088235294117647
15494,21,5,3702.6,740.52,307,0.16666666666666666,0.0,0.296195652173913
15495,379,1,246.5,246.5,20,0.0,0.0,0.7
15496,631,1,146.14000000000001,146.14000000000001,22,0.0,0.0,0.5909090909090909
15497,18,9,8657.39,961.9322222222222,66,0.18181818181818182,0.0,0.256198347107438
15498,3,44,24972.86,567.565,597,0.2,0.05844845908607864,0.3751328374070138
15499,724,1,158.65,158.65,40,0.0,0.0,0.3170731707317073
15500,8,4,1131.56,282.89,64,0.0,0.3235294117647059,0.38235294117647056
15501,405,2,399.95,199.975,64,0.0,0.30434782608695654,0.4927536231884058
15502,16,14,13003.869999999999,928.847857142857,231,0.48148148148148145,0.14242424242424243,0.48787878787878786
15503,363,2,257.3,128.65,112,0.0,1.0,0.3418803418803419
15504,81,4,402.7,100.675,42,0.2,0.0,0.375
15505,53,5,3610.96,722.192,90,0.2857142857142857,0.0,0.26804123711340205
15506,23,6,2030.33,338.3883333333333,180,0.0,0.3882783882783883,0.42124542124542125
15507,172,1,475.86,475.86,41,0.0,0.0,0.5111111111111111
15508,189,6,1000.27,166.71166666666667,78,0.0,0.0,0.43478260869565216
15509,380,1,152.41,152.41,26,0.0,0.0,0.4230769230769231
15510,331,1,250.0,250.0,1,0.0,0.0,1.0
15511,12,5,900.53,180.106,117,0.0,0.0,0.22784810126582278
15512,156,4,331.58,82.89500000000001,29,0.0,0.75,0.40625
15513,33,35,26437.05,755.3442857142857,278,0.14634146341463414,0.18281535648994515,0.4680073126142596
15514,12,18,6392.06,355.1144444444444,171,0.1,0.12302839116719243,0.47003154574132494
15515,387,1,171.81,171.81,7,0.0,0.0,0.8571428571428571
15516,45,3,62.43,20.81,15,0.0,0.0,0.4
15517,233,1,267.03,267.03,27,0.0,0.0,0.25925925925925924
15518,64,15,4189.99,279.3326666666666,250,0.34782608695652173,0.3125,0.45982142857142855
15519,383,2,344.61,172.305,34,0.0,1.0,0.4864864864864865
15520,2,1,343.5,343.5,18,0.0,0.0,0.5
15521,40,16,7098.24,443.64,186,0.3333333333333333,0.14392059553349876,0.46898263027295284
15522,33,2,397.99,198.995,47,0.0,0.0,0.44642857142857145
15523,84,16,17259.19,1078.699375,65,0.1111111111111111,0.09433962264150944,0.41509433962264153
15524,25,2,591.4,295.7,9,0.0,0.0,0.5555555555555556
15525,2,4,890.22,222.555,152,0.2,0.0,0.4666666666666667
15526,33,2,148.44,74.22,4,0.0,1.0,0.75
15527,19,23,5554.89,241.51695652173913,226,0.25806451612903225,0.1458966565349544,0.43465045592705165
15528,254,1,229.33,229.33,26,0.0,0.0,0.38461538461538464
15529,23,12,4783.66,398.6383333333333,451,0.07692307692307693,0.0,0.3554140127388535
15530,22,5,1808.68,361.736,111,0.0,0.0,0.647887323943662
15531,8,2,1972.39,986.1949999999999,196,0.0,0.0,0.3470319634703196
15532,25,10,3738.85,373.88500000000005,417,0.16666666666666666,0.4959481361426256,0.31280388978930307
15533,19,3,807.57,269.19,73,0.4,1.0,0.3855421686746988
15534,726,1,162.25,162.25,8,0.0,0.0,0.375
15535,173,6,1044.3700000000001,174.06166666666664,88,0.4,0.7923076923076923,0.3230769230769231
15536,409,1,259.09,259.09,16,0.0,0.0,0.6875
15537,163,1,110.92,110.92,24,0.0,0.0,0.3333333333333333
15538,538,6,3358.3999999999996,559.7333333333333,3,0.45454545454545453,0.2857142857142857,0.5714285714285714
15539,7,1,538.46,538.46,41,0.0,0.0,0.5609756097560976
15540,11,2,460.68,230.34,31,0.0,0.0,0.41935483870967744
15541,114,1,85.13000000000001,85.13000000000001,29,0.0,0.0,0.3103448275862069
15542,512,3,855.71,285.2366666666667,212,0.25,0.0,0.35398230088495575
15543,288,2,242.26,121.13,50,0.0,0.0,0.35714285714285715
15544,9,20,7807.89,390.3945,175,0.23076923076923078,0.0847457627118644,0.3954802259887006
15545,54,2,288.96999999999997,144.485,78,0.0,0.6125,0.475
15546,607,2,1079.1000000000001,539.5500000000001,6,0.3333333333333333,0.0,1.0
15547,7,26,10057.05,386.80961538461537,652,0.07142857142857142,0.7537537537537538,0.253003003003003
15548,596,1,158.09,158.09,23,0.0,0.0,0.43478260869565216
15549,77,8,2334.16,291.77,139,0.1111111111111111,0.0,0.5652173913043478
15550,4,12,2211.05,184.2541666666667,166,0.14285714285714285,0.0,0.34893617021276596
15551,37,7,1679.81,239.97285714285712,117,0.2222222222222222,0.013986013986013986,0.43356643356643354
15552,217,2,252.52,126.26,29,0.0,0.0,0.3
15553,60,1,428.93,428.93,51,0.0,0.0,0.41818181818181815
15554,278,1,217.2,217.2,14,0.0,0.0,0.7857142857142857
15555,12,36,11243.91,312.3308333333333,667,0.21739130434782608,0.6348208673790069,0.3802639849151477
15556,24,1,279.77,279.77,31,0.0,0.0,0.2903225806451613
15557,29,1,468.91,468.91,16,0.0,0.0,0.5263157894736842
15558,639,1,202.68,202.68,23,0.5,0.0,0.34782608695652173
15559,568,1,1109.4,1109.4,62,0.0,0.0,0.5967741935483871
15560,398,2,153.52,76.75999999999999,10,0.0,1.0,0.3
15561,12,8,1934.3899999999999,241.79874999999998,65,0.1111111111111111,0.6521739130434783,0.532608695652174
15562,352,3,671.4300000000001,223.81000000000003,32,0.0,0.8181818181818182,0.30303030303030304
15563,22,7,2859.46,408.4942857142857,179,0.36363636363636365,0.0,0.31906614785992216
15564,463,2,70.74000000000001,35.370000000000005,4,0.0,0.0,0.5
15565,50,2,173.16,86.58000000000001,8,0.0,0.0,0.5
15566,393,2,227.87,113.935,9,0.0,0.0,0.5
15567,19,1,186.01,186.01,7,0.0,0.0,0.42857142857142855
15568,3,3,758.29,252.76333333333332,27,0.0,0.0,0.4528301886792453
15569,104,10,3583.45,358.34499999999997,123,0.0,0.9428571428571428,0.45714285714285713
15570,7,25,8736.49,349.45959999999997,442,0.07407407407407407,0.23013698630136986,0.4767123287671233
15571,12,14,3892.35,278.025,442,0.0,0.43666666666666665,0.4266666666666667
15572,5,10,3965.2,396.52,259,0.0,0.11661807580174927,0.5626822157434402
15573,32,5,1188.42,237.68399999999997,181,0.0,0.0,0.32701421800947866
15574,178,6,1101.44,183.57333333333335,191,0.14285714285714285,0.0,0.44782608695652176
15575,619,1,30.1,30.1,3,0.0,0.0,0.6666666666666666
15576,38,1,921.37,921.37,43,0.0,0.0,0.3953488372093023
15577,151,5,396.03000000000003,79.20599999999999,58,0.0,0.3050847457627119,0.23728813559322035
15578,162,1,127.1,127.1,13,0.0,0.0,0.5384615384615384
15579,69,5,1250.63,250.12600000000003,140,0.2857142857142857,0.8509316770186336,0.3416149068322981
15580,377,8,1375.39,171.92375,150,0.42857142857142855,0.49333333333333335,0.49777777777777776
15581,121,38,7480.4,196.85263157894735,542,0.11627906976744186,0.10087719298245613,0.3084795321637427
15582,25,3,682.9100000000001,227.63666666666668,39,0.0,0.0,0.6590909090909091
15583,376,1,95.96,95.96,37,0.0,1.0,0.6410256410256411
15584,24,6,1268.2,211.36666666666667,174,0.14285714285714285,0.4409090909090909,0.2545454545454545
15585,177,1,455.3,455.3,31,0.0,0.0,0.3870967741935484
15586,593,3,1139.1,379.70000000000005,30,0.25,0.0,0.3157894736842105
15587,50,7,1522.0800000000002,217.44,3,0.0,0.14285714285714285,0.42857142857142855
15588,678,1,579.6,579.6,4,0.0,1.0,1.0
15589,256,3,478.53000000000003,159.51,28,0.25,0.0,0.5517241379310345
15590,382,5,1496.6,299.32,75,0.16666666666666666,0.4482758620689655,0.5862068965517241
15591,583,3,217.9,72.63333333333334,6,0.0,0.0,0.42857142857142855
15592,47,1,388.58,388.58,24,0.0,0.0,0.5
15593,71,1,199.8,199.8,5,0.0,0.0,0.4
15594,16,5,1771.78,354.356,85,0.16666666666666666,0.0,0.3300970873786408
15595,488,1,357.6,357.6,4,0.0,0.0,1.0
15596,101,9,2727.72,303.08,82,0.4375,0.0,0.47096774193548385
15597,35,2,563.37,281.685,35,0.3333333333333333,0.0,0.3783783783783784
15598,53,2,548.02,274.01,32,0.5,0.0,0.3888888888888889
15599,27,3,1250.06,416.68666666666667,77,0.0,0.27710843373493976,0.30120481927710846
15600,428,4,1199.31,299.8275,55,0.2,0.28169014084507044,0.39436619718309857
15601,11,30,14191.74,473.058,310,0.14285714285714285,0.08980582524271845,0.4381067961165049
15602,8,16,3137.96,196.1225,62,0.36,0.0,0.416
15603,79,2,88.48,44.24,4,0.3333333333333333,0.0,0.5
15604,52,1,216.39,216.39,17,0.0,0.0,0.5294117647058824
15605,36,9,1741.95,193.55,80,0.1,0.1111111111111111,0.42424242424242425
15606,61,17,5230.99,307.70529411764704,84,0.10526315789473684,0.2689655172413793,0.4827586206896552
15607,337,9,1708.97,189.88555555555556,95,0.3076923076923077,0.0,0.30275229357798167
15608,28,5,1785.98,357.196,93,0.0,0.0,0.5333333333333333
15609,184,1,298.48,298.48,16,0.5,0.0,0.375
15610,52,1,112.46000000000001,112.46000000000001,6,0.0,0.0,0.3333333333333333
15611,10,26,2997.28,115.28,43,0.1875,0.20212765957446807,0.35106382978723405
15612,36,2,195.15,97.575,4,0.0,0.5,0.5
15613,610,1,433.71999999999997,433.71999999999997,27,0.0,0.0,0.5925925925925926
15614,438,4,3147.36,786.84,73,0.42857142857142855,0.0,0.3950617283950617
15615,10,47,21373.97,454.7653191489362,292,0.12962962962962962,0.02774694783573807,0.30965593784683687
15616,438,1,317.11,317.11,13,0.0,0.0,0.3076923076923077
15617,396,3,828.5500000000001,276.18333333333334,41,0.0,0.0,0.5
15618,33,4,776.851,194.21275,39,0.2,0.0,0.4
15619,11,1,336.40000000000003,336.40000000000003,3,0.0,0.0,0.6666666666666666
15620,57,4,1942.36,485.59,114,0.5,0.0,0.35658914728682173
15621,4,4,1293.03,323.2575,11,0.3333333333333333,0.0,0.3125
15622,43,17,7852.61,461.9182352941176,331,0.43333333333333335,0.0,0.38497652582159625
15623,141,8,2437.05,304.63125,91,0.0,0.17592592592592593,0.26851851851851855
15624,117,4,588.13,147.0325,26,0.0,0.0,0.4117647058823529
15625,104,9,3236.4,359.59999999999997,106,0.35714285714285715,0.23391812865497075,0.4269005847953216
15626,75,3,1067.52,355.84,73,0.25,0.0,0.3125
15627,457,2,566.9,283.45000000000005,23,0.0,0.0,0.25
15628,5,17,5333.08,313.7105882352941,136,0.19047619047619047,0.06020066889632107,0.3110367892976589
15629,450,4,2240.9,560.225,39,0.0,0.0,0.5454545454545454
15630,45,3,1481.4,493.8,76,0.25,0.0,0.3125
15631,642,1,596.67,596.67,39,0.0,1.0,0.3333333333333333
15632,16,8,3285.31,410.66375,107,0.2,0.0,0.40718562874251496
15633,509,13,4335.96,333.5353846153846,77,0.2777777777777778,0.19318181818181818,0.5
15634,17,2,554.65,277.32500000000005,34,0.0,0.5588235294117647,0.35294117647058826
15635,396,1,100.35,100.35,2,0.0,0.0,0.5
15636,90,4,1444.58,361.145,39,0.0,0.2982456140350877,0.2982456140350877
15637,53,5,797.59,159.518,37,0.0,0.0,0.3902439024390244
15638,379,6,2265.2,377.5333333333333,20,0.3333333333333333,0.2,0.36
15639,134,3,1065.08,355.02666666666664,61,0.4,0.0,0.5217391304347826
15640,4,29,23494.31,810.1486206896552,303,0.14705882352941177,0.29545454545454547,0.3917112299465241
15641,105,12,5345.55,445.46250000000003,249,0.0,0.18971061093247588,0.3311897106109325
15642,730,1,105.78000000000002,105.78000000000002,6,0.0,0.0,0.6666666666666666
15643,192,3,664.0,221.33333333333334,31,0.5,0.0,0.6666666666666666
15644,166,4,803.54,200.885,166,0.0,0.5172413793103449,0.521551724137931
15645,19,3,1055.17,351.72333333333336,59,0.25,0.22058823529411764,0.29411764705882354
15646,158,5,784.8100000000001,156.96200000000002,65,0.16666666666666666,0.0,0.5294117647058824
15647,415,1,169.0,169.0,11,0.0,0.0,0.5454545454545454
15648,204,2,639.5,319.75,23,0.5,0.0,0.5
15649,336,4,1660.35,415.0875,8,0.0,0.0,0.36363636363636365
15650,522,2,553.88,276.94,33,0.3333333333333333,0.6944444444444444,0.5
15651,37,5,1259.06,251.81199999999998,52,0.0,0.0,0.7333333333333333
15652,91,5,1405.94,281.188,93,0.16666666666666666,0.0,0.4019607843137255
15653,93,2,877.4399999999999,438.71999999999997,4,0.0,0.0,0.8333333333333334
15654,9,2,922.53,461.265,15,0.0,0.42857142857142855,0.38095238095238093
15655,243,1,560.67,560.67,34,0.5,1.0,0.29411764705882354
15656,45,4,748.5,187.125,46,0.0,0.0,0.5531914893617021
15657,23,1,30.0,30.0,1,0.0,0.0,1.0
15658,190,8,2117.27,264.65875,79,0.38461538461538464,0.0,0.5784313725490197
15659,44,3,532.49,177.49666666666667,14,0.0,0.0,0.3333333333333333
15660,25,15,2603.69,173.57933333333332,73,0.16666666666666666,0.0,0.5496688741721855
15661,317,8,1215.95,151.99374999999998,27,0.0,0.06818181818181818,0.29545454545454547
15662,661,2,283.73,141.865,12,0.0,0.0,0.3333333333333333
15663,106,1,138.14,138.14,9,0.0,0.0,0.3333333333333333
15664,51,4,1254.03,313.5075,54,0.42857142857142855,0.38571428571428573,0.38571428571428573
15665,168,5,3987.07,797.414,163,0.0,0.8636363636363636,0.28321678321678323
15666,472,2,632.9399999999999,316.47,62,0.0,0.5522388059701493,0.373134328358209
15667,40,1,301.32,301.32,13,0.0,0.0,0.6153846153846154
15668,218,1,76.32000000000001,76.32000000000001,1,0.0,0.0,1.0
15669,40,4,684.34,171.085,31,0.2,0.24242424242424243,0.6363636363636364
15670,297,2,325.2,162.60000000000002,19,0.3333333333333333,0.0,0.631578947368421
15671,19,7,2657.13,379.59000000000003,52,0.3,0.0,0.6153846153846154
15672,725,1,45.300000000000004,45.300000000000004,3,0.0,0.0,0.6666666666666666
15673,88,9,6204.32,689.3688888888888,177,0.1,0.14925373134328357,0.6082089552238806
15674,73,13,6948.2300000000005,534.4792307692308,262,0.2777777777777778,0.05982905982905983,0.43304843304843305
15675,81,4,542.04,135.51,32,0.0,0.4,0.2
15676,19,3,3435.76,1145.2533333333333,191,0.4,0.0,0.400990099009901
15677,49,3,1305.63,435.21000000000004,63,0.0,0.0,0.625
15678,53,3,1825.94,608.6466666666666,77,0.0,0.0,0.43478260869565216
15679,24,4,781.28,195.32,98,0.0,0.0,0.22727272727272727
15680,9,10,4028.69,402.869,155,0.16666666666666666,0.24152542372881355,0.4957627118644068
15681,25,14,2989.7,213.54999999999998,48,0.125,0.0,0.5
15682,599,2,318.24,159.12,25,0.3333333333333333,0.0,0.4
15683,117,2,524.54,262.27,25,0.0,0.38461538461538464,0.6153846153846154
15684,547,3,173.95,57.98333333333333,9,0.5,0.0,0.5454545454545454
15685,450,1,55.980000000000004,55.980000000000004,17,0.0,0.0,0.47058823529411764
15686,420,1,90.0,90.0,1,0.0,0.0,1.0
15687,9,9,2993.1,332.56666666666666,119,0.18181818181818182,0.0,0.5
15688,419,1,190.57,190.57,26,0.0,1.0,0.6666666666666666
15689,120,3,521.03,173.67666666666665,20,0.0,0.0,0.4583333333333333
15690,4,2,239.76,119.88,19,0.0,0.0,0.47368421052631576
15691,252,4,571.3,142.825,12,0.2,0.35714285714285715,0.5714285714285714
15692,28,1,191.04,191.04,12,0.0,0.0,0.5
15693,659,1,37.5,37.5,1,0.0,0.0,1.0
15694,1,24,9978.48,415.77,55,0.1724137931034483,0.02097902097902098,0.5244755244755245
15695,267,4,1131.04,282.76,55,0.0,0.0,0.7966101694915254
15696,33,13,3881.2200000000003,298.55538461538464,163,0.38095238095238093,0.3438914027149321,0.3212669683257919
15697,690,1,246.75,246.75,14,0.0,0.0,0.6428571428571429
15698,624,1,46.2,46.2,2,0.0,0.0,0.5
15699,18,1,309.65,309.65,18,0.0,0.0,0.2222222222222222
15700,172,2,696.68,348.34,85,0.3333333333333333,0.9883720930232558,0.3372093023255814
15701,2,4,1529.0,382.25,193,0.0,0.8391304347826087,0.4043478260869565
15703,265,1,211.5,211.5,5,0.0,1.0,0.6
15704,140,6,3734.6600000000003,622.4433333333333,129,0.25,0.5294117647058824,0.38235294117647056
15705,201,1,143.1,143.1,6,0.0,1.0,0.5
15706,64,4,1060.56,265.14,50,0.42857142857142855,0.41818181818181815,0.36363636363636365
15707,35,4,916.98,229.245,126,0.0,0.0,0.48292682926829267
15708,41,9,3887.15,431.90555555555557,135,0.35714285714285715,1.0,0.5252225519287834
15709,284,2,327.85,163.925,26,0.0,0.0,0.2962962962962963
15710,417,1,898.87,898.87,110,0.0,0.0,0.4
15711,557,2,420.25,210.125,25,0.0,0.28,0.6
15712,9,12,3472.4100000000003,289.3675,86,0.07692307692307693,0.21686746987951808,0.4759036144578313
15713,143,4,839.64,209.91000000000003,48,0.3333333333333333,0.0,0.4230769230769231
15714,12,5,783.96,156.792,45,0.0,0.20833333333333334,0.2916666666666667
15715,556,5,658.02,131.60399999999998,33,0.0,0.0,0.4473684210526316
15716,146,11,2485.26,225.9327272727273,188,0.0,0.6678321678321678,0.3811188811188811
15717,234,5,607.0,121.4,17,0.0,0.0,0.2916666666666667
15718,540,1,293.79,293.79,18,0.0,0.0,0.4444444444444444
15719,33,31,10195.97,328.9022580645161,449,0.20512820512820512,0.0288135593220339,0.3214689265536723
15720,24,2,739.22,369.61,152,0.0,0.0,0.46405228758169936
15721,12,1,471.40000000000003,471.40000000000003,80,0.0,0.0,0.32142857142857145
15722,36,11,5234.0,475.8181818181818,91,0.26666666666666666,0.28651685393258425,0.3651685393258427
15723,365,4,930.7,232.675,108,0.0,0.16260162601626016,0.3983739837398374
15724,201,3,310.85,103.61666666666667,17,0.4,0.35294117647058826,0.5294117647058824
15725,15,1,415.25,415.25,32,0.0,0.0,0.40625
15726,390,1,321.91,321.91,23,0.0,1.0,0.30434782608695654
15727,17,15,9371.71,624.7806666666668,426,0.0,0.31386861313868614,0.47007299270072994
15728,380,2,544.6,272.3,10,0.3333333333333333,0.0,0.6666666666666666
15729,213,3,192.55,64.18333333333334,10,0.4,0.0,0.36363636363636365
15730,66,5,1726.58,345.316,102,0.2857142857142857,0.0,0.36036036036036034
15731,554,1,125.3,125.3,8,0.0,0.0,0.375
15732,212,10,1543.97,154.397,53,0.16666666666666666,0.0707070707070707,0.36363636363636365
15733,283,1,162.3,162.3,10,0.0,0.0,0.6
15734,115,4,2263.3,565.825,36,0.0,0.0,0.3488372093023256
15735,421,1,327.68,327.68,19,0.0,0.0,0.47368421052631576
15736,435,2,1767.12,883.56,95,0.3333333333333333,0.0,0.57
15737,15,8,1188.1200000000001,148.51500000000001,60,0.3333333333333333,0.0,0.38028169014084506
15738,19,41,13043.32,318.12975609756097,70,0.08888888888888889,0.13070539419087138,0.3879668049792531
15739,66,1,449.12,449.12,8,0.0,0.0,0.875
15740,49,1,154.88,154.88,9,0.0,0.0,0.5555555555555556
15741,458,2,208.62,104.31,11,0.0,0.0,0.5
15742,619,1,156.87,156.87,41,0.0,0.0,0.6829268292682927
15743,16,4,775.96,193.99,59,0.0,0.0,0.38372093023255816
15744,78,1,34.8,34.8,3,0.0,0.0,1.0
15745,19,4,1094.59,273.64750000000004,57,0.3333333333333333,0.7096774193548387,0.3709677419354839
15746,134,1,196.88,196.88,28,0.5,0.0,0.32142857142857145
15747,13,9,2499.81,277.75666666666666,116,0.1,0.2916666666666667,0.39351851851851855
15748,40,3,609.8100000000001,203.27,34,0.0,0.5555555555555556,0.5
15749,235,3,44534.3,14844.766666666668,5,0.25,0.0,0.4
15750,3,18,6452.991,358.4995,389,0.25,0.0,0.42038216560509556
15751,461,11,1380.44,125.49454545454546,90,0.21428571428571427,1.0,0.2846153846153846
15752,40,9,3924.91,436.1011111111111,359,0.1,0.0,0.34982935153583616
15753,305,1,79.2,79.2,1,0.0,0.0,1.0
15754,51,9,3037.61,337.51222222222225,114,0.25,0.0,0.3816793893129771
15755,10,17,5993.12,352.53647058823526,281,0.15,0.04582210242587601,0.38544474393531
15756,61,4,528.01,132.0025,160,0.0,0.5497382198952879,0.3298429319371728
15757,66,6,2940.36,490.06,162,0.0,0.0,0.46113989637305697
15758,25,1,205.25,205.25,9,0.0,0.0,0.4444444444444444
15759,218,7,830.9300000000001,118.70428571428572,10,0.3,0.0,0.8235294117647058
15761,443,1,143.05,143.05,5,0.0,0.0,0.6
15762,65,2,583.75,291.875,37,0.0,0.0,0.5405405405405406
15763,32,2,1086.92,543.46,58,0.3333333333333333,0.0,0.4098360655737705
15764,88,8,4503.08,562.885,187,0.42857142857142855,0.0,0.5220883534136547
15765,667,1,370.63,370.63,25,0.0,0.0,0.52
15766,64,3,831.06,277.02,21,0.25,0.0,0.46153846153846156
15768,116,34,15308.89,450.2614705882353,437,0.05555555555555555,0.04470198675496689,0.34271523178807944
15769,7,46,88612.52,1926.3591304347826,26,0.09803921568627451,0.02242152466367713,0.29596412556053814
15770,613,1,321.45,321.45,18,0.0,0.0,0.5
15771,604,3,1006.54,335.5133333333333,26,0.0,0.0,0.5714285714285714
15772,418,1,280.88,280.88,16,0.0,1.0,0.6875
15773,6,2,774.52,387.26000000000005,46,0.0,0.2127659574468085,0.5531914893617021
15774,69,6,1288.34,214.72333333333333,88,0.14285714285714285,0.9090909090909091,0.22727272727272727
15775,245,2,150.5,75.25,9,0.0,0.0,0.3333333333333333
15776,133,1,241.62,241.62,18,0.0,0.0,0.3333333333333333
15777,241,7,1762.61,251.80142857142854,29,0.2222222222222222,0.0,0.5641025641025641
15778,431,1,307.95,307.95,17,0.0,0.0,0.35294117647058826
15779,463,2,124.08000000000001,62.04,8,0.0,0.0,0.375
15780,184,3,475.28000000000003,158.42666666666668,26,0.0,0.0,0.5172413793103449
15781,25,3,345.46,115.15333333333335,20,0.25,0.0,0.3
15782,10,4,4014.1,1003.525,51,0.3333333333333333,0.3442622950819672,0.47540983606557374
15783,11,1,246.3,246.3,14,0.0,0.0,0.5714285714285714
15784,468,2,848.3299999999999,424.16499999999996,33,0.0,0.3488372093023256,0.37209302325581395
15785,33,16,5969.93,373.120625,102,0.38461538461538464,0.08888888888888889,0.28888888888888886
15786,46,5,8501.62,1700.324,358,0.4444444444444444,0.0,0.4
15787,26,3,933.26,311.08666666666664,156,0.0,1.0,0.44
15788,509,1,221.82999999999998,221.82999999999998,14,0.5,0.0,0.5
15789,358,6,1962.01,327.00166666666667,110,0.14285714285714285,0.2608695652173913,0.32608695652173914
15790,10,1,218.75,218.75,34,0.0,0.0,0.4411764705882353
15791,44,5,3608.34,721.668,121,0.4444444444444444,0.0,0.3532934131736527
15792,400,2,933.84,466.92,57,0.0,0.0,0.2807017543859649
15793,15,8,2399.57,299.94625,12,0.1111111111111111,0.0,0.5
15794,736,2,777.0,388.5,15,0.0,0.0,0.3333333333333333
15795,150,8,1979.8700000000001,247.48375,111,0.0,0.3282442748091603,0.35877862595419846
15796,1,17,5171.63,304.21352941176474,138,0.22727272727272727,0.5324232081911263,0.3720136518771331
15797,113,6,2821.08,470.18,12,0.0,0.0,0.4166666666666667
15798,493,3,1535.37,511.78999999999996,73,0.0,0.0,0.39759036144578314
15799,76,4,1421.34,355.335,143,0.0,0.9025974025974026,0.35714285714285715
15800,107,7,1227.07,175.29571428571427,198,0.0,0.21982758620689655,0.36637931034482757
15801,46,3,1063.95,354.65000000000003,61,0.25,0.0,0.390625
15802,143,1,451.42,451.42,1,0.6666666666666666,0.0,1.0
15803,51,4,1929.66,482.41499999999996,48,0.0,0.0,0.39215686274509803
15804,1,13,4206.39,323.5684615384616,170,0.3157894736842105,0.1183206106870229,0.36259541984732824
15805,23,30,10148.93,338.29766666666666,337,0.25,0.0831758034026465,0.3705103969754253
15806,46,3,784.58,261.5266666666667,24,0.0,0.0,0.45161290322580644
15807,50,5,1817.52,363.504,85,0.16666666666666666,0.0,0.3409090909090909
15808,306,21,17180.25,818.1071428571429,348,0.125,0.17487046632124353,0.3626943005181347
15809,36,7,1274.44,182.06285714285715,51,0.2222222222222222,0.0,0.41379310344827586
15810,79,8,2999.04,374.88,89,0.38461538461538464,0.0,0.3072289156626506
15811,22,7,3486.15,498.0214285714286,205,0.3,0.0,0.4725274725274725
15812,107,12,5201.47,433.4558333333334,87,0.07692307692307693,0.0,0.256
15813,208,2,1303.9099999999999,651.9549999999999,40,0.0,0.0,0.65
15814,17,6,2634.44,439.0733333333333,83,0.25,0.0,0.30612244897959184
15815,64,5,2100.6,420.12,33,0.0,0.0,0.3469387755102041
15816,542,2,144.14999999999998,72.07499999999999,11,0.3333333333333333,0.0,0.36363636363636365
15817,421,3,2766.4,922.1333333333332,133,0.0,0.0,0.2236842105263158
15818,588,1,340.5,340.5,11,0.0,0.0,0.45454545454545453
15819,49,10,3934.79,393.479,182,0.09090909090909091,0.09230769230769231,0.38076923076923075
15820,320,1,206.98,206.98,17,0.0,0.0,0.35294117647058826
15821,44,2,570.96,285.48,57,0.0,0.5483870967741935,0.46774193548387094
15822,3,6,1840.06,306.6766666666667,46,0.25,0.3384615384615385,0.3230769230769231
15823,372,3,3882.17,1294.0566666666666,155,0.5,0.0,0.4967741935483871
15824,453,2,890.94,445.47,24,0.0,0.6153846153846154,0.3076923076923077
15825,172,1,532.94,532.94,20,0.0,0.0,0.3
15826,56,4,2598.28,649.57,100,0.3333333333333333,0.0,0.25210084033613445
15827,73,28,3603.14,128.68357142857144,124,0.3333333333333333,0.05069124423963134,0.5069124423963134
15828,375,1,1108.82,1108.82,74,0.0,0.0,0.40540540540540543
15829,99,2,636.14,318.07,44,0.0,0.0,0.39215686274509803
15830,38,1,576.0,576.0,39,0.5,0.0,0.5384615384615384
15831,58,3,794.64,264.88,63,0.25,0.09090909090909091,0.5
15832,254,1,836.79,836.79,54,0.0,0.0,0.4074074074074074
15833,738,1,80.4,80.4,5,0.0,0.0,0.4
15834,70,7,3764.39,537.77,333,0.2222222222222222,0.08021390374331551,0.49732620320855614
15835,44,4,954.09,238.5225,47,0.0,0.0,0.48
15836,50,1,137.37,137.37,10,0.5,0.0,0.4
15837,65,2,777.01,388.505,52,0.0,0.0,0.4230769230769231
15838,11,34,73205.5,2153.1029411764707,61,0.10526315789473684,0.02912621359223301,0.44660194174757284
15839,33,3,1048.49,349.49666666666667,56,0.4,0.20967741935483872,0.46774193548387094
15840,59,2,355.56,177.78,26,0.3333333333333333,0.0,0.7037037037037037
15841,73,9,2742.41,304.71222222222224,60,0.25,0.05434782608695652,0.3804347826086957
15842,393,2,548.8,274.4,24,0.3333333333333333,0.0,0.52
15843,304,1,118.95000000000002,118.95000000000002,8,0.0,0.0,0.5
15844,46,1,130.73999999999998,130.73999999999998,11,0.0,0.0,0.8181818181818182
15845,18,11,4426.28,402.3890909090909,129,0.21428571428571427,0.0,0.41954022988505746
15846,385,1,107.01,107.01,27,0.0,0.0,0.5172413793103449
15847,38,5,822.57,164.514,39,0.0,0.0,0.5416666666666666
15848,622,1,137.99,137.99,34,0.0,1.0,0.38235294117647056
15850,19,6,1006.75,167.79166666666666,269,0.0,0.38263665594855306,0.40836012861736337
15851,527,1,109.73,109.73,8,0.0,0.0,0.25
15852,187,3,257.26,85.75333333333333,31,0.0,0.0,0.48484848484848486
15853,52,1,110.8,110.8,29,0.0,0.0,0.5
15854,4,21,5578.28,265.6323809523809,168,0.0,0.28125,0.296875
15855,137,6,1052.72,175.45333333333335,72,0.0,0.0,0.47368421052631576
15856,4,52,32275.95,620.6913461538462,384,0.10344827586206896,0.06170598911070781,0.31306715063520874
15857,19,2,570.48,285.24,21,0.0,0.0,0.375
15858,16,13,3552.41,273.2623076923077,273,0.13333333333333333,0.0,0.5563218390804597
15859,432,1,438.46,438.46,22,0.0,1.0,0.3181818181818182
15860,41,17,2361.3,138.9,249,0.0,0.5189504373177842,0.40233236151603496
15861,12,12,4369.2,364.09999999999997,452,0.2,0.2956852791878173,0.35786802030456855
15862,8,13,2512.29,193.25307692307692,417,0.0,0.0,0.37751004016064255
15863,26,5,355.1,71.02000000000001,74,0.0,0.0,0.37662337662337664
15864,22,7,2180.76,311.5371428571429,18,0.2222222222222222,0.08695652173913043,0.34782608695652173
15865,41,5,2241.42,448.284,119,0.0,0.07142857142857142,0.46825396825396826
15866,101,1,211.89,211.89,43,0.0,0.0,0.3953488372093023
15867,5,31,8923.3,287.84838709677416,547,0.11428571428571428,0.09901960784313725,0.2656862745098039
15868,583,1,94.53,94.53,4,0.0,0.0,0.25
15869,277,3,321.11,107.03666666666668,29,0.0,0.0,0.38235294117647056
15870,33,4,857.46,214.365,127,0.0,0.3916083916083916,0.3776223776223776
15871,437,1,33.099999999999994,33.099999999999994,5,0.0,0.0,0.6
15872,15,4,729.25,182.3125,164,0.0,0.0,0.4787234042553192
15873,500,4,313.91999999999996,78.48,3,0.2,0.0,0.8333333333333334
15874,64,21,11284.76,537.3695238095238,262,0.16,0.0,0.3304093567251462
15875,646,1,108.52,108.52,18,0.0,0.0,0.34782608695652173
15876,409,2,1449.1399999999999,724.5699999999999,11,0.0,0.0,0.5454545454545454
15877,2,2,490.33,245.16500000000002,122,0.3333333333333333,0.0,0.4523809523809524
15878,562,2,330.77,165.385,47,0.0,0.5686274509803921,0.4117647058823529
15879,404,4,1137.8,284.45,171,0.0,0.41899441340782123,0.3128491620111732
15880,369,1,329.03000000000003,329.03000000000003,95,0.5,1.0,0.4270833333333333
15881,312,5,501.39000000000004,100.278,26,0.375,0.0,0.41379310344827586
15882,199,8,1124.66,140.5825,49,0.2,0.0,0.3728813559322034
15883,2,2,396.48,198.24,42,0.0,0.40816326530612246,0.3673469387755102
15884,432,2,244.60000000000002,122.30000000000001,14,0.3333333333333333,0.07142857142857142,0.42857142857142855
15885,93,15,1951.82,130.12133333333335,83,0.25,0.008695652173913044,0.4260869565217391
15886,60,4,1052.8700000000001,263.2175,58,0.0,0.0,0.3709677419354839
15887,407,3,1027.15,342.3833333333334,27,0.0,0.13513513513513514,0.2972972972972973
15888,81,3,429.16,143.0533333333333,33,0.25,0.0,0.41025641025641024
15889,157,8,1427.6,178.45,256,0.1111111111111111,0.19601328903654486,0.3388704318936877
15890,395,5,535.65,107.13,10,0.0,0.0,0.4
15891,227,1,511.68,511.68,60,0.0,0.0,0.4
15892,669,1,128.2,128.2,38,0.0,0.0,0.5
15893,482,1,305.28000000000003,305.28000000000003,1,0.0,1.0,1.0
15894,253,2,258.25,129.125,35,0.0,0.918918918918919,0.5405405405405406
15895,150,1,179.17,179.17,11,0.0,0.0,0.5454545454545454
15897,194,2,208.59,104.295,17,0.0,1.0,0.4090909090909091
15898,1,25,4996.45,199.858,281,0.13793103448275862,0.09531502423263329,0.23424878836833601
15899,369,1,56.25,56.25,4,0.0,0.0,0.5
15900,24,4,886.5699999999999,221.64249999999998,100,0.2,0.0,0.4603174603174603
15901,17,7,687.72,98.24571428571429,145,0.2222222222222222,0.0,0.3475609756097561
15902,380,1,145.01,145.01,18,0.0,0.0,0.5555555555555556
15903,10,12,8939.84,744.9866666666667,58,0.2,0.05172413793103448,0.5172413793103449
15904,8,1,164.68,164.68,30,0.0,0.0,0.5333333333333333
15905,543,1,114.69,114.69,22,0.0,0.0,0.45454545454545453
15906,20,10,2530.19,253.019,143,0.16666666666666666,0.39800995024875624,0.5124378109452736
15907,4,3,882.72,294.24,175,0.0,0.0,0.3938053097345133
15908,491,2,758.62,379.31,37,0.0,0.0,0.425
15909,174,1,191.94,191.94,7,0.0,1.0,0.42857142857142855
15910,1,15,2661.17,177.41133333333335,394,0.0,0.0,0.567741935483871
15911,624,8,1700.24,212.53,162,0.2,0.0,0.3875968992248062
15912,178,9,1074.7,119.41111111111111,83,0.0,0.0,0.3263157894736842
15913,534,1,6.300000000000001,6.300000000000001,1,0.0,0.0,1.0
15914,378,2,205.99,102.99499999999999,13,0.0,0.0,0.5384615384615384
15915,402,1,364.45,364.45,105,0.0,0.0,0.4336283185840708
15916,16,13,3145.2400000000002,241.94153846153844,227,0.23529411764705882,0.10784313725490197,0.29411764705882354
15917,248,5,530.17,106.03399999999999,127,0.0,0.0,0.3591549295774648
15918,191,3,582.88,194.29333333333332,49,0.0,0.36065573770491804,0.5901639344262295
15919,20,2,525.69,262.845,103,0.0,0.680327868852459,0.4344262295081967
15920,154,9,569.14,63.23777777777778,93,0.0,0.0,0.2803738317757009
15921,173,4,775.26,193.815,69,0.0,0.0,0.2911392405063291
15922,373,1,369.5,369.5,11,0.5,0.0,0.7272727272727273
15923,373,1,127.08,127.08,21,0.0,0.0,0.3333333333333333
15924,731,1,102.82,102.82,14,0.0,0.0,0.2
15925,194,1,207.15,207.15,12,0.0,1.0,0.3333333333333333
15926,542,1,134.44,134.44,7,0.0,0.0,0.42857142857142855
15927,647,1,106.54,106.54,13,0.0,0.0,0.4666666666666667
15928,656,1,293.53,293.53,11,0.0,1.0,0.36363636363636365
15929,644,1,594.0,594.0,1,0.0,0.0,1.0
15930,67,1,426.63,426.63,21,0.0,0.0,0.5714285714285714
15931,428,1,239.9,239.9,14,0.0,0.0,0.7142857142857143
15932,4,8,2495.87,311.98375,93,0.2727272727272727,0.0,0.3565217391304348
15933,21,3,1107.46,369.15333333333336,63,0.0,0.0,0.3783783783783784
15934,418,2,2190.66,1095.33,29,0.0,0.0,0.3103448275862069
15935,239,2,416.86,208.43,12,0.3333333333333333,0.0,0.9166666666666666
15936,379,2,282.79,141.395,16,0.0,0.5789473684210527,0.3157894736842105
15937,64,1,145.35,145.35,7,0.0,0.0,0.7142857142857143
15938,112,9,734.81,81.64555555555555,27,0.0,0.28205128205128205,0.38461538461538464
15939,90,16,9060.39,566.274375,52,0.058823529411764705,0.08074534161490683,0.38509316770186336
15940,311,1,35.8,35.8,1,0.6666666666666666,0.0,1.0
15941,637,1,405.0,405.0,6,0.5,0.0,1.0
15942,134,1,337.44,337.44,14,0.0,0.0,0.7142857142857143
15943,650,2,271.28999999999996,135.64499999999998,12,0.0,1.0,0.4166666666666667
15944,277,4,2164.24,541.06,25,0.0,0.21052631578947367,0.4473684210526316
15945,365,4,646.27,161.5675,24,0.0,0.0,0.4642857142857143
15946,503,3,2304.18,768.06,25,0.0,0.5769230769230769,0.5769230769230769
15947,83,1,1708.24,1708.24,29,0.0,1.0,0.4482758620689655
15948,8,3,1509.0900000000001,503.03000000000003,63,0.0,0.0,0.7368421052631579
15949,17,2,364.72,182.36,12,0.0,0.0,0.5263157894736842
15950,32,10,7120.91,712.091,225,0.23076923076923078,0.0,0.4223918575063613
15951,9,3,1013.17,337.7233333333333,44,0.25,0.3728813559322034,0.5084745762711864
15952,34,4,781.91,195.4775,65,0.0,0.8333333333333334,0.38095238095238093
15953,15,18,3440.3399999999997,191.13,102,0.14285714285714285,0.2694610778443114,0.23353293413173654
15954,589,1,190.75,190.75,20,0.0,0.0,0.5
15955,24,22,8085.9800000000005,367.54454545454547,222,0.12,0.05555555555555555,0.3128654970760234
15956,551,2,617.6,308.79999999999995,18,0.0,1.0,0.3333333333333333
15957,32,3,921.25,307.0833333333333,121,0.0,0.0,0.6027397260273972
15958,74,4,462.12,115.53,50,0.0,0.0,0.38461538461538464
15959,682,3,542.89,180.96333333333337,58,0.0,0.0,0.3380281690140845
15960,374,4,410.95,102.73750000000001,24,0.2,0.0,0.5
15961,379,1,451.28999999999996,451.28999999999996,42,0.0,0.0,0.3333333333333333
15962,449,1,289.48,289.48,43,0.0,0.0,0.5272727272727272
15963,20,2,470.76,235.38,26,0.0,0.35714285714285715,0.35714285714285715
15964,663,1,269.21000000000004,269.21000000000004,20,0.0,1.0,0.4
15965,17,13,2771.94,213.22615384615386,202,0.07142857142857142,0.21385542168674698,0.3885542168674699
15966,451,1,426.53000000000003,426.53000000000003,27,0.5,0.0,0.48148148148148145
15967,23,12,2966.0,247.16666666666666,316,0.07692307692307693,0.19583333333333333,0.3729166666666667
15968,388,1,404.55,404.55,70,0.0,0.0,0.35
15969,3,5,1127.05,225.41,31,0.16666666666666666,0.34285714285714286,0.5142857142857142
15970,304,2,1017.32,508.66,19,0.0,0.0,0.4166666666666667
15971,17,18,5902.83,327.935,12,0.1,0.0,0.40476190476190477
15972,456,5,1769.33,353.866,104,0.0,0.41007194244604317,0.4244604316546763
15973,367,3,680.62,226.87333333333336,8,0.4,0.0,0.5454545454545454
15974,39,7,3442.15,491.7357142857143,141,0.125,0.0,0.2784090909090909
15975,84,1,371.01,371.01,24,0.0,0.0,0.5416666666666666
15976,165,6,1694.41,282.4016666666667,265,0.0,0.46825396825396826,0.3333333333333333
15977,17,2,1054.73,527.365,48,0.0,0.0,0.3384615384615385
15978,77,3,3279.42,1093.14,107,0.4,0.37209302325581395,0.3643410852713178
15979,603,1,329.22,329.22,22,0.0,0.0,0.36363636363636365
15980,89,7,6543.68,934.8114285714285,101,0.2222222222222222,0.0,0.48695652173913045
15981,25,21,9362.77,445.8461904761905,151,0.2222222222222222,0.013888888888888888,0.40625
15982,605,1,324.51,324.51,45,0.0,0.0,0.4222222222222222
15983,22,8,3110.37,388.79625,137,0.0,0.24806201550387597,0.32558139534883723
15984,3,30,8393.02,279.76733333333334,458,0.0625,0.16714285714285715,0.42857142857142855
15985,123,7,2715.28,387.8971428571429,50,0.125,0.25961538461538464,0.4519230769230769
15986,30,2,354.42,177.21,25,0.0,0.0,0.44
15987,12,8,1535.99,191.99875,143,0.0,0.30177514792899407,0.39644970414201186
15988,19,3,738.89,246.29666666666665,114,0.0,1.0,0.35
15989,376,2,368.31,184.155,81,0.0,0.0,0.29069767441860467
15990,44,7,1997.75,285.39285714285717,117,0.0,0.3389830508474576,0.327683615819209
15991,534,1,150.55,150.55,6,0.0,0.0,0.6666666666666666
15992,4,3,896.6,298.8666666666667,53,0.0,0.35185185185185186,0.6666666666666666
15993,9,7,2777.67,396.81,335,0.3,0.19337016574585636,0.3462246777163904
15994,55,3,1175.68,391.8933333333334,93,0.4,1.0,0.4444444444444444
15995,414,1,694.54,694.54,108,0.0,0.0,0.4909090909090909
15996,88,7,1386.4,198.05714285714288,140,0.125,0.44508670520231214,0.5028901734104047
15998,37,16,8274.14,517.13375,682,0.23809523809523808,0.1726315789473684,0.4014035087719298
15999,736,1,20.4,20.4,1,0.0,0.0,1.0
16000,3,3,12393.7,4131.233333333334,9,0.0,0.0,0.5555555555555556
16001,381,1,583.39,583.39,29,0.5,0.0,0.4827586206896552
16002,625,1,169.21,169.21,42,0.0,0.0,0.42857142857142855
16003,30,10,5613.83,561.383,146,0.0,0.2019704433497537,0.5517241379310345
16004,475,5,2146.39,429.27799999999996,63,0.0,0.18888888888888888,0.4444444444444444
16005,12,10,2365.4900000000002,236.54899999999998,315,0.09090909090909091,0.24380165289256198,0.33264462809917356
16006,211,2,332.82,166.41,75,0.0,0.0,0.46153846153846156
16007,48,7,3053.06,436.15142857142854,337,0.0,0.893455098934551,0.2952815829528158
16008,24,15,5339.13,355.942,63,0.0,0.4505928853754941,0.2608695652173913
16009,22,4,972.11,243.0275,68,0.0,0.7073170731707317,0.47560975609756095
16010,246,11,1694.86,154.07818181818183,122,0.08333333333333333,0.6539792387543253,0.4671280276816609
16011,8,29,5601.01,193.13827586206898,181,0.03333333333333333,0.13411764705882354,0.4117647058823529
16012,35,5,2978.59,595.7180000000001,207,0.0,0.0,0.45188284518828453
16013,4,84,56078.44,667.6004761904762,54,0.10638297872340426,0.0,0.4398148148148148
16014,38,5,1100.28,220.05599999999998,219,0.16666666666666666,0.5236363636363637,0.4618181818181818
16015,4,3,704.55,234.85,146,0.25,0.3259668508287293,0.39226519337016574
16016,3,11,2083.4,189.4,181,0.21428571428571427,0.0,0.367003367003367
16017,47,5,1545.58,309.116,99,0.0,0.3769230769230769,0.3230769230769231
16018,39,4,698.13,174.5325,48,0.0,0.26785714285714285,0.4107142857142857
16019,47,27,17329.16,641.8207407407407,256,0.22857142857142856,0.0,0.3573200992555831
16020,17,3,851.01,283.67,42,0.0,0.0,0.5
16021,395,2,487.03,243.515,117,0.0,0.2619047619047619,0.40476190476190477
16022,260,1,602.63,602.63,68,0.0,0.0,0.4788732394366197
16023,46,3,719.81,239.9366666666667,90,0.0,0.0,0.43564356435643564
16024,12,3,483.99,161.33,78,0.0,1.0,0.38823529411764707
16025,30,1,439.65999999999997,439.65999999999997,28,0.0,0.0,0.42857142857142855
16026,43,1,236.09,236.09,30,0.0,0.0,0.5625
16027,92,15,2048.36,136.55733333333333,20,0.16666666666666666,0.11428571428571428,0.42857142857142855
16028,596,1,82.2,82.2,5,0.0,0.0,0.8
16029,39,107,117763.62,1100.5945794392524,57,0.144,0.0,0.34864864864864864
16030,310,1,331.24,331.24,28,0.0,0.0,0.3448275862068966
16031,92,2,547.9,273.95,91,0.0,0.0,0.41836734693877553
16032,456,6,1965.72,327.62,130,0.0,0.4666666666666667,0.28095238095238095
16033,6,27,10608.81,392.9188888888889,605,0.25,0.36055923473142015,0.4304635761589404
16034,196,6,911.3199999999999,151.88666666666666,43,0.14285714285714285,0.16071428571428573,0.44642857142857145
16035,560,1,217.73,217.73,21,0.0,0.0,0.42857142857142855
16036,87,4,2556.84,639.21,120,0.0,0.0,0.2357142857142857
16037,270,5,1509.34,301.86800000000005,62,0.2857142857142857,0.2535211267605634,0.6338028169014085
16038,8,3,471.78000000000003,157.26,24,0.25,0.7307692307692307,0.2692307692307692
16039,424,2,456.4,228.20000000000002,27,0.3333333333333333,0.34375,0.59375
16040,65,7,2416.9,345.2714285714286,95,0.125,0.0,0.408
16041,31,3,3166.4,1055.4666666666667,6,0.0,0.0,0.5
16042,22,8,2245.32,280.665,88,0.2727272727272727,0.2868217054263566,0.7674418604651163
16043,37,8,1856.5900000000001,232.07375000000002,56,0.0,0.2465753424657534,0.6575342465753424
16044,435,1,340.84000000000003,340.84000000000003,19,0.0,0.0,0.3684210526315789
16045,120,8,3434.9300000000003,429.36625000000004,111,0.1111111111111111,0.18243243243243243,0.581081081081081
16046,562,1,235.78,235.78,22,0.0,0.0,0.5
16048,373,4,818.7900000000001,204.69750000000002,30,0.3333333333333333,0.0,0.6944444444444444
16049,40,6,1852.15,308.69166666666666,383,0.0,0.6061855670103092,0.4247422680412371
16050,174,3,300.7,100.23333333333335,19,0.0,0.7142857142857143,0.3333333333333333
16051,682,1,188.44,188.44,12,0.0,0.0,0.5833333333333334
16052,54,1,362.06,362.06,34,0.0,1.0,0.38235294117647056
16053,33,6,3634.84,605.8066666666667,169,0.25,0.2268041237113402,0.39690721649484534
16054,145,4,2111.88,527.97,109,0.42857142857142855,0.7213114754098361,0.4344262295081967
16055,221,1,134.8,134.8,8,0.0,0.0,0.375
16056,45,1,650.75,650.75,66,0.0,0.0,0.2727272727272727
16057,16,10,3854.85,385.485,175,0.4117647058823529,0.10550458715596331,0.3440366972477064
16058,406,1,62.7,62.7,2,0.0,0.0,1.0
16059,66,12,3053.57,254.46416666666667,233,0.0,0.24552429667519182,0.4859335038363171
16060,401,3,541.95,180.65,22,0.0,0.0,0.4166666666666667
16061,431,1,89.65,89.65,3,0.6666666666666666,0.0,0.3333333333333333
16062,10,8,2863.45,357.93125,134,0.0,0.0,0.6
16063,260,1,335.32,335.32,23,0.0,0.0,0.8695652173913043
16064,725,1,109.31,109.31,17,0.0,0.0,0.29411764705882354
16065,365,8,1992.13,249.01625,214,0.2,0.22662889518413598,0.4730878186968839
16066,17,5,1521.04,304.20799999999997,77,0.0,0.6039603960396039,0.5841584158415841
16067,563,3,3269.11,1089.7033333333334,60,0.5,0.16176470588235295,0.27941176470588236
16068,594,1,115.73,115.73,34,0.0,1.0,0.45714285714285713
16069,418,1,457.7,457.7,25,0.0,0.0,0.76
16070,22,2,852.15,426.07500000000005,32,0.0,0.0,0.45454545454545453
16071,45,4,1076.8,269.20000000000005,62,0.0,0.0,0.3013698630136986
16072,288,4,4180.09,1045.0225,414,0.0,0.0,0.4651600753295669
16073,297,1,122.39999999999999,122.39999999999999,1,0.5,0.0,1.0
16074,390,1,252.5,252.5,23,0.0,1.0,0.24
16075,503,2,736.9300000000001,368.46500000000003,41,0.3333333333333333,0.3902439024390244,0.34146341463414637
16076,3,10,2234.73,223.473,71,0.09090909090909091,0.12403100775193798,0.4418604651162791
16077,626,1,2300.4,2300.4,8,0.5,0.0,0.5
16078,284,2,362.99,181.495,39,0.0,0.0,0.358974358974359
16079,17,3,1352.0,450.6666666666667,18,0.0,0.5238095238095238,0.6190476190476191
16080,82,4,602.5600000000001,150.64000000000001,29,0.3333333333333333,0.0,0.43333333333333335
16081,56,8,4278.96,534.87,235,0.0,0.0,0.391304347826087
16082,670,1,106.75,106.75,16,0.0,1.0,0.25
16083,101,4,2351.42,587.855,61,0.0,0.0,0.4084507042253521
16084,299,1,436.18,436.18,38,0.0,1.0,0.5526315789473685
16085,23,12,2341.03,195.08583333333334,259,0.07692307692307693,0.27466666666666667,0.3546666666666667
16086,59,10,2687.73,268.773,66,0.09090909090909091,0.0,0.3875968992248062
16087,389,5,1739.92,347.98400000000004,6,0.0,0.0,0.6
16088,576,2,1437.43,718.7149999999999,3,0.0,0.0,1.0
16089,386,2,263.49,131.745,42,0.0,0.574468085106383,0.40425531914893614
16090,624,1,180.56,180.56,18,0.0,0.0,0.2777777777777778
16091,155,2,315.06,157.53,16,0.0,0.0,0.3333333333333333
16092,115,6,1587.94,264.6566666666667,60,0.4,0.3,0.35555555555555557
16093,107,1,17.0,17.0,1,0.0,0.0,1.0
16094,12,11,3695.56,335.96,101,0.42105263157894735,0.0,0.33163265306122447
16095,456,1,447.05,447.05,30,0.0,0.0,0.5
16096,264,4,1584.97,396.2425,58,0.0,0.18181818181818182,0.3939393939393939
16097,240,1,185.04999999999998,185.04999999999998,10,0.0,0.0,0.6
16098,88,14,4010.7,286.4785714285714,83,0.0,0.0,0.5066666666666667
16099,50,7,1573.2,224.74285714285716,44,0.125,0.0,0.4782608695652174
16100,463,1,582.64,582.64,37,0.0,0.0,0.5675675675675675
16101,71,4,3229.16,807.29,153,0.42857142857142855,0.125,0.390625
16102,42,3,1842.14,614.0466666666667,41,0.0,0.0,0.3157894736842105
16103,7,22,6191.71,281.44136363636363,111,0.18518518518518517,0.0,0.29
16104,62,9,2774.46,308.2733333333333,187,0.18181818181818182,1.0,0.34913793103448276
16105,249,5,2386.19,477.238,92,0.0,0.0,0.34545454545454546
16106,66,1,108.38,108.38,6,0.0,0.0,0.5
16107,18,7,3204.1600000000003,457.7371428571429,16,0.0,0.25806451612903225,0.3870967741935484
16108,85,4,2235.92,558.98,124,0.5,0.0,0.4
16109,219,3,939.48,313.16,30,0.25,0.41935483870967744,0.3225806451612903
16110,45,4,1781.59,445.3975,343,0.0,0.0,0.4627906976744186
16111,428,1,549.33,549.33,72,0.0,0.0,0.4794520547945205
16112,143,4,195.73999999999998,48.935,15,0.0,0.0,0.4375
16113,183,1,161.38,161.38,30,0.0,0.0,0.4
16114,171,1,135.75000000000003,135.75000000000003,8,0.0,0.0,0.875
16115,10,12,2553.8,212.8166666666667,230,0.0,0.5823389021479713,0.4295942720763723
16116,212,1,612.78,612.78,34,0.5,0.0,0.38235294117647056
16117,190,3,654.4,218.13333333333333,64,0.25,0.0,0.3595505617977528
16118,653,1,4376.25,4376.25,41,0.8,0.0,0.36585365853658536
16119,8,8,1720.81,215.10125000000002,37,0.0,0.16666666666666666,0.5740740740740741
16120,59,6,2967.51,494.58500000000004,84,0.14285714285714285,0.0,0.358695652173913
16121,57,5,1450.04,290.008,256,0.16666666666666666,0.6133720930232558,0.48546511627906974
16122,73,6,895.62,149.27,28,0.0,0.14814814814814814,0.4444444444444444
16123,52,1,307.78,307.78,16,0.0,0.0,0.5625
16124,317,4,1772.49,443.1225,63,0.3333333333333333,0.3170731707317073,0.45121951219512196
16125,367,14,4292.35,306.5964285714286,168,0.0,0.0,0.28222996515679444
16126,29,15,14644.6,976.3066666666667,144,0.0,0.04461942257217848,0.5459317585301837
16127,39,2,801.31,400.655,75,0.0,0.4666666666666667,0.3333333333333333
16128,18,11,3801.05,345.55,155,0.21428571428571427,0.0,0.5384615384615384
16129,407,3,1396.05,465.34999999999997,91,0.0,0.0,0.4270833333333333
16130,422,4,987.48,246.87,53,0.0,0.0,0.2909090909090909
16131,52,12,9957.42,829.785,131,0.2,0.1004566210045662,0.319634703196347
16132,544,2,664.1999999999999,332.1,14,0.0,0.4117647058823529,0.29411764705882354
16133,4,56,22992.260000000002,410.5760714285715,303,0.28205128205128205,0.07536764705882353,0.40808823529411764
16134,22,5,2145.34,429.06800000000004,85,0.2857142857142857,0.0,0.41379310344827586
16135,263,2,819.45,409.72499999999997,35,0.0,0.0,0.46153846153846156
16136,60,4,946.8,236.7,44,0.2,0.1956521739130435,0.45652173913043476
16137,680,1,422.7,422.7,28,0.0,0.0,0.32142857142857145
16138,379,3,910.35,303.45000000000005,35,0.25,0.0,0.3783783783783784
16139,19,5,1111.15,222.23000000000002,47,0.0,0.0,0.42105263157894735
16140,66,3,1433.46,477.82,50,0.4,0.0,0.609375
16141,88,2,955.94,477.97,47,0.0,0.0,0.54
16142,250,1,535.34,535.34,37,0.0,0.0,0.7837837837837838
16143,3,12,4555.08,379.59,107,0.25,0.07174887892376682,0.3183856502242152
16144,247,1,175.2,175.2,1,0.0,0.0,1.0
16145,9,19,6805.4400000000005,358.18105263157895,217,0.3448275862068966,0.06565656565656566,0.34595959595959597
16146,157,4,946.38,236.595,34,0.0,0.0,0.3902439024390244
16147,134,5,2398.91,479.782,113,0.2857142857142857,0.0,0.5367647058823529
16148,296,2,386.62,193.31,9,0.5,0.0,0.5555555555555556
16149,5,3,422.22,140.74,30,0.0,0.0,0.5333333333333333
16150,43,10,4002.17,400.217,143,0.5,0.0,0.375
16152,269,1,1829.04,1829.04,29,0.0,0.0,0.5172413793103449
16153,50,11,5133.49,466.6809090909091,161,0.15384615384615385,0.04424778761061947,0.4424778761061947
16155,382,5,796.9,159.38,45,0.16666666666666666,0.22916666666666666,0.4166666666666667
16156,9,20,6188.18,309.409,199,0.23076923076923078,0.0,0.5134099616858238
16157,16,3,656.69,218.89666666666668,12,0.25,0.0,0.5555555555555556
16158,522,9,628.32,69.81333333333333,29,0.1,0.4,0.2857142857142857
16159,282,4,1232.79,308.1975,31,0.2,0.0,0.28846153846153844
16160,65,2,1025.44,512.72,20,0.5,0.0,0.75
16161,2,43,12580.06,292.5595348837209,458,0.24561403508771928,0.053791887125220456,0.4532627865961199
16162,252,1,37.4,37.4,2,0.0,0.0,0.5
16163,232,6,2407.98,401.33,59,0.5714285714285714,0.0,0.38235294117647056
16164,17,3,822.48,274.16,27,0.25,0.0,0.5
16165,505,1,79.9,79.9,1,0.0,0.0,1.0
16166,428,2,435.83,217.91500000000002,18,0.5,0.5454545454545454,0.5909090909090909
16167,414,5,1386.1200000000001,277.22400000000005,51,0.16666666666666666,0.0,0.6349206349206349
16168,11,66,10360.67,156.97984848484847,131,0.0958904109589041,0.1437908496732026,0.39869281045751637
16169,8,4,1822.97,455.7425,71,0.0,0.3058823529411765,0.4117647058823529
16170,51,20,6869.0,343.45,254,0.2,0.1159090909090909,0.475
16171,59,1,73.2,73.2,3,0.0,0.0,0.6666666666666666
16172,95,8,1884.55,235.56875,81,0.0,0.0,0.35398230088495575
16173,16,6,1418.32,236.38666666666668,70,0.14285714285714285,0.0,0.38095238095238093
16174,126,7,2246.75,320.9642857142857,28,0.0,0.0,0.4153846153846154
16175,94,7,1836.44,262.3485714285714,59,0.0,0.0,0.42857142857142855
16176,421,4,2052.69,513.1725,53,0.42857142857142855,0.0,0.4722222222222222
16177,50,8,2247.31,280.91375,79,0.3333333333333333,0.0,0.3813559322033898
16178,138,2,612.6,306.3,24,0.0,0.32,0.44
16179,61,1,215.83,215.83,11,0.0,0.0,0.36363636363636365
16180,100,13,16249.87,1249.99,171,0.1875,0.07339449541284404,0.39755351681957185
16181,73,1,305.54,305.54,11,0.0,0.0,0.36363636363636365
16182,72,9,9971.65,1107.961111111111,20,0.0,0.0784313725490196,0.35294117647058826
16183,67,4,1077.81,269.4525,32,0.0,0.0,0.4878048780487805
16184,64,6,1158.79,193.13166666666666,26,0.14285714285714285,0.0,0.28888888888888886
16185,17,3,644.72,214.90666666666667,39,0.0,0.0,0.35
16186,23,26,8718.43,335.3242307692308,172,0.13333333333333333,0.03762376237623762,0.37623762376237624
16187,32,15,6911.4400000000005,460.7626666666667,160,0.11764705882352941,0.1152542372881356,0.31186440677966104
16188,45,5,1087.66,217.532,72,0.16666666666666666,0.0,0.5
16189,16,2,215.48,107.74,9,0.0,0.0,0.36363636363636365
16190,40,8,2723.55,340.44375,89,0.0,0.05042016806722689,0.31092436974789917
16191,3,24,15677.82,653.2425,113,0.4,0.0,0.6163793103448276
16192,736,1,351.3,351.3,11,0.0,0.0,0.36363636363636365
16193,237,2,630.43,315.21500000000003,38,0.0,0.5,0.6052631578947368
16194,375,1,308.59999999999997,308.59999999999997,8,0.0,0.0,0.875
16195,723,1,323.25,323.25,16,0.0,0.0,0.5
16196,489,1,93.3,93.3,4,0.0,1.0,0.75
16197,469,9,2016.71,224.07888888888888,52,0.0,0.0,0.5161290322580645
16198,75,2,1030.0410000000002,515.0205000000001,31,0.0,0.45454545454545453,0.3333333333333333
16199,392,7,942.75,134.67857142857142,2,0.0,0.1,0.7
16200,4,12,5608.1,467.3416666666667,361,0.07692307692307693,0.12234910277324633,0.31484502446982054
16201,3,5,2112.12,422.424,86,0.16666666666666666,0.0,0.3790322580645161
16202,361,9,2501.9900000000002,277.99888888888887,105,0.18181818181818182,0.0,0.3387096774193548
16203,59,6,943.84,157.30666666666664,56,0.14285714285714285,0.0,0.5151515151515151
16204,23,3,918.71,306.2366666666667,86,0.25,0.0,0.26732673267326734
16205,31,7,1820.1100000000001,260.0157142857143,147,0.0,0.0,0.4873096446700508
16206,55,13,2589.87,199.22076923076924,187,0.07142857142857142,0.7083333333333334,0.30416666666666664
16207,25,1,394.38,394.38,19,0.0,0.0,0.42105263157894735
16208,45,10,3440.45,344.04499999999996,180,0.0,0.3241106719367589,0.3952569169960474
16209,89,9,4146.78,460.75333333333333,51,0.0,0.0,0.3582089552238806
16210,2,35,33750.97,964.3134285714286,145,0.05405405405405406,0.0,0.32421875
16211,89,3,1090.59,363.53,35,0.25,0.0,0.5555555555555556
16212,19,4,1293.71,323.4275,71,0.2,0.3333333333333333,0.5256410256410257
16213,79,1,159.0,159.0,6,0.0,0.0,0.5
16214,171,4,2038.25,509.5625,84,0.0,0.0,0.6020408163265306
16215,81,1,242.35,242.35,14,0.0,0.0,0.42857142857142855
16216,267,1,914.9300000000001,914.9300000000001,37,0.0,0.0,0.32432432432432434
16217,235,2,304.25,152.125,13,0.5,0.0,0.6
16218,30,13,3968.67,305.2823076923077,82,0.3157894736842105,0.14705882352941177,0.4338235294117647
16219,501,1,40.8,40.8,1,0.0,0.0,1.0
16221,37,9,2019.92,224.43555555555557,177,0.1,0.058577405857740586,0.3682008368200837
16222,318,2,1272.05,636.0250000000001,133,0.0,0.0,0.4
16223,375,2,1087.05,543.5250000000001,101,0.0,0.0,0.43089430894308944
16224,57,5,1616.54,323.308,107,0.0,0.0,0.5086206896551724
16225,45,15,2859.31,190.62066666666666,189,0.16666666666666666,0.05333333333333334,0.37
16226,203,5,672.1700000000001,134.43400000000003,23,0.0,0.0,0.5161290322580645
16227,225,3,1027.22,342.4066666666667,28,0.5,0.0,0.38235294117647056
16228,385,3,885.71,295.2366666666667,45,0.25,0.0,0.37037037037037035
16229,87,6,2867.86,477.97666666666663,144,0.14285714285714285,0.0,0.44886363636363635
16230,190,2,542.03,271.015,32,0.0,0.0,0.2571428571428571
16231,379,4,1074.47,268.6175,69,0.0,0.0,0.67
16232,44,7,2712.97,387.5671428571428,60,0.3,0.18095238095238095,0.3142857142857143
16233,71,9,1818.31,202.03444444444443,49,0.25,0.0958904109589041,0.5068493150684932
16234,476,3,333.18,111.06,13,0.25,0.0,0.5333333333333333
16235,41,9,2053.71,228.19,80,0.18181818181818182,0.0782608695652174,0.4956521739130435
16236,78,1,432.2,432.2,20,0.0,0.0,0.65
16237,437,1,136.65,136.65,7,0.0,0.0,0.8571428571428571
16238,423,1,63.66,63.66,6,0.0,0.0,0.6666666666666666
16239,57,6,1492.2,248.70000000000002,24,0.14285714285714285,0.0,0.5428571428571428
16240,24,2,3718.8,1859.4,126,0.6,0.0,0.45925925925925926
16241,10,16,3992.86,249.55375,500,0.0,0.3264033264033264,0.3607068607068607
16242,8,14,7404.65,528.9035714285715,348,0.2222222222222222,0.0818452380952381,0.33482142857142855
16243,34,2,409.1,204.55,49,0.0,1.0,0.3137254901960784
16244,212,2,1522.75,761.375,88,0.0,0.0,0.32967032967032966
16245,24,3,1413.66,471.22,80,0.4,0.0,0.36666666666666664
16246,460,2,821.35,410.675,79,0.0,0.0,0.5227272727272727
16247,170,1,114.56,114.56,16,0.0,0.0,0.5625
16248,62,1,152.94,152.94,7,0.0,1.0,0.5714285714285714
16249,53,5,1800.07,360.014,67,0.0,0.07246376811594203,0.3333333333333333
16250,261,3,565.24,188.41333333333333,29,0.0,0.0,0.42857142857142855
16251,512,1,128.31,128.31,20,0.0,0.0,0.35
16252,383,1,295.09000000000003,295.09000000000003,21,0.5,0.0,0.38095238095238093
16253,67,7,7272.2,1038.8857142857144,218,0.2222222222222222,0.0,0.4107744107744108
16254,378,3,967.44,322.48,65,0.0,0.0,0.36486486486486486
16255,17,15,4530.0,302.0,231,0.21052631578947367,0.41141732283464566,0.4448818897637795
16256,267,3,1629.37,543.1233333333333,27,0.25,0.0,0.5172413793103449
16257,177,1,46.95,46.95,2,0.0,0.0,0.5
16258,45,15,11942.52,796.168,253,0.0625,0.06686046511627906,0.5058139534883721
16259,410,3,340.94,113.64666666666666,75,0.0,0.0,0.4823529411764706
16260,51,1,1035.45,1035.45,18,0.0,0.0,0.5
16261,17,6,1041.16,173.52666666666667,118,0.0,0.1411042944785276,0.4601226993865031
16262,378,1,755.15,755.15,46,0.6666666666666666,0.0,0.782608695652174
16263,423,1,348.16,348.16,19,0.0,0.0,0.38095238095238093
16264,438,2,823.53,411.765,62,0.0,0.5714285714285714,0.3968253968253968
16265,9,12,6935.17,577.9308333333333,192,0.2,0.05934718100890208,0.456973293768546
16266,74,14,1757.95,125.56785714285715,73,0.0,0.0,0.3669724770642202
16267,591,1,186.66,186.66,7,0.0,0.0,0.5714285714285714
16268,71,2,667.65,333.825,45,0.0,0.0,0.3333333333333333
16269,438,1,717.57,717.57,53,0.5,0.0,0.4528301886792453
16270,353,1,1141.24,1141.24,54,0.0,0.0,0.6851851851851852
16271,3,10,3397.82,339.78200000000004,176,0.09090909090909091,0.3277591973244147,0.411371237458194
16272,117,1,411.7,411.7,25,0.0,0.0,0.32
16273,648,2,318.34000000000003,159.17000000000002,15,0.0,0.9333333333333333,0.8666666666666667
16274,373,1,351.75,351.75,64,0.0,0.0,0.6
16275,197,3,2151.11,717.0366666666667,105,0.0,0.40540540540540543,0.36036036036036034
16276,177,3,2629.3900000000003,876.4633333333335,20,0.0,0.46153846153846156,0.34615384615384615
16277,734,1,188.69,188.69,23,0.0,1.0,0.43478260869565216
16278,100,3,1117.84,372.6133333333333,50,0.5714285714285714,0.0,0.509090909090909
16279,21,9,5698.28,633.1422222222222,243,0.1,0.0,0.3764367816091954
16280,725,1,238.05,238.05,16,0.0,0.0,0.75
16281,72,3,3424.02,1141.34,27,0.25,0.0,0.48717948717948717
16282,340,3,1307.58,435.85999999999996,31,0.0,0.0,0.48484848484848486
16283,6,8,4350.32,543.79,385,0.3333333333333333,0.7749140893470791,0.3865979381443299
16284,31,3,1018.48,339.49333333333334,108,0.0,0.0,0.3609022556390977
16285,646,1,176.9,176.9,31,0.0,0.0,0.25806451612903225
16286,477,2,328.95,164.475,17,0.5,0.0,0.35294117647058826
16287,170,5,1006.98,201.39600000000002,18,0.0,0.19047619047619047,0.3333333333333333
16288,470,1,129.85,129.85,7,0.0,0.0,0.5714285714285714
16289,462,1,136.31,136.31,21,0.5,0.0,0.5238095238095238
16290,465,4,1957.7,489.425,85,0.0,0.9758064516129032,0.3870967741935484
16292,122,5,1253.76,250.752,51,0.4444444444444444,0.14516129032258066,0.3870967741935484
16293,22,15,4279.2,285.28000000000003,168,0.21052631578947367,0.0,0.4488888888888889
16294,477,1,126.05000000000001,126.05000000000001,8,0.0,0.0,0.375
16295,10,4,1328.55,332.1375,70,0.0,0.0,0.43037974683544306
16296,626,4,1313.67,328.4175,56,0.3333333333333333,0.0,0.3918918918918919
16297,269,1,301.9,301.9,20,0.75,0.0,0.55
16298,23,7,1085.7,155.1,32,0.2222222222222222,0.10638297872340426,0.48936170212765956
16299,477,1,193.65,193.65,12,0.5,0.0,0.6666666666666666
16300,430,3,1367.32,455.77333333333337,190,0.0,0.0,0.3235294117647059
16301,737,1,107.33,107.33,6,0.0,0.0,0.3333333333333333
16302,127,1,233.22,233.22,11,0.5,0.0,0.7272727272727273
16303,26,7,7928.27,1132.6100000000001,156,0.2222222222222222,0.0,0.3986013986013986
16304,695,1,381.66,381.66,25,0.0,0.0,0.44
16305,139,1,361.21999999999997,361.21999999999997,22,0.0,1.0,0.45454545454545453
16306,214,7,1124.72,160.67428571428573,55,0.3,0.0,0.4925373134328358
16307,429,3,1194.92,398.3066666666667,69,0.0,0.0,0.4
16308,38,7,5120.0,731.4285714285714,1,0.0,0.0,1.0
16309,106,2,706.57,353.28499999999997,39,0.3333333333333333,0.0,0.6190476190476191
16310,414,2,460.08,230.04,26,0.0,0.42857142857142855,0.5
16311,18,2,616.26,308.13,35,0.0,0.0,0.5675675675675675
16312,432,1,171.15,171.15,10,0.0,1.0,0.4
16313,3,2,274.15000000000003,137.075,16,0.0,0.0,0.5625
16314,390,3,1491.4,497.1333333333334,58,0.0,0.0,0.41935483870967744
16315,331,2,402.71,201.35500000000002,21,0.0,0.0,0.43478260869565216
16316,64,13,5744.91,441.91615384615386,193,0.3157894736842105,0.0,0.5185185185185185
16317,120,5,2192.51,438.50200000000007,103,0.16666666666666666,0.0,0.36752136752136755
16318,35,1,328.15,328.15,19,0.0,0.0,0.631578947368421
16319,218,1,404.40000000000003,404.40000000000003,3,0.0,0.0,0.6666666666666666
16322,1,2,326.75,163.375,28,0.0,0.0,0.43243243243243246
16323,196,2,353.66,176.83,4,0.0,0.0,0.5
16324,128,3,408.59000000000003,136.1966666666667,100,0.0,0.0,0.44144144144144143
16325,47,12,3597.5,299.7916666666667,104,0.29411764705882354,0.07971014492753623,0.427536231884058
16326,6,24,4721.25,196.71875,243,0.07692307692307693,0.841541755888651,0.30406852248394006
16327,14,16,10159.64,634.9775,289,0.2,0.1402508551881414,0.2645381984036488
16328,563,1,310.83,310.83,16,0.0,0.0,0.4375
16329,428,4,1664.92,416.23,83,0.0,0.0,0.34615384615384615
16330,18,7,625.38,89.34,105,0.125,0.0,0.3247863247863248
16331,432,6,2037.7,339.6166666666667,33,0.0,0.7647058823529411,0.4117647058823529
16332,28,11,2000.01,181.8190909090909,158,0.15384615384615385,0.10152284263959391,0.30456852791878175
16333,8,22,26626.8,1210.3090909090909,9,0.0,0.0,0.6
16334,492,1,263.73,263.73,54,0.0,0.0,0.42592592592592593
16335,552,7,2753.52,393.36,193,0.125,0.5013850415512465,0.29085872576177285
16336,421,4,3517.69,879.4224999999999,64,0.0,0.0,0.4264705882352941
16337,37,1,151.05,151.05,10,0.0,0.0,0.4
16338,157,1,214.79999999999998,214.79999999999998,11,0.0,0.0,0.36363636363636365
16339,284,1,94.05,94.05,17,0.0,0.0,0.5
16340,107,3,1496.24,498.7466666666666,277,0.0,0.6050420168067226,0.5462184873949579
16341,25,7,3850.79,550.1128571428571,103,0.3,0.18354430379746836,0.2911392405063291
16342,75,4,322.41,80.60249999999999,10,0.0,0.4,0.3333333333333333
16343,16,3,614.12,204.70666666666668,54,0.0,0.0,0.5256410256410257
16344,158,4,842.42,210.605,43,0.0,0.5434782608695652,0.5869565217391305
16345,44,2,1178.79,589.395,95,0.0,0.0,0.4537037037037037
16346,385,1,224.51,224.51,15,0.0,0.0,0.4666666666666667
16347,11,11,3442.96,312.99636363636364,209,0.15384615384615385,0.0,0.36257309941520466
16348,32,8,1744.42,218.05249999999998,180,0.0,0.0,0.36363636363636365
16349,291,1,53.5,53.5,9,0.0,0.0,0.7777777777777778
16350,21,9,2253.89,250.4322222222222,72,0.25,0.0,0.45081967213114754
16351,333,13,3330.0299999999997,256.15615384615387,124,0.2777777777777778,0.0427807486631016,0.5080213903743316
16352,18,2,494.44,247.22,28,0.0,0.0,0.42857142857142855
16353,4,38,9795.460000000001,257.77526315789476,76,0.07317073170731707,0.08092485549132948,0.2774566473988439
16354,63,5,1119.46,223.892,116,0.0,0.0,0.4357142857142857
16355,375,1,416.35,416.35,47,0.5,0.0,0.5625
16356,198,6,415.87,69.31166666666667,27,0.14285714285714285,0.4745762711864407,0.423728813559322
16357,33,4,868.37,217.0925,43,0.0,0.46808510638297873,0.3617021276595745
16358,1,5,2919.65,583.9300000000001,118,0.16666666666666666,0.0,0.5584415584415584
16359,7,16,2697.75,168.609375,78,0.2,0.344,0.632
16360,5,6,3450.41,575.0683333333333,365,0.25,0.2248427672955975,0.4056603773584906
16361,10,4,891.21,222.8025,87,0.0,0.17307692307692307,0.4423076923076923
16362,32,6,922.16,153.69333333333333,67,0.45454545454545453,0.0,0.36666666666666664
16363,53,1,109.36000000000001,109.36000000000001,5,0.0,0.0,0.6
16364,12,2,705.79,352.895,48,0.0,0.0,0.4423076923076923
16365,18,15,3167.34,211.15599999999998,97,0.0625,0.0,0.29838709677419356
16366,19,4,1548.1299999999999,387.0325,74,0.0,0.0,0.24358974358974358
16367,37,3,1350.48,450.16,196,0.0,0.5829596412556054,0.36771300448430494
16368,2,3,621.44,207.14666666666668,74,0.0,0.0,0.34444444444444444
16369,18,7,2656.56,379.50857142857143,115,0.0,0.0,0.40828402366863903
16370,82,4,1301.91,325.4775,143,0.0,0.5158371040723982,0.38009049773755654
16371,449,1,157.2,157.2,11,0.0,0.0,0.36363636363636365
16372,33,5,1290.31,258.062,271,0.16666666666666666,0.35555555555555557,0.49523809523809526
16373,382,2,309.49,154.745,25,0.0,0.8620689655172413,0.41379310344827586
16374,66,5,1723.4,344.68,276,0.0,0.0,0.3670520231213873
16375,470,2,104.0,52.0,11,0.0,0.0,0.5384615384615384
16376,9,2,974.96,487.48,104,0.3333333333333333,0.0,0.3770491803278688
16377,267,2,1308.48,654.24,6,0.0,0.0,0.6
16378,247,3,362.95,120.98333333333333,22,0.0,0.0,0.5217391304347826
16379,4,4,2157.4,539.35,87,0.2,0.0,0.42592592592592593
16380,61,1,1743.1499999999999,1743.1499999999999,28,0.0,1.0,0.3870967741935484
16381,396,2,247.85,123.925,60,0.0,0.9508196721311475,0.4262295081967213
16382,408,2,353.1,176.55,42,0.0,0.0,0.36363636363636365
16383,75,7,2896.69,413.8128571428571,239,0.2222222222222222,0.0,0.255
16384,90,4,1358.95,339.7375,80,0.0,0.1111111111111111,0.5555555555555556
16385,60,5,881.35,176.27,94,0.0,0.0,0.45614035087719296
16386,29,3,1068.16,356.05333333333334,127,0.0,0.0,0.37410071942446044
16387,323,5,882.46,176.492,68,0.0,0.735632183908046,0.45977011494252873
16388,654,1,186.05,186.05,13,0.0,0.0,0.46153846153846156
16389,53,4,1382.07,345.5175,33,0.2,0.0,0.38235294117647056
16390,537,3,467.5,155.83333333333334,16,0.0,0.47619047619047616,0.42857142857142855
16391,401,4,1052.26,263.065,261,0.0,0.0,0.3815789473684211
16392,270,3,756.7,252.23333333333332,125,0.0,0.0,0.2916666666666667
16393,2,23,5297.77,230.33782608695654,313,0.23333333333333334,0.058902275769745646,0.464524765729585
16394,57,5,1555.34,311.068,61,0.4444444444444444,0.0,0.46987951807228917
16395,60,14,3518.41,251.315,416,0.17647058823529413,0.13249211356466878,0.35331230283911674
16396,476,1,137.8,137.8,8,0.6666666666666666,0.0,0.375
16397,628,1,123.13,123.13,9,0.0,1.0,0.5555555555555556
16398,154,2,1705.8,852.9000000000001,75,0.5,0.0,0.47560975609756095
16399,19,3,630.22,210.07333333333335,97,0.0,0.37272727272727274,0.2909090909090909
16400,95,9,3059.85,339.98333333333335,214,0.0,0.11235955056179775,0.4606741573033708
16401,1,23,6849.15,297.7891304347826,110,0.41025641025641024,0.34710743801652894,0.465564738292011
16402,265,2,293.45,146.725,55,0.0,1.0,0.6842105263157895
16403,312,1,177.5,177.5,10,0.5,0.0,0.6
16404,70,1,443.05,443.05,23,0.5,0.0,0.391304347826087
16405,302,2,167.25,83.625,3,0.0,0.0,0.6
16406,19,3,528.36,176.12,135,0.25,0.0,0.30405405405405406
16407,13,14,2761.65,197.2607142857143,120,0.0,0.6488888888888888,0.3466666666666667
16408,591,1,231.93,231.93,45,0.0,0.0,0.5333333333333333
16409,36,12,5652.74,471.06166666666667,335,0.0,0.2864516129032258,0.27225806451612905
16410,734,1,130.32,130.32,5,0.0,1.0,0.4
16411,19,4,756.39,189.09750000000003,139,0.0,0.46408839779005523,0.580110497237569
16412,54,5,593.19,118.638,84,0.0,0.0,0.45901639344262296
16413,57,2,522.03,261.015,55,0.0,0.0,0.47058823529411764
16414,22,5,551.21,110.242,58,0.0,0.07936507936507936,0.3968253968253968
16415,44,3,696.76,232.25333333333333,120,0.0,0.0,0.35172413793103446
16416,26,9,2957.88,328.65333333333336,146,0.1,0.3817204301075269,0.3602150537634409
16417,493,1,35.7,35.7,1,0.0,0.0,1.0
16418,45,5,1028.74,205.748,121,0.0,0.0,0.3141025641025641
16419,113,8,1463.7,182.9625,62,0.1111111111111111,0.0,0.34444444444444444
16420,396,1,75.0,75.0,2,0.0,0.0,1.0
16421,376,3,526.27,175.42333333333332,35,0.0,0.5,0.4473684210526316
16422,17,109,61920.87,568.081376146789,111,0.2534246575342466,0.11891117478510028,0.37679083094555876
16423,25,1,346.12,346.12,18,0.0,0.0,0.6111111111111112
16424,191,2,443.06,221.53,10,0.3333333333333333,0.0,0.3076923076923077
16425,302,1,302.7,302.7,21,0.0,0.0,0.3333333333333333
16426,2,10,1863.76,186.376,211,0.0,0.0,0.4475920679886686
16427,263,2,241.06,120.53,8,0.0,0.0,0.7777777777777778
16428,414,3,638.49,212.83,121,0.25,0.0,0.33858267716535434
16429,106,1,284.55,284.55,2,0.0,0.0,0.5
16430,57,7,1117.94,159.7057142857143,19,0.0,0.32142857142857145,0.5
16431,213,3,623.28,207.76,51,0.0,0.0,0.3157894736842105
16432,64,1,287.4,287.4,8,0.0,0.0,0.375
16433,28,2,384.52,192.26,33,0.0,0.0,0.5
16434,29,12,2673.69,222.8075,126,0.07692307692307693,0.7666666666666667,0.3611111111111111
16435,512,3,1003.0699999999999,334.3566666666667,119,0.0,0.0,0.384
16436,668,3,319.14,106.38,37,0.25,0.375,0.35
16437,381,2,301.25,150.625,17,0.0,0.0,0.9523809523809523
16438,6,5,798.35,159.67000000000002,74,0.0,0.6212121212121212,0.2878787878787879
16439,722,1,310.70000000000005,310.70000000000005,9,0.0,0.0,0.6666666666666666
16440,8,6,3856.9700000000003,642.8283333333333,202,0.0,0.0,0.4495114006514658
16441,67,5,1019.13,203.82600000000002,67,0.16666666666666666,0.0,0.5176470588235295
16442,2,5,891.98,178.39600000000002,226,0.0,0.14979757085020243,0.38866396761133604
16443,521,1,162.24,162.24,1,0.0,0.0,1.0
16444,46,17,3625.88,213.2870588235294,217,0.15,0.5929919137466307,0.353099730458221
16445,34,4,583.16,145.79,143,0.0,0.6611111111111111,0.36666666666666664
16446,1,2,168472.5,84236.25,3,0.5,0.0,0.6666666666666666
16447,136,3,727.1,242.36666666666667,59,0.0,0.0,0.36764705882352944
16448,198,2,361.12,180.56,45,0.0,0.0,0.36
16449,198,2,707.69,353.845,40,0.3333333333333333,0.0,0.65
16450,150,3,1505.73,501.91,36,0.25,0.32558139534883723,0.37209302325581395
16451,88,3,1013.15,337.7166666666667,61,0.25,0.0,0.3076923076923077
16452,631,2,332.17,166.085,14,0.0,0.0,0.3333333333333333
16453,531,2,251.71,125.855,15,0.0,0.3333333333333333,0.4666666666666667
16454,45,4,30.950000000000003,7.737500000000001,4,0.5,0.0,0.25
16455,64,11,3995.57,363.2336363636363,111,0.15384615384615385,0.06829268292682927,0.6048780487804878
16456,99,13,6000.94,461.6107692307692,226,0.07142857142857142,0.38107416879795397,0.3657289002557545
16457,218,1,208.36,208.36,9,0.0,0.0,0.5555555555555556
16458,3,30,5690.89,189.69633333333334,91,0.0,0.05511811023622047,0.24671916010498687
16459,730,1,71.78999999999999,71.78999999999999,5,0.0,0.0,0.8
16460,28,3,811.23,270.41,128,0.0,0.0,0.3939393939393939
16461,178,3,1545.83,515.2766666666666,223,0.0,0.0,0.39285714285714285
16462,74,3,136.0,45.333333333333336,1,0.25,0.0,1.0
16463,21,4,1422.4,355.6,74,0.42857142857142855,0.0,0.4878048780487805
16464,20,3,1298.66,432.8866666666666,152,0.0,0.2391304347826087,0.4608695652173913
16465,421,2,746.24,373.12,45,0.3333333333333333,0.0,0.625
16466,34,15,3767.09,251.13933333333335,207,0.0625,0.9761904761904762,0.3482142857142857
16467,509,7,2869.16,409.88,14,0.125,0.0,0.2916666666666667
16468,74,3,787.52,262.50666666666666,38,0.0,0.24444444444444444,0.3333333333333333
16469,24,5,803.9,160.78000000000003,167,0.0,0.0,0.29896907216494845
16470,52,11,2416.85,219.71363636363637,286,0.08333333333333333,0.0,0.31196581196581197
16471,275,4,1189.98,297.495,48,0.3333333333333333,0.0,0.46774193548387094
16472,434,2,789.6,394.79999999999995,39,0.0,0.0,0.5128205128205128
16473,165,4,470.83,117.7075,26,0.2,0.0,0.5714285714285714
16474,7,7,1810.65,258.6642857142857,237,0.36363636363636365,0.35311572700296734,0.29376854599406527
16475,88,4,544.3,136.075,23,0.0,0.0,0.32142857142857145
16476,432,1,350.35,350.35,24,0.6666666666666666,0.0,0.7083333333333334
16477,64,11,4094.37,372.2154545454545,177,0.0,0.0975609756097561,0.44715447154471544
16478,25,3,331.0,110.33333333333333,15,0.0,0.0,0.4117647058823529
16479,10,2,300.83,150.41500000000002,35,0.0,0.0,0.4
16480,76,1,769.29,769.29,51,0.0,1.0,0.41509433962264153
16481,682,1,453.38,453.38,16,0.6666666666666666,0.0,0.3125
16482,16,1,220.62,220.62,18,0.0,0.0,0.3333333333333333
16483,192,1,139.35,139.35,19,0.0,0.0,0.631578947368421
16484,174,2,404.3,202.15,25,0.3333333333333333,0.28,0.36
16485,77,5,2287.19,457.438,126,0.2857142857142857,0.7083333333333334,0.3819444444444444
16486,538,1,134.36,134.36,7,0.0,1.0,0.42857142857142855
16487,577,2,209.4,104.7,28,0.0,0.0,0.3142857142857143
16488,33,3,498.8,166.26666666666668,28,0.25,0.2413793103448276,0.3103448275862069
16489,380,2,303.7,151.85,4,0.0,0.0,0.6666666666666666
16490,436,1,205.41000000000003,205.41000000000003,13,0.5,0.0,0.23076923076923078
16491,47,2,1533.16,766.5799999999999,86,0.3333333333333333,0.0,0.5402298850574713
16492,541,1,385.56,385.56,23,0.0,0.0,0.6956521739130435
16493,80,7,2132.09,304.5842857142857,77,0.2222222222222222,0.25225225225225223,0.3783783783783784
16494,297,1,826.53,826.53,47,0.0,0.0,0.6
16495,3,3,648.26,216.08666666666667,78,0.0,0.0,0.4431818181818182
16496,9,6,2330.77,388.46166666666664,120,0.14285714285714285,0.21014492753623187,0.5289855072463768
16497,50,23,6695.28,291.09913043478264,239,0.0,0.050445103857566766,0.4391691394658754
16498,161,2,100.97,50.485,15,0.3333333333333333,0.0,0.4
16499,360,8,2578.34,322.2925,104,0.38461538461538464,0.0,0.7013888888888888
16500,5,9,843.9100000000001,93.76777777777778,24,0.1,0.0,0.5294117647058824
16501,383,1,1191.23,1191.23,181,0.0,1.0,0.457286432160804
16502,620,2,258.55,129.275,41,0.0,0.0,0.43902439024390244
16503,107,11,3614.34,328.5763636363636,161,0.15384615384615385,0.0,0.4413145539906103
16504,25,1,465.88,465.88,76,0.0,0.0,0.3855421686746988
16505,32,1,777.6,777.6,4,0.0,0.0,0.75
16506,20,2,90.30000000000001,45.150000000000006,3,0.0,1.0,1.0
16507,572,1,142.71,142.71,37,0.0,1.0,0.5263157894736842
16508,630,1,240.95,240.95,42,0.0,0.0,0.32558139534883723
16509,297,1,363.7,363.7,13,0.0,0.0,0.9230769230769231
16510,372,6,1777.5,296.25,94,0.0,0.6607142857142857,0.41964285714285715
16511,22,6,1760.49,293.415,235,0.0,0.16447368421052633,0.41776315789473684
16513,5,4,874.59,218.6475,33,0.0,0.8571428571428571,0.5142857142857142
16515,52,10,3179.06,317.906,184,0.0,0.0,0.4576271186440678
16516,30,1,101.69999999999999,101.69999999999999,6,0.0,0.0,0.3333333333333333
16517,277,1,162.7,162.7,17,0.0,0.0,0.47058823529411764
16518,61,4,959.37,239.8425,61,0.3333333333333333,0.4264705882352941,0.47058823529411764
16519,25,4,439.06,109.765,32,0.0,0.0,0.16666666666666666
16520,186,6,2148.38,358.06333333333333,251,0.25,0.0,0.46875
16521,415,3,1140.11,380.03666666666663,212,0.0,0.0,0.4177215189873418
16522,436,2,433.36,216.68,16,0.0,0.0,0.3888888888888889
16523,2,28,11916.33,425.5832142857143,180,0.28205128205128205,0.14824797843665768,0.3935309973045822
16524,446,2,306.19,153.095,50,0.0,1.0,0.33962264150943394
16525,2,48,24151.3,503.15208333333334,115,0.1111111111111111,0.14447592067988668,0.29178470254957506
16526,172,2,717.21,358.605,30,0.0,0.0,0.2857142857142857
16527,81,2,1232.94,616.47,66,0.0,0.0,0.4383561643835616
16528,4,1,244.41,244.41,17,0.0,0.0,0.29411764705882354
16529,190,4,1986.8,496.7,87,0.0,0.140625,0.3203125
16530,668,1,48.349999999999994,48.349999999999994,3,0.0,0.0,0.6666666666666666
16531,22,11,2298.33,208.9390909090909,109,0.08333333333333333,0.0,0.4927536231884058
16532,18,5,8756.64,1751.328,2,0.0,0.0,0.8333333333333334
16533,19,3,1082.81,360.93666666666667,112,0.4,1.0,0.3125
16534,642,1,635.9,635.9,36,0.0,1.0,0.2777777777777778
16535,5,3,972.04,324.0133333333333,67,0.0,0.43661971830985913,0.352112676056338
16536,110,1,548.12,548.12,49,0.5,1.0,0.3888888888888889
16537,641,1,23.35,23.35,3,0.0,0.0,0.5
16538,541,3,395.07,131.69,35,0.0,0.0,0.36585365853658536
16539,3,10,3289.66,328.966,83,0.0,0.183206106870229,0.3893129770992366
16540,414,1,205.75,205.75,25,0.0,0.0,0.41379310344827586
16541,735,1,424.03,424.03,38,0.5,0.0,0.3157894736842105
16542,54,2,257.32,128.66,13,0.0,0.0,0.42857142857142855
16543,592,1,292.21,292.21,18,0.5,0.0,0.2777777777777778
16544,520,4,376.70000000000005,94.17500000000001,8,0.3333333333333333,0.0,0.2727272727272727
16545,165,2,689.82,344.90999999999997,6,0.0,0.0,0.375
16546,291,5,5307.07,1061.414,75,0.2857142857142857,0.0,0.7386363636363636
16547,546,1,104.25999999999999,104.25999999999999,25,0.0,0.0,0.52
16548,599,1,30.15,30.15,6,0.0,0.0,0.5
16549,10,34,12781.8,375.93529411764706,836,0.08108108108108109,0.3918525703200776,0.36566440349175555
16550,109,18,8813.58,489.6433333333333,274,0.3793103448275862,0.0,0.343046357615894
16551,96,7,2237.12,319.5885714285714,67,0.0,0.17045454545454544,0.2159090909090909
16552,243,2,379.73,189.86500000000004,17,0.0,0.0,0.5882352941176471
16553,163,33,16584.01,502.54575757575765,195,0.08333333333333333,0.13356164383561644,0.410958904109589
16554,42,8,2841.72,355.21500000000003,108,0.5555555555555556,0.11976047904191617,0.3652694610778443
16555,35,6,1915.68,319.28000000000003,59,0.4,0.0,0.3939393939393939
16556,67,17,8012.58,471.32823529411763,280,0.2916666666666667,0.0912863070539419,0.4045643153526971
16557,24,2,281.85,140.925,11,0.0,0.0,0.45454545454545453
16558,1,38,13304.11,350.10815789473685,383,0.19148936170212766,0.16733067729083664,0.4754316069057105
16559,397,1,175.0,175.0,17,0.0,1.0,0.35294117647058826
16560,27,8,3048.38,381.0475,140,0.2,0.398989898989899,0.3838383838383838
16561,6,2,511.12,255.56,29,0.0,0.4838709677419355,0.45161290322580644
16562,477,1,223.85999999999999,223.85999999999999,34,0.0,0.0,0.5882352941176471
16563,54,6,4412.56,735.4266666666667,55,0.14285714285714285,0.10112359550561797,0.5168539325842697
16564,569,1,87.8,87.8,5,0.0,0.0,0.6
16565,364,4,773.05,193.2625,7,0.2,0.0,0.45454545454545453
16566,15,5,614.66,122.93199999999999,14,0.16666666666666666,0.1111111111111111,0.2777777777777778
16567,194,2,865.6,432.8,34,0.0,0.2571428571428571,0.4
16568,428,2,1020.9000000000001,510.45000000000005,5,0.0,0.0,0.4
16569,3,5,1455.23,291.046,27,0.0,0.0,0.45714285714285713
16570,15,20,7434.31,371.71549999999996,114,0.3548387096774194,0.0,0.47717842323651455
16571,27,10,4248.74,424.87399999999997,151,0.4117647058823529,0.10980392156862745,0.38823529411764707
16572,127,3,1009.6,336.5333333333333,40,0.25,0.0,0.6842105263157895
16573,85,2,663.61,331.805,40,0.5,0.0,0.5714285714285714
16574,71,3,1301.78,433.9266666666667,86,0.0,0.0,0.3488372093023256
16576,420,2,540.87,270.435,32,0.6,0.0,0.42424242424242425
16577,667,1,380.0,380.0,23,0.0,0.0,0.5652173913043478
16578,626,1,156.6,156.6,9,0.0,0.0,0.5555555555555556
16579,426,1,295.05,295.05,14,0.5,1.0,0.5
16581,183,1,105.84,105.84,9,0.5,0.0,0.4444444444444444
16582,113,1,313.62,313.62,6,0.0,0.0,0.5
16583,374,2,297.95,148.975,18,0.0,0.0,0.5555555555555556
16584,80,5,3156.17,631.234,61,0.2857142857142857,0.18292682926829268,0.45121951219512196
16585,594,2,341.59,170.79500000000002,16,0.0,0.7222222222222222,0.3888888888888889
16586,249,3,1462.78,487.5933333333333,27,0.0,0.21428571428571427,0.39285714285714285
16587,232,1,225.15,225.15,13,0.0,0.0,0.6153846153846154
16588,386,4,1361.28,340.32,64,0.0,0.0,0.4507042253521127
16589,71,4,612.36,153.09,39,0.0,0.0,0.5909090909090909
16590,401,2,605.9,302.95,26,0.3333333333333333,0.0,0.8275862068965517
16591,69,1,213.5,213.5,10,0.0,1.0,0.7
16592,4,28,7807.91,278.8539285714286,221,0.17647058823529413,0.1308411214953271,0.3060747663551402
16593,51,8,1071.1399999999999,133.8925,57,0.1111111111111111,0.6666666666666666,0.5512820512820513
16594,75,1,181.09,181.09,53,0.0,1.0,0.37735849056603776
16595,61,5,1757.75,351.55,337,0.0,0.8362831858407079,0.4026548672566372
16596,16,4,458.98,114.745,23,0.0,0.0,0.3333333333333333
16597,4,1,90.04,90.04,7,0.0,0.0,0.7142857142857143
16598,286,1,145.04999999999998,145.04999999999998,10,0.5,1.0,0.7
16599,386,1,172.8,172.8,12,0.0,0.0,0.4166666666666667
16600,4,13,2153.41,165.64692307692306,106,0.1875,0.06993006993006994,0.3776223776223776
16601,41,3,677.0,225.66666666666666,60,0.0,0.9710144927536232,0.391304347826087
16602,36,2,763.33,381.665,37,0.6,0.0,0.325
16603,75,2,482.47,241.235,34,0.0,0.0,0.38235294117647056
16604,563,2,432.45,216.225,10,0.3333333333333333,0.0,0.5
16605,724,1,60.48,60.48,1,0.0,0.0,1.0
16606,404,2,357.66,178.83,16,0.0,0.2727272727272727,0.36363636363636365
16607,18,25,5706.87,228.2748,212,0.13793103448275862,0.0,0.39932885906040266
16608,454,2,1286.6200000000001,643.31,94,0.0,1.0,0.4049586776859504
16609,15,7,5493.46,784.78,155,0.2222222222222222,0.0,0.42028985507246375
16610,219,1,75.66,75.66,6,0.0,0.0,0.5
16611,186,6,1785.13,297.5216666666667,86,0.14285714285714285,0.2545454545454545,0.44545454545454544
16612,33,9,3245.43,360.60333333333335,105,0.1,0.11976047904191617,0.38922155688622756
16613,70,1,618.59,618.59,30,0.0,0.0,0.36666666666666664
16614,183,3,1179.79,393.2633333333333,37,0.0,0.0,0.3673469387755102
16615,626,1,291.5,291.5,19,0.5,0.0,0.3157894736842105
16616,15,2,500.42,250.21,31,0.0,0.0,0.42424242424242425
16617,236,1,151.85,151.85,5,0.0,0.0,0.4
16618,31,5,2647.59,529.518,79,0.16666666666666666,0.0,0.5729166666666666
16619,264,4,1938.33,484.5825,103,0.2,0.16379310344827586,0.46551724137931033
16620,4,6,1758.93,293.15500000000003,78,0.0,0.0,0.3723404255319149
16621,52,4,813.48,203.37,22,0.0,0.41379310344827586,0.41379310344827586
16622,544,1,225.4,225.4,12,0.5,0.0,0.8333333333333334
16623,246,4,1015.24,253.81,44,0.2,0.0,0.3137254901960784
16624,81,2,810.5699999999999,405.28499999999997,44,0.0,0.0,0.3125
16625,274,5,1654.03,330.806,82,0.16666666666666666,0.0,0.3333333333333333
16626,1,17,4413.1,259.59411764705885,86,0.15,0.11173184357541899,0.3575418994413408
16627,79,1,322.8,322.8,20,0.0,0.0,0.5
16628,30,7,2318.1,331.15714285714284,84,0.125,0.0,0.456
16629,74,2,408.63,204.315,58,0.0,0.7666666666666667,0.4
16630,407,1,106.80000000000001,106.80000000000001,4,0.5,0.0,0.5
16631,482,7,1892.52,270.36,46,0.125,0.1375,0.2
16632,486,2,406.4,203.2,22,0.0,0.0,0.4074074074074074
16633,17,6,2883.1,480.51666666666665,115,0.14285714285714285,0.09868421052631579,0.4407894736842105
16634,223,6,1649.81,274.9683333333333,72,0.4,0.012048192771084338,0.42168674698795183
16635,407,1,473.0,473.0,25,0.0,0.0,0.76
16636,438,4,3802.04,950.51,62,0.0,0.0,0.3150684931506849
16637,32,4,1154.47,288.6175,66,0.2,0.0,0.463768115942029
16638,23,15,2380.13,158.67533333333333,130,0.0625,0.07971014492753623,0.38405797101449274
16639,31,4,1747.98,436.995,76,0.2,0.0,0.37037037037037035
16640,398,1,179.4,179.4,13,0.0,1.0,0.9230769230769231
16641,106,2,554.5,277.25,36,0.0,0.0,0.4722222222222222
16642,5,3,1077.45,359.15000000000003,50,0.4,0.0,0.4074074074074074
16643,246,2,923.11,461.555,48,0.3333333333333333,0.0,0.6909090909090909
16644,178,2,833.78,416.89,62,0.0,0.0,0.4838709677419355
16645,736,1,160.39,160.39,14,0.0,0.0,0.35714285714285715
16646,449,1,678.8,678.8,29,0.5,0.0,0.4482758620689655
16647,170,4,541.9,135.475,28,0.0,0.24242424242424243,0.3333333333333333
16648,43,3,672.8,224.26666666666665,37,0.25,0.0,0.43243243243243246
16649,520,1,306.58000000000004,306.58000000000004,20,0.0,0.0,0.2
16650,72,7,1916.11,273.73,71,0.0,0.0,0.35714285714285715
16651,587,1,136.2,136.2,6,0.0,1.0,0.8333333333333334
16652,59,16,17550.39,1096.899375,124,0.3333333333333333,0.05818181818181818,0.4109090909090909
16653,16,2,1212.66,606.3299999999999,67,0.3333333333333333,0.0,0.391304347826087
16654,141,8,1484.07,185.50875,64,0.1111111111111111,0.013513513513513514,0.4864864864864865
16655,18,13,6423.26,494.0969230769231,408,0.07142857142857142,0.7135593220338983,0.4728813559322034
16656,22,30,16833.170000000002,561.1056666666666,22,0.3181818181818182,0.05673758865248227,0.5106382978723404
16657,10,4,874.43,218.60750000000002,158,0.0,0.0,0.3645833333333333
16658,368,6,690.83,115.13833333333334,49,0.3333333333333333,0.0,0.234375
16659,189,1,39.12,39.12,2,0.0,0.0,1.0
16660,16,7,1879.55,268.50714285714287,20,0.125,0.0,0.2916666666666667
16661,540,4,932.76,233.19,50,0.2,0.0,0.3870967741935484
16662,394,1,151.05,151.05,28,0.0,0.0,0.4642857142857143
16663,729,1,165.0,165.0,1,0.0,0.0,1.0
16664,569,1,109.2,109.2,8,0.0,0.0,0.5
16665,362,1,135.39999999999998,135.39999999999998,9,0.0,1.0,0.8888888888888888
16666,19,2,217.71,108.855,42,0.0,1.0,0.14583333333333334
16667,68,2,567.1800000000001,283.59,52,0.0,0.6153846153846154,0.5
16668,15,13,862.42,66.34,28,0.0,0.018867924528301886,0.4528301886792453
16669,24,3,1348.88,449.6266666666667,141,0.4,0.0,0.3525641025641026
16670,17,20,8030.150000000001,401.50750000000005,258,0.3939393939393939,0.0,0.3030927835051546
16671,28,3,1692.27,564.09,3,0.0,0.0,0.5
16672,2,20,8134.9400000000005,406.747,22,0.13043478260869565,0.0,0.9122807017543859
16673,679,1,171.13,171.13,19,0.0,0.0,0.42105263157894735
16674,55,2,304.24,152.12,89,0.0,0.6451612903225806,0.5161290322580645
16675,442,2,608.86,304.42999999999995,21,0.0,0.0,0.43478260869565216
16676,34,6,2361.9,393.65000000000003,106,0.14285714285714285,0.3533834586466165,0.5488721804511278
16677,411,2,880.62,440.31,45,0.3333333333333333,0.5957446808510638,0.5957446808510638
16678,3,12,3109.99,259.16583333333335,92,0.29411764705882354,0.22085889570552147,0.6196319018404908
16679,366,3,663.31,221.10333333333332,15,0.0,0.0,0.3888888888888889
16680,43,3,821.45,273.81666666666666,24,0.0,0.0,0.5862068965517241
16681,73,7,1921.84,274.5485714285714,22,0.0,0.0,0.7755102040816326
16682,5,5,1028.0,205.6,15,0.0,0.36666666666666664,0.6
16683,534,1,320.25,320.25,18,0.5,0.0,0.2777777777777778
16684,4,55,147142.77,2675.3230909090908,184,0.15384615384615385,0.13788300835654596,0.36908077994428967
16685,61,2,324.24,162.12,60,0.0,1.0,0.4838709677419355
16686,47,16,4881.07,305.066875,549,0.1111111111111111,0.688715953307393,0.4571984435797665
16687,391,1,157.63,157.63,8,0.0,1.0,0.625
16688,1,4,1260.86,315.215,52,0.0,0.0,0.43548387096774194
16689,76,2,422.59999999999997,211.3,12,0.3333333333333333,1.0,0.3076923076923077
16690,72,4,353.03,88.2575,12,0.2,0.2631578947368421,0.6842105263157895
16691,418,2,178.83,89.41499999999999,11,0.0,0.6363636363636364,0.36363636363636365
16692,256,4,1914.6999999999998,478.67499999999995,3,0.0,0.0,0.4
16693,69,5,1179.48,235.89600000000002,149,0.0,1.0,0.44642857142857145
16694,723,1,98.30000000000001,98.30000000000001,3,0.0,0.0,0.3333333333333333
16695,562,2,191.9,95.95,30,0.0,0.0,0.4857142857142857
16696,135,4,657.9000000000001,164.47500000000002,7,0.0,0.0,0.5
16697,241,1,112.75,112.75,20,0.0,0.0,0.3333333333333333
16698,227,2,1998.0,999.0,4,0.0,0.0,1.0
16699,380,7,994.6,142.0857142857143,51,0.125,0.0,0.6612903225806451
16700,9,25,8830.77,353.23080000000004,263,0.1935483870967742,0.1145631067961165,0.5106796116504855
16701,9,26,9916.73,381.4126923076923,154,0.23529411764705882,0.19272727272727272,0.3381818181818182
16702,415,4,1110.83,277.7075,84,0.2,0.17582417582417584,0.45054945054945056
16704,618,2,664.16,332.08,50,0.0,0.0,0.35185185185185186
16705,1,42,43515.051,1036.072642857143,400,0.3114754098360656,0.030390738060781478,0.40520984081041966
16706,37,3,531.35,177.11666666666665,108,0.0,0.0,0.3089430894308943
16707,400,4,533.41,133.3525,64,0.0,0.0,0.4
16708,46,1,656.63,656.63,27,0.0,0.0,0.4074074074074074
16709,85,14,9056.01,646.8578571428571,220,0.0,0.16556291390728478,0.5264900662251656
16710,19,22,5921.35,269.15227272727276,541,0.043478260869565216,0.47744774477447743,0.41474147414741475
16711,3,9,2868.48,318.72,26,0.1,0.21212121212121213,0.36363636363636365
16712,9,13,4232.87,325.6053846153846,301,0.0,0.0,0.5220729366602687
16713,19,32,14115.56,441.11125,541,0.21951219512195122,0.03475513428120063,0.40363349131121645
16714,219,4,1497.33,374.3325,95,0.42857142857142855,0.20909090909090908,0.4636363636363636
16715,78,2,625.52,312.76,27,0.0,0.0,0.32142857142857145
16716,267,3,2149.6800000000003,716.5600000000001,7,0.25,0.0,0.625
16717,24,14,6663.68,475.9771428571429,274,0.3,0.0,0.3742857142857143
16718,369,5,3006.08,601.216,123,0.0,0.672316384180791,0.4745762711864407
16719,15,14,3513.62,250.97285714285712,204,0.17647058823529413,0.14540816326530612,0.3852040816326531
16720,26,3,758.74,252.91333333333333,130,0.25,0.6714285714285714,0.32857142857142857
16721,262,1,292.47,292.47,37,0.0,0.0,0.4864864864864865
16722,17,22,8189.56,372.25272727272727,145,0.15384615384615385,0.0,0.41534391534391535
16723,91,4,1231.36,307.84000000000003,108,0.0,0.0,0.3790322580645161
16724,405,1,147.35,147.35,17,0.0,1.0,0.5882352941176471
16725,302,14,1688.26,120.59,242,0.125,0.3390804597701149,0.3505747126436782
16726,26,7,2063.88,294.84000000000003,150,0.0,0.6297709923664122,0.5038167938931297
16727,364,4,1377.77,344.4425,158,0.0,0.2780487804878049,0.4682926829268293
16728,46,4,1048.28,262.07,218,0.0,0.5399239543726235,0.2737642585551331
16729,38,21,7205.33,343.11095238095237,234,0.19230769230769232,0.0,0.3567073170731707
16730,52,3,743.11,247.70333333333335,75,0.25,0.0,0.47560975609756095
16731,648,1,170.3,170.3,40,0.0,0.0,0.2857142857142857
16732,32,4,4387.64,1096.91,199,0.5555555555555556,0.0,0.5701357466063348
16733,530,1,259.68,259.68,12,0.0,0.0,0.3333333333333333
16734,52,3,646.76,215.58666666666667,44,0.0,0.0,0.38461538461538464
16735,79,14,6217.41,444.1007142857143,178,0.36363636363636365,0.20068027210884354,0.42857142857142855
16736,506,5,2956.56,591.312,116,0.375,0.0,0.3776223776223776
16737,53,2,835.1999999999999,417.59999999999997,1,0.0,0.0,1.0
16738,298,1,3.75,3.75,1,0.0,0.0,1.0
16739,177,2,786.43,393.21500000000003,33,0.5,0.0,0.39473684210526316
16740,395,1,226.91,226.91,30,0.0,0.0,0.5625
16741,625,1,173.06,173.06,11,0.0,0.0,0.7272727272727273
16742,47,14,2799.87,199.9907142857143,51,0.06666666666666667,0.11538461538461539,0.33653846153846156
16743,29,14,4212.15,300.8678571428572,118,0.06666666666666667,0.0,0.3935309973045822
16744,11,7,1291.91,184.5585714285714,198,0.0,0.847457627118644,0.326271186440678
16745,87,17,7180.7,422.39411764705886,148,0.05555555555555555,0.09295774647887324,0.3408450704225352
16746,5,42,18046.75,429.6845238095238,390,0.08695652173913043,0.2970498474059003,0.5757884028484231
16747,38,2,836.06,418.03,34,0.5,0.0,0.42857142857142855
16748,18,14,3637.33,259.8092857142857,55,0.06666666666666667,0.09090909090909091,0.3393939393939394
16749,591,2,4157.88,2078.94,53,0.0,0.0,0.18055555555555555
16750,45,5,623.93,124.78599999999999,74,0.0,0.0,0.35789473684210527
16751,31,1,1764.72,1764.72,24,0.0,0.0,0.48
16752,373,1,207.5,207.5,9,0.0,0.0,0.6666666666666666
16753,58,1,223.92000000000002,223.92000000000002,34,0.0,0.0,0.35294117647058826
16754,372,29,65500.07,2258.6231034482757,38,0.17142857142857143,0.0,0.4785714285714286
16755,114,7,2864.68,409.23999999999995,219,0.3,0.12539184952978055,0.42946708463949845
16756,215,7,1312.3700000000001,187.48142857142858,64,0.2222222222222222,0.4430379746835443,0.45569620253164556
16757,319,2,270.48,135.24,13,0.0,0.0,0.6666666666666666
16758,65,1,369.34000000000003,369.34000000000003,22,0.0,0.0,0.45454545454545453
16759,8,3,789.79,263.2633333333333,40,0.25,0.0,0.42857142857142855
16760,430,1,228.0,228.0,17,0.0,0.0,0.7058823529411765
16761,97,1,316.62,316.62,13,0.0,1.0,0.38461538461538464
16762,20,3,1207.24,402.4133333333334,51,0.0,0.4603174603174603,0.42857142857142855
16763,199,2,964.6999999999999,482.35,44,0.3333333333333333,0.0,0.3181818181818182
16764,4,13,2790.9500000000003,214.68846153846155,209,0.2777777777777778,0.055714285714285716,0.33
16765,294,2,454.75,227.375,52,0.0,0.0,0.38461538461538464
16766,273,2,1145.6,572.8,17,0.0,0.0,0.7647058823529411
16767,31,15,8056.76,537.1173333333334,209,0.0625,0.04984423676012461,0.4143302180685358
16768,48,9,1698.57,188.73,108,0.35714285714285715,0.7329192546583851,0.4968944099378882
16769,260,4,1117.05,279.26250000000005,76,0.0,0.0,0.38144329896907214
16770,58,9,1778.93,197.6588888888889,202,0.18181818181818182,0.7079646017699115,0.40707964601769914
16771,33,10,3949.6,394.96,303,0.0,0.20833333333333334,0.28921568627450983
16772,423,3,3698.0499999999997,1232.6833333333334,54,0.4,0.0,0.25
16773,57,3,421.24,140.41333333333333,53,0.0,0.36923076923076925,0.2923076923076923
16774,68,8,1567.48,195.935,89,0.1111111111111111,0.0,0.40458015267175573
16775,10,16,2820.84,176.3025,132,0.058823529411764705,0.0,0.4362934362934363
16776,60,2,592.51,296.255,105,0.0,0.0,0.6825396825396826
16777,80,5,1292.18,258.43600000000004,125,0.16666666666666666,0.3591549295774648,0.4859154929577465
16778,74,2,245.94,122.97,16,0.0,0.0,0.4375
16779,2,53,32809.03,619.0383018867924,293,0.14516129032258066,0.1125,0.3278846153846154
16780,100,3,596.4,198.79999999999998,73,0.0,0.0,0.2916666666666667
16781,372,2,623.0,311.5,36,0.3333333333333333,0.0,0.41025641025641024
16782,10,38,9636.12,253.58210526315787,575,0.24,0.48960190136660725,0.3731431966726084
16783,437,1,391.95,391.95,25,0.0,0.0,0.4
16784,20,5,892.33,178.466,138,0.0,0.9556962025316456,0.5189873417721519
16785,410,1,533.78,533.78,35,0.0,0.0,0.7428571428571429
16786,394,1,51.839999999999996,51.839999999999996,1,0.0,0.0,1.0
16787,398,4,1017.53,254.3825,102,0.0,1.0,0.33035714285714285
16788,123,5,1928.93,385.786,348,0.0,0.47489539748953974,0.3305439330543933
16789,8,1,80.8,80.8,5,0.0,0.0,0.8
16790,4,6,1545.6200000000001,257.60333333333335,88,0.25,0.16129032258064516,0.3655913978494624
16791,29,15,3957.63,263.842,393,0.16666666666666666,0.21292217327459617,0.3333333333333333
16792,282,5,623.46,124.69200000000001,90,0.0,0.20588235294117646,0.4411764705882353
16793,57,1,243.84,243.84,16,0.0,0.0,0.5
16794,1,15,2052.7,136.84666666666666,245,0.11764705882352941,0.4063745019920319,0.41832669322709165
16795,365,3,2062.41,687.4700000000001,306,0.4,0.0,0.4791666666666667
16796,89,1,305.62,305.62,18,0.0,1.0,0.3888888888888889
16797,393,5,1802.02,360.404,289,0.4444444444444444,0.15326633165829145,0.5025125628140703
16798,554,3,841.16,280.38666666666666,141,0.25,0.47337278106508873,0.2781065088757396
16799,432,2,452.78000000000003,226.39,81,0.3333333333333333,1.0,0.3804347826086957
16800,11,1,1162.65,1162.65,148,0.0,0.0,0.4230769230769231
16801,163,4,1594.23,398.5575,72,0.2,0.22666666666666666,0.49333333333333335
16802,679,2,582.61,291.305,48,0.0,0.0,0.3018867924528302
16803,65,1,332.3,332.3,24,0.0,0.0,0.4583333333333333
16804,23,3,536.99,178.99666666666667,59,0.0,0.0,0.4
16805,174,5,1091.34,218.26799999999997,213,0.0,0.17269076305220885,0.321285140562249
16806,103,4,762.16,190.54,68,0.0,0.43010752688172044,0.5483870967741935
16807,143,6,2123.88,353.98,107,0.25,0.1056338028169014,0.4014084507042254
16808,99,2,288.42,144.21,21,0.0,0.0,0.6086956521739131
16809,23,9,1727.43,191.93666666666667,113,0.1,0.2084942084942085,0.2625482625482625
16810,192,2,842.0400000000001,421.02,34,0.5,0.0,0.6176470588235294
16811,5,2,547.07,273.53499999999997,26,0.0,0.0,0.6071428571428571
16812,361,4,2392.0,598.0,98,0.2,0.0,0.6086956521739131
16813,8,10,1652.18,165.21800000000002,248,0.0,0.4061032863849765,0.28169014084507044
16814,14,36,11924.85,331.24583333333334,247,0.02702702702702703,0.1760104302477184,0.3767926988265971
16815,454,2,406.02,203.01,66,0.0,0.4520547945205479,0.3698630136986301
16816,103,4,417.06,104.265,28,0.0,0.6428571428571429,0.4642857142857143
16817,3,13,2560.7,196.97692307692307,107,0.2777777777777778,0.0,0.624113475177305
16818,11,11,3349.57,304.50636363636363,172,0.15384615384615385,0.05319148936170213,0.3404255319148936
16819,465,2,182.59,91.295,17,0.0,0.0,0.47058823529411764
16820,96,1,497.61,497.61,26,0.0,0.0,0.5
16821,382,1,113.35,113.35,7,0.0,0.0,0.8571428571428571
16822,686,1,181.39,181.39,11,0.6666666666666666,0.0,0.36363636363636365
16823,227,7,2243.09,320.4414285714286,149,0.125,0.13872832369942195,0.49710982658959535
16824,16,3,686.24,228.74666666666667,34,0.0,0.0,0.38461538461538464
16825,39,5,1826.89,365.378,48,0.0,0.0,0.5625
16826,51,1,341.7,341.7,22,0.0,0.0,0.36363636363636365
16827,393,5,392.13,78.426,10,0.0,0.0,0.25
16828,93,2,128.5,64.25,8,0.0,0.0,0.625
16829,157,2,513.32,256.66,25,0.0,0.0,0.4444444444444444
16830,39,4,1207.5,301.875,65,0.2,0.21333333333333335,0.36
16831,565,1,91.8,91.8,6,0.0,0.0,0.6666666666666666
16832,184,5,417.61,83.522,19,0.0,0.0,0.5714285714285714
16833,1,6,2409.04,401.50666666666666,87,0.0,0.532608695652174,0.4782608695652174
16834,228,2,898.96,449.48,43,0.0,0.0,0.3125
16835,128,6,1456.66,242.77666666666667,58,0.4,0.0,0.3048780487804878
16836,40,4,782.37,195.5925,42,0.0,0.0,0.6428571428571429
16837,31,11,3170.98,288.2709090909091,123,0.08333333333333333,0.0,0.42424242424242425
16838,197,4,1159.61,289.90250000000003,53,0.3333333333333333,0.576271186440678,0.2711864406779661
16839,9,44,21758.25,494.5056818181818,132,0.13725490196078433,0.07428571428571429,0.46
16840,603,2,139.85,69.925,9,0.3333333333333333,0.0,0.3333333333333333
16841,37,12,4006.06,333.8383333333333,187,0.14285714285714285,0.0639269406392694,0.3105022831050228
16842,101,3,1264.19,421.3966666666667,45,0.25,0.0,0.6666666666666666
16843,43,35,19571.43,559.1837142857142,317,0.07894736842105263,0.09228187919463088,0.5
16844,563,2,614.34,307.17,26,0.0,0.0,0.40625
16845,618,1,253.88,253.88,20,0.0,0.0,0.5
16846,50,3,842.41,280.80333333333334,47,0.0,0.0,0.3617021276595745
16847,43,2,614.89,307.44500000000005,37,0.0,0.0,0.4864864864864865
16848,53,4,1411.62,352.905,75,0.0,0.8352941176470589,0.6470588235294118
16849,187,1,124.57,124.57,8,0.0,0.0,0.25
16850,334,1,332.41,332.41,19,0.0,0.0,0.47368421052631576
16851,4,3,342.45,114.15000000000002,17,0.0,0.0,0.45
16852,10,2,144.91000000000003,72.455,9,0.0,0.0,0.6666666666666666
16854,417,2,1408.96,704.48,72,0.0,0.0,0.37333333333333335
16855,24,2,328.4,164.2,19,0.0,0.0,0.42105263157894735
16856,15,3,358.49,119.49666666666667,16,0.0,0.0,0.3684210526315789
16857,443,1,352.8,352.8,11,0.0,0.0,0.45454545454545453
16858,369,10,4292.59,429.259,75,0.375,0.1746031746031746,0.48412698412698413
16859,145,7,1932.41,276.0585714285714,87,0.3,0.0,0.3090909090909091
16860,453,3,1610.62,536.8733333333333,35,0.25,0.0,0.37209302325581395
16861,60,5,946.59,189.318,39,0.16666666666666666,0.30612244897959184,0.7346938775510204
16862,547,4,662.33,165.5825,34,0.0,0.0,0.4857142857142857
16863,31,3,834.27,278.09,43,0.4,0.0,0.425531914893617
16864,434,2,409.25,204.625,17,0.0,0.0,0.5294117647058824
16865,402,1,130.95,130.95,15,0.0,0.0,0.6875
16866,141,3,207.73999999999998,69.24666666666666,10,0.0,0.09090909090909091,0.45454545454545453
16867,690,1,76.74000000000001,76.74000000000001,6,0.0,0.0,0.5
16868,394,3,384.56,128.18666666666667,47,0.0,0.78,0.28
16869,23,4,817.12,204.28,113,0.2,0.0,0.3937007874015748
16870,469,1,450.15999999999997,450.15999999999997,28,0.0,0.0,0.5
16871,22,6,2812.34,468.72333333333336,131,0.14285714285714285,0.10218978102189781,0.5693430656934306
16872,77,6,1213.13,202.18833333333336,12,0.0,0.2777777777777778,0.5
16873,5,12,14617.39,1218.1158333333333,252,0.29411764705882354,0.208984375,0.404296875
16874,379,1,209.89000000000001,209.89000000000001,31,0.0,0.0,0.5161290322580645
16875,67,11,4234.53,384.95727272727277,161,0.45,0.0,0.34782608695652173
16876,404,1,136.01,136.01,32,0.0,0.0,0.59375
16877,12,6,846.62,141.10333333333332,111,0.0,1.0,0.391025641025641
16878,84,1,13.3,13.3,3,0.5,0.0,0.6666666666666666
16880,31,8,1813.21,226.65125,130,0.0,0.3770491803278688,0.366120218579235
16881,67,1,432.0,432.0,1,0.0,0.0,1.0
16882,67,3,705.12,235.04,39,0.0,0.0,0.5384615384615384
16883,187,19,2246.06,118.21368421052631,159,0.05,0.20224719101123595,0.4943820224719101
16884,38,4,1070.97,267.7425,64,0.0,0.0,0.25675675675675674
16885,15,4,684.6,171.15,121,0.0,0.0,0.4264705882352941
16886,456,1,134.0,134.0,8,0.5,0.0,0.75
16887,35,3,658.17,219.39,94,0.0,0.0,0.39603960396039606
16888,401,3,434.2,144.73333333333332,44,0.0,0.0,0.25
16889,195,6,2526.65,421.10833333333335,163,0.0,0.7788018433179723,0.511520737327189
16890,477,3,285.41,95.13666666666666,17,0.0,0.0,0.2631578947368421
16891,2,11,1727.94,157.08545454545455,335,0.0,0.0,0.39952153110047844
16892,1,7,754.75,107.82142857142857,119,0.2222222222222222,0.0,0.35036496350364965
16893,367,2,249.89000000000001,124.94500000000001,80,0.0,0.4827586206896552,0.5517241379310345
16894,502,3,1306.96,435.65333333333336,186,0.4,0.0053475935828877,0.2727272727272727
16895,65,5,1102.9,220.58,135,0.0,0.0,0.3067484662576687
16896,555,1,103.95,103.95,18,0.0,0.0,0.3888888888888889
16897,299,2,289.78,144.89,37,0.3333333333333333,1.0,0.4864864864864865
16898,26,5,885.21,177.042,223,0.16666666666666666,0.23107569721115537,0.33067729083665337
16899,8,8,1695.77,211.97125,101,0.0,0.3930635838150289,0.3815028901734104
16900,17,3,887.11,295.7033333333333,78,0.4,0.10126582278481013,0.379746835443038
16901,729,1,204.26,204.26,23,0.0,0.0,0.30434782608695654
16902,116,1,1706.88,1706.88,43,0.0,0.0,0.4772727272727273
16903,29,3,1041.75,347.25,148,0.25,0.0,0.4175824175824176
16904,4,21,4675.36,222.63619047619045,484,0.0,0.11482720178372352,0.37235228539576365
16905,5,17,4706.77,276.8688235294117,171,0.15,0.503125,0.325
16906,82,7,1410.92,201.56,180,0.0,0.0,0.4460093896713615
16907,29,9,1470.89,163.4322222222222,109,0.0,0.0,0.2631578947368421
16908,722,1,252.59,252.59,20,0.5,0.0,0.25
16909,72,1,379.14,379.14,18,0.5,0.0,0.5
16910,4,8,1508.96,188.62,318,0.0,0.0,0.3926605504587156
16911,636,2,255.25,127.62500000000001,30,0.3333333333333333,0.5428571428571428,0.34285714285714286
16912,29,15,4460.51,297.36733333333336,130,0.16666666666666666,0.08139534883720931,0.47093023255813954
16913,290,3,423.90999999999997,141.3033333333333,18,0.0,0.0,0.2777777777777778
16914,36,1,183.76,183.76,25,0.0,0.0,0.3333333333333333
16915,9,11,1543.18,140.2890909090909,54,0.0,0.0,0.25675675675675674
16916,24,4,902.02,225.505,180,0.0,0.0,0.4292682926829268
16917,277,2,1851.88,925.94,45,0.3333333333333333,0.0,0.34
16918,49,16,3206.54,200.40875,280,0.15789473684210525,0.05286343612334802,0.45594713656387664
16919,156,24,4909.66,204.56916666666666,230,0.14285714285714285,0.0,0.28664495114006516
16920,411,1,355.45,355.45,23,0.0,1.0,0.6086956521739131
16921,61,3,409.21,136.40333333333334,78,0.0,0.875,0.3068181818181818
16922,573,1,611.08,611.08,122,0.0,1.0,0.3770491803278688
16923,12,32,13157.130000000001,411.16031250000003,431,0.21951219512195122,0.8910433979686058,0.38227146814404434
16924,21,3,829.89,276.63,69,0.25,0.0,0.24691358024691357
16925,540,1,125.65,125.65,18,0.0,0.0,0.4444444444444444
16926,371,5,1169.6100000000001,233.92199999999997,63,0.16666666666666666,0.0,0.5729166666666666
16927,116,3,543.05,181.01666666666665,5,0.0,0.0,0.3333333333333333
16928,80,29,3897.5299999999997,134.39758620689653,135,0.12121212121212122,0.23197492163009403,0.4608150470219436
16929,4,7,1295.39,185.0557142857143,51,0.0,0.0,0.3246753246753247
16930,26,3,378.89,126.29666666666667,47,0.0,1.0,0.49056603773584906
16931,5,23,5032.22,218.79217391304348,466,0.0,0.9018987341772152,0.44831223628691985
16932,53,3,412.55,137.51666666666668,116,0.0,0.0,0.24060150375939848
16933,1,9,3099.3,344.3666666666667,213,0.4375,0.0,0.3262411347517731
16934,55,6,2083.14,347.19,128,0.14285714285714285,0.9574468085106383,0.3404255319148936
16935,382,3,530.86,176.95333333333335,55,0.0,0.0,0.5942028985507246
16936,26,2,548.29,274.145,122,0.0,0.0,0.460431654676259
16937,499,1,196.25,196.25,49,0.0,0.0,0.5102040816326531
16938,9,9,6995.360000000001,777.2622222222222,547,0.1,0.24150485436893204,0.4381067961165049
16939,489,3,433.85,144.61666666666667,38,0.0,1.0,0.36585365853658536
16940,52,8,6427.66,803.4575,360,0.2727272727272727,0.0,0.3195548489666137
16941,612,1,33.0,33.0,2,0.0,0.0,1.0
16942,13,9,1904.99,211.66555555555556,159,0.1,0.2996389891696751,0.296028880866426
16943,212,5,1299.49,259.898,24,0.2857142857142857,0.0,0.8857142857142857
16944,610,1,101.36,101.36,7,0.0,0.0,0.42857142857142855
16945,22,33,8548.16,259.0351515151515,231,0.05714285714285714,0.09282700421940929,0.37763713080168776
16946,383,5,1222.04,244.408,69,0.16666666666666666,0.16,0.28
16947,236,5,955.21,191.042,50,0.5,0.0,0.5094339622641509
16948,139,7,868.77,124.11,20,0.0,0.3488372093023256,0.3488372093023256
16949,4,6,1286.27,214.37833333333333,57,0.14285714285714285,0.35,0.4
16950,57,10,3541.77,354.177,111,0.16666666666666666,0.5902777777777778,0.5138888888888888
16951,135,3,1277.75,425.9166666666667,73,0.25,0.0,0.4883720930232558
16952,109,5,795.83,159.166,76,0.0,0.0,0.3103448275862069
16953,30,1,20.8,20.8,1,0.0,0.0,1.0
16954,1,20,6081.88,304.094,83,0.047619047619047616,0.12135922330097088,0.3786407766990291
16955,185,6,1120.31,186.71833333333333,33,0.3333333333333333,0.12,0.32
16956,18,1,308.74,308.74,16,0.5,0.0,0.625
16957,239,2,416.64,208.32,15,0.0,0.0,0.5
16958,435,1,778.49,778.49,69,0.0,0.0,0.7
16959,87,1,117.35000000000001,117.35000000000001,7,0.0,0.0,0.42857142857142855
16960,39,8,1990.88,248.86,334,0.1111111111111111,0.10467706013363029,0.46325167037861914
16961,116,3,794.56,264.8533333333333,52,0.5,0.0,0.5192307692307693
16962,410,1,251.04,251.04,15,0.0,0.0,0.4
16963,187,1,110.55000000000001,110.55000000000001,7,0.0,1.0,0.5714285714285714
16964,733,2,207.85,103.925,6,0.0,1.0,0.3333333333333333
16965,227,1,201.19,201.19,26,0.0,0.0,0.19230769230769232
16966,8,7,2154.97,307.8528571428571,8,0.3,0.0,0.5357142857142857
16967,189,1,319.02,319.02,21,0.0,0.0,0.42857142857142855
16968,4,2,439.43,219.715,31,0.0,0.0,0.41935483870967744
16969,39,3,650.41,216.8033333333333,42,0.0,0.0,0.4523809523809524
16970,626,1,71.4,71.4,2,0.0,0.0,1.0
16971,38,1,357.21,357.21,40,0.5,0.0,0.3902439024390244
16972,383,2,749.0,374.5,54,0.0,0.0,0.45121951219512196
16973,386,1,127.0,127.0,6,0.0,0.0,0.3333333333333333
16974,523,2,365.5,182.75,5,0.0,0.0,0.75
16975,423,3,926.12,308.70666666666665,44,0.4,0.0,0.5111111111111111
16976,267,1,251.51999999999998,251.51999999999998,2,0.0,0.0,0.5
16977,395,4,496.0,124.0,25,0.0,0.39285714285714285,0.42857142857142855
16978,77,3,768.88,256.29333333333335,65,0.0,0.0,0.2835820895522388
16979,4,9,2859.74,317.74888888888887,82,0.25,0.16279069767441862,0.35658914728682173
16980,255,3,1422.8300000000002,474.27666666666664,91,0.0,0.0,0.5943396226415094
16982,61,1,384.06,384.06,22,0.0,0.0,0.5454545454545454
16983,13,11,3490.5299999999997,317.3209090909091,151,0.08333333333333333,1.0,0.5064935064935064
16984,88,9,10350.53,1150.058888888889,669,0.5263157894736842,0.42723880597014924,0.291044776119403
16985,17,23,10923.16,474.92,130,0.11538461538461539,0.11934156378600823,0.24279835390946503
16986,30,11,4888.75,444.4318181818182,65,0.0,0.0,0.3103448275862069
16987,3,11,2521.4,229.21818181818182,155,0.08333333333333333,0.28735632183908044,0.31800766283524906
16988,5,2,382.67,191.335,20,0.0,0.35,0.45
16989,7,6,1133.25,188.875,7,0.0,0.0,0.5
16990,219,2,344.0,172.0,1,0.0,0.0,1.0
16991,421,1,1041.21,1041.21,74,0.0,0.0,0.32432432432432434
16992,11,13,5476.5,421.2692307692308,212,0.13333333333333333,0.0,0.43859649122807015
16993,464,2,1950.9499999999998,975.475,19,0.3333333333333333,0.0,0.32142857142857145
16996,30,9,2123.61,235.95666666666668,32,0.3076923076923077,0.0,0.56
16997,288,3,702.0,234.0,7,0.0,0.0,0.4166666666666667
16998,150,5,402.0,80.4,2,0.2857142857142857,0.0,1.0
16999,23,2,484.82,242.41000000000003,21,0.0,0.0,0.43478260869565216
17000,396,2,406.3,203.15,26,0.0,0.0,0.7
17001,1,19,6640.8,349.5157894736842,108,0.0,0.1890909090909091,0.45454545454545453
17002,86,7,2571.55,367.36428571428576,64,0.125,0.15476190476190477,0.6904761904761905
17003,402,4,828.21,207.05249999999998,90,0.0,0.0,0.3963963963963964
17004,46,4,2324.36,581.09,48,0.0,0.0,0.43478260869565216
17005,471,2,622.36,311.18,14,0.3333333333333333,0.0,0.6111111111111112
17006,5,8,1635.27,204.40875,103,0.0,0.14728682170542637,0.3643410852713178
17007,51,7,1120.1,160.0142857142857,63,0.125,0.11940298507462686,0.5223880597014925
17008,429,1,81.36,81.36,1,0.0,0.0,1.0
17009,551,1,242.06,242.06,10,0.0,1.0,0.36363636363636365
17010,18,1,195.36,195.36,11,0.5,0.0,0.45454545454545453
17011,30,3,671.7,223.89999999999998,27,0.25,0.0,0.35714285714285715
17012,725,1,360.61,360.61,34,0.0,0.0,0.3611111111111111
17014,8,3,583.4300000000001,194.4766666666667,63,0.25,0.0,0.5
17015,29,3,1838.6100000000001,612.87,182,0.0,0.0,0.5514018691588785
17016,577,1,552.4,552.4,41,0.0,0.0,0.3170731707317073
17017,3,29,12576.99,433.68931034482756,120,0.2926829268292683,0.0291005291005291,0.626984126984127
17018,41,6,2287.7,381.2833333333333,26,0.0,0.40540540540540543,0.40540540540540543
17019,11,11,3602.29,327.4809090909091,344,0.15384615384615385,0.0,0.48522550544323484
17020,542,2,935.62,467.81,64,0.0,0.0,0.782608695652174
17021,442,6,1182.22,197.03666666666666,35,0.0,0.3541666666666667,0.3125
17022,31,2,260.0,130.0,16,0.0,0.5625,0.4375
17023,417,3,800.18,266.7266666666667,48,0.0,0.0,0.42857142857142855
17024,45,3,95.85,31.95,2,0.0,0.0,1.0
17025,61,5,1349.67,269.934,31,0.0,0.0,0.3783783783783784
17026,185,3,175.82999999999998,58.60999999999999,4,0.0,0.6,0.6
17027,79,9,1310.63,145.62555555555556,126,0.1,0.11797752808988764,0.4887640449438202
17028,581,3,1593.83,531.2766666666666,85,0.0,0.0,0.4842105263157895
17029,111,7,2137.3,305.3285714285715,19,0.0,0.13793103448275862,0.3448275862068966
17030,64,1,146.87,146.87,11,0.0,0.0,0.45454545454545453
17031,12,6,2773.85,462.30833333333334,34,0.0,0.0,0.32
17032,548,8,2984.32,373.04,183,0.38461538461538464,0.0,0.3206751054852321
17033,86,4,1332.79,333.1975,33,0.0,0.3,0.425
17034,16,5,1276.42,255.28400000000002,49,0.2857142857142857,0.0,0.5
17035,246,4,613.59,153.3975,29,0.2,0.0,0.3333333333333333
17036,383,1,176.9,176.9,12,0.0,1.0,0.5833333333333334
17037,88,1,1267.32,1267.32,75,0.5,0.0,0.52
17038,30,2,743.17,371.585,61,0.0,0.0,0.5396825396825397
17039,604,1,1954.99,1954.99,44,0.0,0.0,0.38636363636363635
17040,138,2,463.25,231.625,15,0.0,0.0,0.3125
17041,27,6,1655.2,275.8666666666667,93,0.14285714285714285,0.6349206349206349,0.4126984126984127
17042,3,5,1036.58,207.31599999999997,74,0.0,0.0,0.4020618556701031
17043,32,8,2593.65,324.20625,175,0.0,0.0,0.33668341708542715
17044,25,12,11962.3,996.8583333333335,92,0.25,0.0,0.5369127516778524
17045,113,5,827.6800000000001,165.536,44,0.0,0.16981132075471697,0.4716981132075472
17046,157,5,1906.07,381.21400000000006,76,0.0,0.0,0.5176470588235295
17047,85,6,2289.23,381.53833333333336,114,0.0,0.0,0.4154929577464789
17048,118,7,2071.68,295.95428571428573,88,0.36363636363636365,0.04950495049504951,0.297029702970297
17049,3,19,9942.53,523.291052631579,316,0.24,0.03763440860215054,0.34767025089605735
17050,96,11,4648.59,422.59909090909093,193,0.08333333333333333,0.9570200573065902,0.5186246418338109
17051,194,4,706.49,176.6225,107,0.0,1.0,0.3225806451612903
17052,28,1,399.09,399.09,72,0.0,0.0,0.3493975903614458
17053,131,1,498.48,498.48,13,0.5,0.0,0.5384615384615384
17054,28,5,1356.33,271.26599999999996,64,0.16666666666666666,0.0,0.3373493975903614
17055,446,1,232.85,232.85,24,0.0,0.0,0.5
17056,738,1,128.60000000000002,128.60000000000002,8,0.0,0.0,0.5
17057,596,1,294.74,294.74,48,0.0,0.0,0.42
17058,82,3,1179.89,393.2966666666667,51,0.0,0.0,0.5967741935483871
17059,30,9,4864.57,540.5077777777777,349,0.1,0.33980582524271846,0.2635228848821082
17060,266,1,234.24,234.24,5,0.0,0.0,0.4
17061,74,11,5232.2300000000005,475.65727272727275,57,0.08333333333333333,0.1111111111111111,0.4444444444444444
17062,314,6,889.75,148.29166666666666,82,0.14285714285714285,0.7933884297520661,0.4049586776859504
17063,21,13,3638.53,279.8869230769231,150,0.43478260869565216,0.0975609756097561,0.4195121951219512
17064,59,3,855.45,285.15000000000003,53,0.0,0.36065573770491804,0.5409836065573771
17065,638,2,194.7,97.35,6,0.3333333333333333,0.0,0.6666666666666666
17066,726,1,228.34,228.34,17,0.0,1.0,0.3333333333333333
17067,725,3,454.54,151.51333333333332,8,0.0,0.0,0.6153846153846154
17068,12,47,8987.68,191.2272340425532,250,0.04081632653061224,0.18373493975903615,0.42971887550200805
17069,28,14,5517.2300000000005,394.08785714285716,202,0.3333333333333333,0.1056338028169014,0.41901408450704225
17070,114,2,437.42,218.71,102,0.0,0.0,0.42718446601941745
17071,28,13,3793.71,291.82384615384615,141,0.35,0.23696682464454977,0.3175355450236967
17072,625,1,273.35,273.35,20,0.0,0.0,0.3333333333333333
17073,18,4,1446.09,361.5225,142,0.0,0.3103448275862069,0.41379310344827586
17074,563,1,203.05,203.05,4,0.0,0.0,0.75
17075,18,10,2236.63,223.663,153,0.09090909090909091,0.0,0.4120603015075377
17076,36,6,1242.75,207.125,31,0.0,0.0,0.26
17077,578,1,306.0,306.0,1,0.0,0.0,1.0
17078,36,2,378.2,189.1,28,0.0,0.0,0.17857142857142858
17079,78,1,118.80000000000001,118.80000000000001,2,0.0,0.0,0.5
17080,22,7,957.53,136.79,26,0.125,0.0,0.3333333333333333
17081,25,6,949.39,158.23166666666665,166,0.0,0.15458937198067632,0.48792270531400966
17082,33,6,4732.03,788.6716666666667,117,0.0,0.3352941176470588,0.3176470588235294
17083,109,9,4049.79,449.9766666666667,30,0.18181818181818182,0.0,0.4782608695652174
17084,35,3,5001.21,1667.07,263,0.25,0.0,0.49110320284697506
17085,123,28,7847.67,280.2739285714286,411,0.125,0.795339412360689,0.3951367781155015
17086,7,6,2050.08,341.68,76,0.0,0.0,0.3645833333333333
17087,738,1,221.53,221.53,12,0.0,0.0,0.5833333333333334
17088,28,4,1991.01,497.7525,96,0.0,0.0,0.46956521739130436
17089,386,1,128.45,128.45,4,0.0,0.0,1.0
17090,4,13,3080.1800000000003,236.9369230769231,54,0.13333333333333333,0.0,0.4666666666666667
17091,3,19,7495.75,394.5131578947368,242,0.17391304347826086,0.0,0.46373626373626375
17092,50,11,5511.41,501.0372727272727,273,0.21428571428571427,0.0,0.40816326530612246
17093,593,1,235.88,235.88,13,0.0,0.0,0.5384615384615384
17094,322,2,402.20000000000005,201.1,18,0.3333333333333333,0.0,0.7222222222222222
17095,23,7,2572.25,367.4642857142857,110,0.4166666666666667,0.3795620437956204,0.31386861313868614
17096,15,11,3697.93,336.17545454545456,162,0.35294117647058826,0.25365853658536586,0.3853658536585366
17098,382,3,591.0699999999999,197.02333333333334,10,0.0,0.0,0.2222222222222222
17099,533,1,582.17,582.17,40,0.0,0.0,0.375
17100,18,2,971.74,485.87,65,0.0,0.0,0.47692307692307695
17101,10,7,2507.05,358.15000000000003,54,0.0,0.0,0.4931506849315068
17102,262,1,25.5,25.5,1,0.0,0.0,1.0
17103,722,1,424.3,424.3,32,0.0,0.0,0.34375
17104,424,1,474.03,474.03,19,0.0,0.0,0.5789473684210527
17105,159,2,665.78,332.89,80,0.0,1.0,0.3
17106,389,1,481.58,481.58,51,0.0,0.0,0.3333333333333333
17107,33,10,16052.72,1605.2720000000002,377,0.23076923076923078,0.7925373134328358,0.3701492537313433
17108,664,1,174.95,174.95,9,0.0,1.0,0.6666666666666666
17109,29,8,1291.71,161.46375,124,0.2,0.0,0.30935251798561153
17110,165,3,499.9,166.63333333333333,38,0.0,0.0,0.6326530612244898
17111,47,2,459.58,229.79000000000002,44,0.0,1.0,0.25
17112,503,1,197.57,197.57,44,0.0,1.0,0.425531914893617
17113,574,6,2305.59,384.26500000000004,122,0.25,0.5379746835443038,0.3227848101265823
17114,6,8,801.12,100.14,85,0.2,0.7154471544715447,0.4065040650406504
17115,8,7,2761.4900000000002,394.4985714285714,102,0.46153846153846156,0.125,0.3
17116,648,1,389.78,389.78,47,0.0,0.0,0.425531914893617
17117,288,1,116.19999999999999,116.19999999999999,9,0.0,0.0,0.4444444444444444
17118,318,1,157.02,157.02,10,0.0,0.0,0.4
17119,3,2,606.91,303.455,35,0.3333333333333333,0.0,0.3142857142857143
17120,233,1,307.46,307.46,18,0.0,0.0,0.5555555555555556
17121,403,1,314.74,314.74,12,0.0,0.0,0.4166666666666667
17122,119,4,570.5,142.625,23,0.0,0.0,0.5
17123,162,3,977.17,325.7233333333333,37,0.0,0.7906976744186046,0.4418604651162791
17124,185,1,294.24,294.24,31,0.0,0.0,0.22580645161290322
17125,50,1,230.5,230.5,34,0.0,0.0,0.37142857142857144
17126,152,9,2016.43,224.04777777777778,295,0.18181818181818182,0.7348314606741573,0.449438202247191
17127,429,5,1155.0300000000002,231.00600000000003,27,0.0,0.13513513513513514,0.7027027027027027
17128,335,1,157.09,157.09,14,0.0,1.0,0.5
17129,520,1,31.85,31.85,2,0.0,0.0,1.0
17131,5,5,2463.17,492.634,78,0.0,1.0,0.2462686567164179
17132,452,2,1220.9099999999999,610.4549999999999,62,0.0,0.5774647887323944,0.36619718309859156
17133,16,12,14622.33,1218.5275,22,0.07692307692307693,0.3392857142857143,0.2857142857142857
17134,107,3,625.3,208.4333333333333,31,0.0,0.5277777777777778,0.4166666666666667
17135,16,10,1722.18,172.21800000000002,98,0.09090909090909091,0.5384615384615384,0.34965034965034963
17136,662,1,231.68,231.68,14,0.0,0.0,0.35714285714285715
17137,416,6,1099.81,183.30166666666665,125,0.0,0.7245508982035929,0.30538922155688625
17138,276,7,4417.27,631.0385714285715,234,0.0,0.0,0.23046875
17139,16,25,19566.76,782.6704,447,0.13793103448275862,0.04950495049504951,0.41955445544554454
17140,247,1,454.12,454.12,16,0.0,0.0,0.3333333333333333
17141,418,4,727.58,181.895,138,0.0,1.0,0.5123456790123457
17142,239,4,1275.25,318.8125,78,0.0,0.6179775280898876,0.4044943820224719
17143,417,2,880.97,440.485,82,0.0,0.0,0.375
17144,1,2,984.57,492.28499999999997,42,0.0,0.0,0.625
17145,513,4,3120.91,780.2275,168,0.42857142857142855,0.0,0.4166666666666667
17146,106,13,5852.64,450.20307692307694,164,0.1875,0.14950166112956811,0.292358803986711
17147,23,9,3199.95,355.54999999999995,99,0.4375,0.0,0.5073529411764706
17148,52,1,124.88,124.88,9,0.0,0.0,0.5555555555555556
17149,451,1,143.10000000000002,143.10000000000002,6,0.0,0.0,0.6666666666666666
17150,377,6,1357.95,226.32500000000002,64,0.0,0.8804347826086957,0.4782608695652174
17151,735,1,231.90000000000003,231.90000000000003,4,0.0,0.0,1.0
17152,195,4,2016.5,504.125,9,0.2,0.5,0.5
17153,24,1,213.78,213.78,14,0.0,0.0,0.42857142857142855
17154,75,1,329.34,329.34,23,0.0,1.0,0.5217391304347826
17155,18,7,892.46,127.49428571428572,43,0.0,0.2191780821917808,0.4657534246575342
17156,492,1,591.87,591.87,39,0.5,0.0,0.38461538461538464
17157,8,19,5151.9,271.15263157894736,78,0.05,0.11347517730496454,0.36879432624113473
17158,32,5,1980.0,396.0,74,0.16666666666666666,0.17699115044247787,0.3893805309734513
17159,22,5,2099.59,419.918,115,0.16666666666666666,0.19230769230769232,0.35384615384615387
17160,31,17,10209.16,600.5388235294117,215,0.05555555555555555,0.13210445468509985,0.36098310291858676
17161,444,1,856.01,856.01,52,0.0,0.0,0.36538461538461536
17162,29,10,1715.46,171.546,81,0.09090909090909091,0.16346153846153846,0.3173076923076923
17163,22,4,699.78,174.945,27,0.0,0.0,0.6
17164,33,7,2467.35,352.4785714285714,92,0.125,0.0,0.5972222222222222
17165,284,6,1794.32,299.05333333333334,77,0.25,0.0,0.3
17166,39,2,206.34,103.17,11,0.3333333333333333,0.0,0.4166666666666667
17167,380,3,867.11,289.0366666666667,64,0.0,0.0,0.34177215189873417
17168,499,1,400.2,400.2,21,0.0,0.0,0.3333333333333333
17169,58,3,1156.73,385.57666666666665,64,0.5,0.0,0.4
17170,374,2,178.68,89.34,8,0.3333333333333333,0.0,0.5
17171,289,2,384.59,192.29500000000002,25,0.0,0.0,0.56
17172,79,3,956.5699999999999,318.8566666666666,39,0.5,0.358974358974359,0.4358974358974359
17173,5,8,3766.6,470.82500000000005,36,0.1111111111111111,0.313953488372093,0.3953488372093023
17174,218,1,59.9,59.9,4,0.0,0.0,0.5
17175,44,4,1443.69,360.9225,42,0.2,0.20634920634920634,0.5873015873015873
17176,202,3,902.3199999999999,300.7733333333333,37,0.0,0.6428571428571429,0.38095238095238093
17177,505,1,119.5,119.5,29,0.0,0.0,0.4482758620689655
17178,731,1,432.96,432.96,31,0.0,0.0,0.7419354838709677
17179,178,6,1507.26,251.21,75,0.0,0.0,0.4240506329113924
17180,56,11,2236.77,203.34272727272727,189,0.21428571428571427,0.0,0.335
17181,57,3,309.85,103.28333333333335,28,0.0,0.0,0.5357142857142857
17182,423,2,321.3,160.65,4,0.0,0.0,0.6666666666666666
17183,8,6,3347.31,557.8850000000001,42,0.25,0.4931506849315068,0.5753424657534246
17184,569,2,198.41000000000003,99.20500000000001,14,0.0,0.0,0.5
17185,592,3,229.46,76.48666666666666,38,0.0,0.0,0.29545454545454547
17186,47,2,144.0,72.0,1,0.0,0.0,1.0
17187,227,2,467.71,233.855,21,0.0,0.0,0.34782608695652173
17188,11,13,4592.93,353.3023076923077,136,0.23529411764705882,0.09883720930232558,0.4476744186046512
17189,106,5,953.63,190.72600000000003,101,0.0,0.0,0.43333333333333335
17190,59,7,1726.57,246.65285714285713,160,0.125,0.0,0.5578947368421052
17191,28,15,4310.34,287.356,269,0.0625,0.0,0.3501006036217304
17192,536,1,75.28,75.28,20,0.0,0.0,0.25
17193,36,9,2310.04,256.6711111111111,28,0.25,0.0,0.5454545454545454
17194,274,3,812.5,270.8333333333333,57,0.0,0.5245901639344263,0.47540983606557374
17195,655,1,562.98,562.98,31,0.0,0.0,0.5161290322580645
17196,428,1,327.75,327.75,84,0.0,0.0,0.40860215053763443
17197,30,1,1013.01,1013.01,29,0.0,0.0,0.5517241379310345
17198,24,3,692.22,230.74,89,0.0,0.0,0.3020833333333333
17199,582,1,135.04000000000002,135.04000000000002,8,0.0,0.0,0.25
17200,387,4,356.71,89.1775,25,0.0,0.0,0.52
17201,54,4,1143.1,285.775,154,0.2,0.2222222222222222,0.29239766081871343
17202,421,1,160.65,160.65,8,0.0,0.0,0.375
17203,36,10,5564.09,556.409,195,0.0,0.0,0.34099616858237547
17204,175,9,5504.6900000000005,611.6322222222223,110,0.4,0.03954802259887006,0.536723163841808
17205,54,3,999.35,333.1166666666666,27,0.0,0.0,0.5714285714285714
17206,53,1,204.24,204.24,7,0.0,0.0,1.0
17207,652,1,292.62,292.62,55,0.0,0.0,0.31666666666666665
17208,395,1,111.15,111.15,21,0.0,0.0,0.43478260869565216
17209,649,3,595.7,198.5666666666667,36,0.0,0.8421052631578947,0.5526315789473685
17210,393,1,251.72,251.72,47,0.0,0.0,0.5094339622641509
17211,27,13,3773.35,290.2576923076923,217,0.13333333333333333,0.8313953488372093,0.4069767441860465
17212,253,3,794.41,264.80333333333334,29,0.0,0.0,0.5172413793103449
17213,40,13,4869.400000000001,374.5692307692308,130,0.35,0.3007518796992481,0.21428571428571427
17214,60,6,1059.1200000000001,176.52,79,0.14285714285714285,0.18811881188118812,0.3564356435643564
17215,464,1,186.15,186.15,11,0.0,0.0,0.45454545454545453
17216,554,1,63.6,63.6,13,0.0,0.0,0.38461538461538464
17217,234,2,210.1,105.05,27,0.0,0.0,0.4444444444444444
17218,4,18,3891.39,216.18833333333333,248,0.0,0.36942675159235666,0.6093418259023354
17219,32,2,259.13,129.565,43,0.0,0.0,0.48
17220,24,21,4457.31,212.25285714285715,408,0.0,0.0,0.4017857142857143
17221,7,5,976.62,195.324,115,0.0,0.47580645161290325,0.3225806451612903
17222,65,6,1579.51,263.25166666666667,94,0.0,0.16071428571428573,0.3392857142857143
17223,310,3,558.04,186.01333333333332,62,0.0,0.0,0.42028985507246375
17224,501,1,100.86,100.86,8,0.0,0.0,0.375
17225,582,1,131.15,131.15,5,0.0,0.0,0.6
17226,309,3,895.47,298.49,51,0.0,0.0,0.2711864406779661
17227,19,12,1878.93,156.57750000000001,58,0.0,0.0,0.32456140350877194
17228,16,13,2820.03,216.92538461538464,199,0.0,0.0672782874617737,0.3058103975535168
17229,96,2,318.76,159.38,39,0.0,0.3191489361702128,0.48936170212765956
17230,264,18,9388.49,521.5827777777778,141,0.21739130434782608,0.18433179723502305,0.3870967741935484
17231,12,25,7064.8,282.592,509,0.2857142857142857,0.23480432972522897,0.3630308076602831
17232,3,2,417.77,208.885,30,0.0,0.0,0.45714285714285713
17233,35,3,560.86,186.95333333333335,56,0.0,0.0,0.3620689655172414
17234,183,1,149.89000000000001,149.89000000000001,14,0.0,0.0,0.42857142857142855
17235,25,8,1562.98,195.3725,52,0.0,0.0,0.33707865168539325
17236,13,12,1929.26,160.77166666666668,123,0.0,0.4177215189873418,0.33544303797468356
17237,11,4,994.13,248.5325,76,0.0,0.0,0.4430379746835443
17238,3,32,7331.67,229.1146875,486,0.0,0.0,0.3942054433713784
17239,313,4,1189.45,297.3625,18,0.3333333333333333,0.21875,0.3125
17240,596,1,130.6,130.6,7,0.0,0.0,0.8571428571428571
17241,385,12,2736.64,228.05333333333337,116,0.0,0.0,0.3411764705882353
17242,108,5,2889.28,577.856,44,0.0,0.5,0.2619047619047619
17243,1,69,20203.58,292.80550724637686,359,0.1375,0.4902143522833178,0.2656104380242311
17244,53,5,1826.04,365.20799999999997,109,0.0,0.7416666666666667,0.35833333333333334
17245,205,2,371.63,185.815,24,0.0,0.0,0.32
17246,547,2,38.92,19.46,6,0.0,0.0,0.5
17247,15,1,280.09000000000003,280.09000000000003,53,0.0,0.0,0.4444444444444444
17248,120,2,500.54,250.26999999999998,85,0.0,0.33653846153846156,0.33653846153846156
17249,429,1,68.03,68.03,27,0.0,0.0,0.37037037037037035
17250,4,2,381.97,190.985,55,0.0,0.0,0.30357142857142855
17251,363,3,798.98,266.32666666666665,65,0.25,0.47435897435897434,0.41025641025641024
17252,117,2,348.91,174.45499999999998,86,0.0,0.0,0.3488372093023256
17253,18,1,178.26,178.26,18,0.0,0.0,0.2777777777777778
17254,5,3,469.48,156.49333333333334,129,0.0,0.0,0.3741496598639456
17255,41,4,781.7,195.425,163,0.0,1.0,0.46703296703296704
17256,107,5,498.93,99.786,20,0.0,0.4838709677419355,0.5161290322580645
17257,436,2,189.78,94.89,14,0.0,0.0,0.21428571428571427
17258,397,2,417.3,208.65000000000003,46,0.0,0.0,0.4727272727272727
17259,148,6,1452.39,242.06500000000003,179,0.0,0.0,0.3782608695652174
17260,411,1,120.95,120.95,6,0.0,1.0,0.3333333333333333
17261,510,1,221.59,221.59,43,0.0,1.0,0.3488372093023256
17262,52,11,2488.76,226.25090909090912,12,0.0,0.0,0.2631578947368421
17263,208,1,63.440000000000005,63.440000000000005,23,0.0,1.0,0.391304347826087
17264,424,1,268.28,268.28,70,0.0,0.0,0.5
17265,139,2,550.01,275.005,106,0.0,1.0,0.3524590163934426
17266,2,5,501.71999999999997,100.34400000000001,95,0.0,0.0,0.42016806722689076
17267,127,2,317.2,158.60000000000002,37,0.0,0.0,0.2972972972972973
17268,108,11,1733.8899999999999,157.62636363636364,26,0.0,0.03333333333333333,0.23333333333333334
17269,386,1,491.81,491.81,110,0.0,0.0,0.384
17270,469,2,601.4499999999999,300.725,45,0.0,0.0,0.2708333333333333
17271,736,1,204.3,204.3,46,0.0,0.0,0.3333333333333333
17272,42,4,2148.63,537.1575,70,0.2,0.0,0.5789473684210527
17273,424,1,141.12,141.12,12,0.0,0.0,0.8333333333333334
17274,35,2,573.22,286.61,76,0.0,0.0,0.4675324675324675
17275,383,1,114.1,114.1,23,0.0,1.0,0.6086956521739131
17276,402,1,502.49,502.49,50,0.5,0.0,0.5094339622641509
17277,228,2,1065.3500000000001,532.675,67,0.0,0.0,0.5362318840579711
17278,241,2,271.24,135.62,17,0.0,0.11764705882352941,0.6470588235294118
17279,58,1,187.82999999999998,187.82999999999998,8,0.0,0.0,0.4444444444444444
17280,438,1,118.85999999999999,118.85999999999999,6,0.0,0.0,0.5
17281,374,6,797.8499999999999,132.975,2,0.0,0.0,0.8333333333333334
17282,130,5,2308.54,461.70799999999997,168,0.0,0.4117647058823529,0.47058823529411764
17283,379,1,188.46,188.46,15,0.0,0.0,0.6
17284,60,8,2788.06,348.5075,285,0.2727272727272727,0.02680965147453083,0.4316353887399464
17285,628,2,407.94,203.97,41,0.0,1.0,0.29545454545454547
17286,22,3,389.18,129.72666666666666,89,0.0,0.0,0.5333333333333333
17287,26,21,3826.86,182.23142857142858,279,0.08695652173913043,0.1468682505399568,0.3434125269978402
17288,9,11,2468.43,224.4027272727273,233,0.0,0.8645833333333334,0.4826388888888889
17289,32,9,2041.8,226.86666666666667,202,0.18181818181818182,0.518796992481203,0.3233082706766917
17290,4,8,1487.96,185.995,184,0.0,0.015306122448979591,0.32653061224489793
17291,308,1,550.8000000000001,550.8000000000001,1,0.0,0.0,1.0
17292,472,2,271.75,135.875,14,0.0,0.4,0.4666666666666667
17293,8,17,3750.63,220.62529411764706,148,0.0,0.0,0.2697095435684647
17294,669,2,467.78999999999996,233.89499999999998,17,0.0,0.0,0.4117647058823529
17295,29,3,547.0,182.33333333333334,53,0.0,0.0,0.4117647058823529
17296,730,1,338.13,338.13,32,0.0,0.0,0.3333333333333333
17297,17,1,128.18,128.18,49,0.0,0.0,0.40816326530612246
17298,101,5,954.26,190.852,61,0.16666666666666666,0.057971014492753624,0.2608695652173913
17299,12,6,993.23,165.53833333333333,96,0.0,0.9026548672566371,0.39823008849557523
17300,391,2,393.64,196.82,37,0.0,1.0,0.5454545454545454
17301,21,2,294.39,147.195,107,0.0,0.0,0.40707964601769914
17302,15,5,1135.63,227.12600000000003,68,0.16666666666666666,0.3037974683544304,0.46835443037974683
17303,361,1,250.04,250.04,53,0.0,0.0,0.5283018867924528
17304,534,1,111.5,111.5,5,0.0,0.0,0.6
17305,649,1,2135.46,2135.46,9,0.0,0.0,0.4444444444444444
17306,11,21,9782.35,465.8261904761905,17,0.08695652173913043,0.0,0.8194444444444444
17307,395,11,3999.8900000000003,363.6263636363637,22,0.26666666666666666,0.0,0.3541666666666667
17308,393,2,4511.76,2255.88,5,0.0,0.0,1.0
17309,95,3,320.39,106.79666666666667,33,0.0,0.0,0.3055555555555556
17310,387,2,1025.1,512.55,1,0.0,0.0,1.0
17311,78,6,3566.56,594.4266666666666,124,0.14285714285714285,0.0,0.7322834645669292
17312,139,3,644.3,214.76666666666665,11,0.0,0.7857142857142857,0.6428571428571429
17313,31,1,2328.84,2328.84,24,0.5,0.0,0.4166666666666667
17314,25,17,4904.43,288.4958823529412,200,0.22727272727272727,0.04296875,0.3984375
17315,2,43,9599.58,223.2460465116279,385,0.12244897959183673,0.049531459170013385,0.36813922356091033
17316,420,1,124.45,124.45,35,0.0,0.0,0.6285714285714286
17317,46,3,2600.34,866.7800000000001,8,0.4,0.7777777777777778,0.3333333333333333
17318,725,1,157.32999999999998,157.32999999999998,17,0.0,0.0,0.47058823529411764
17319,669,1,29.1,29.1,3,0.0,0.0,1.0
17320,100,6,2444.85,407.47499999999997,86,0.0,0.17105263157894737,0.3157894736842105
17321,8,6,1665.21,277.535,241,0.0,0.0,0.5129151291512916
17322,376,5,922.59,184.518,115,0.2857142857142857,0.3728813559322034,0.559322033898305
17323,15,12,1551.04,129.25333333333333,168,0.14285714285714285,0.6827794561933535,0.3293051359516616
17324,18,12,2171.07,180.9225,111,0.07692307692307693,0.0,0.41379310344827586
17325,280,3,609.5699999999999,203.18999999999997,39,0.0,0.0,0.5897435897435898
17326,408,2,312.35,156.175,82,0.0,0.0,0.47674418604651164
17327,410,2,152.35,76.175,3,0.0,0.0,0.75
17328,673,1,104.7,104.7,6,0.0,0.0,0.6666666666666666
17329,14,5,998.53,199.706,80,0.0,0.0,0.33653846153846156
17330,23,4,423.8,105.94999999999999,7,0.0,0.125,0.75
17331,124,1,175.2,175.2,1,0.0,0.0,1.0
17332,528,5,838.27,167.654,82,0.0,0.7368421052631579,0.47368421052631576
17333,86,1,494.25,494.25,28,0.0,0.0,0.6428571428571429
17334,302,3,635.15,211.71666666666667,20,0.25,0.0,1.0
17335,384,2,497.04,248.52,34,0.0,1.0,0.4444444444444444
17336,472,1,81.12,81.12,1,0.0,0.0,1.0
17337,151,4,1981.06,495.265,421,0.42857142857142855,0.29174664107485604,0.4049904030710173
17338,17,17,11889.33,699.3723529411765,590,0.15,0.0,0.38697318007662834
17339,94,3,302.36,100.78666666666668,10,0.25,0.1,0.5
17340,30,18,19617.95,1089.8861111111112,322,0.4,0.1873156342182891,0.34365781710914456
17341,157,5,1272.21,254.442,200,0.0,0.0,0.4657534246575342
17342,380,4,1227.54,306.885,31,0.42857142857142855,0.0,0.42857142857142855
17343,355,6,1259.94,209.99,61,0.0,0.6625,0.375
17344,46,2,457.36,228.68,64,0.3333333333333333,0.0,0.2537313432835821
17345,15,10,1586.6299999999999,158.663,174,0.16666666666666666,0.0,0.27751196172248804
17346,4,26,4998.61,192.25423076923076,517,0.037037037037037035,0.11592632719393282,0.3163596966413868
17347,86,1,228.96,228.96,1,0.0,0.0,1.0
17348,15,9,2442.29,271.36555555555555,326,0.0,0.0,0.3724604966139955
17349,179,5,772.41,154.482,74,0.0,0.0,0.4235294117647059
17350,8,7,1893.701,270.5287142857143,124,0.125,0.0,0.42657342657342656
17351,36,12,1988.23,165.68583333333333,45,0.0,0.014492753623188406,0.34782608695652173
17352,696,1,36.25,36.25,5,0.0,0.0,0.6
17353,129,4,3242.0,810.5,7,0.42857142857142855,0.0,0.6428571428571429
17354,51,4,3133.96,783.49,85,0.0,0.0,0.4752475247524752
17355,386,1,273.31,273.31,28,0.0,0.0,0.5454545454545454
17356,312,5,946.47,189.294,73,0.0,0.0,0.38372093023255816
17357,24,2,384.39,192.195,41,0.0,0.0,0.4772727272727273
17358,303,5,861.01,172.202,126,0.0,0.7945205479452054,0.4589041095890411
17359,11,2,284.46,142.23,36,0.0,0.0,0.34210526315789475
17360,17,6,1200.51,200.085,189,0.14285714285714285,0.0,0.388646288209607
17361,49,5,871.79,174.358,51,0.0,0.0,0.3333333333333333
17362,239,7,1024.04,146.29142857142855,99,0.125,0.0,0.3472222222222222
17363,395,3,920.46,306.82,34,0.0,0.0,0.5714285714285714
17364,1,28,11972.92,427.6042857142857,513,0.0967741935483871,0.048672566371681415,0.36172566371681414
17365,13,15,8184.49,545.6326666666666,395,0.0625,0.06675062972292191,0.46851385390428213
17366,432,2,1077.24,538.62,120,0.3333333333333333,0.4351145038167939,0.32061068702290074
17367,238,1,167.55,167.55,33,0.0,0.0,0.36363636363636365
17368,23,14,2758.29,197.0207142857143,195,0.125,0.168141592920354,0.3185840707964602
17369,456,1,979.1999999999999,979.1999999999999,1,0.0,0.0,1.0
17370,73,4,446.18,111.545,31,0.0,0.0,0.42424242424242425
17371,17,6,655.37,109.22833333333334,135,0.0,0.0,0.3194444444444444
17372,41,28,4347.31,155.26107142857146,412,0.0967741935483871,0.6496913580246914,0.4737654320987654
17373,40,7,1167.5,166.78571428571428,65,0.0,0.45054945054945056,0.32967032967032966
17374,219,3,727.11,242.37,34,0.25,0.0,0.40476190476190477
17375,199,4,660.55,165.1375,77,0.2,0.0,0.38372093023255816
17376,71,4,453.64,113.41,41,0.0,0.16363636363636364,0.5636363636363636
17377,24,78,17644.27,226.20858974358976,505,0.14285714285714285,0.1302570093457944,0.3107476635514019
17378,374,1,10.95,10.95,1,0.5,0.0,1.0
17379,11,1,389.71999999999997,389.71999999999997,71,0.0,0.0,0.358974358974359
17380,434,3,645.0,215.0,5,0.25,0.0,0.9
17381,9,38,36398.65,957.8592105263158,50,0.02564102564102564,0.06134969325153374,0.6196319018404908
17382,65,8,902.28,112.785,16,0.0,0.0,0.4444444444444444
17383,4,2,304.09,152.04500000000002,51,0.0,0.0392156862745098,0.45098039215686275
17384,19,3,507.55,169.18333333333334,15,0.0,0.85,0.2
17385,15,1,256.11,256.11,42,0.0,0.0,0.28888888888888886
17386,8,7,2812.77,401.8242857142858,32,0.0,0.0,0.5263157894736842
17387,20,2,746.81,373.405,71,0.0,1.0,0.35526315789473684
17388,78,11,2675.37,243.21545454545455,41,0.0,0.2,0.2909090909090909
17389,1,61,57215.33,937.9562295081968,63,0.2077922077922078,0.08624708624708624,0.4522144522144522
17390,421,1,149.3,149.3,12,0.0,0.0,0.6666666666666666
17391,164,2,508.8,254.4,2,0.0,0.0,1.0
17392,307,3,585.92,195.30666666666664,66,0.0,0.18571428571428572,0.5142857142857142
17393,411,2,381.15,190.57500000000002,45,0.0,0.5625,0.3125
17394,219,1,203.86999999999998,203.86999999999998,4,0.0,0.0,0.25
17395,508,1,97.5,97.5,3,0.0,0.0,0.3333333333333333
17396,39,14,8409.6,600.6857142857143,29,0.125,0.0,0.7659574468085106
17397,22,3,1198.28,399.4266666666667,132,0.0,0.0,0.5746268656716418
17398,115,3,653.38,217.79333333333332,30,0.0,0.0,0.5526315789473685
17400,126,8,4623.28,577.91,345,0.0,0.0,0.2921108742004264
17401,541,1,114.85,114.85,11,0.0,0.0,0.6666666666666666
17402,5,23,4635.5599999999995,201.54608695652172,105,0.11538461538461539,0.4044943820224719,0.6179775280898876
17403,36,2,382.87,191.435,45,0.0,0.0,0.3111111111111111
17405,1,3,1031.41,343.80333333333334,77,0.4,0.0,0.5975609756097561
17406,333,13,4186.95,322.0730769230769,155,0.2777777777777778,0.29411764705882354,0.31512605042016806
17407,412,1,552.9,552.9,23,0.0,1.0,0.5652173913043478
17408,163,3,316.09000000000003,105.36333333333334,7,0.25,0.0,0.5
17409,185,10,7793.51,779.351,50,0.0,0.0,0.2980769230769231
17410,16,5,1214.72,242.94400000000002,57,0.0,0.34375,0.515625
17411,12,5,1425.38,285.076,69,0.4444444444444444,0.3333333333333333,0.28
17412,3,16,4220.22,263.76375,161,0.15789473684210525,0.17105263157894737,0.47368421052631576
17413,405,2,560.14,280.07,10,0.0,0.8,0.6
17414,44,6,2249.52,374.92,6,0.0,0.0,0.42857142857142855
17415,79,1,507.84,507.84,14,0.0,0.0,0.42857142857142855
17416,30,22,17298.45,786.2931818181819,324,0.12,0.0,0.4556113902847571
17417,549,1,164.18,164.18,16,0.0,0.0,0.3125
17418,42,3,670.0600000000001,223.35333333333335,40,0.0,0.0,0.5714285714285714
17419,11,18,6126.25,340.34722222222223,203,0.1,0.0,0.4882943143812709
17420,50,6,953.58,158.92999999999998,43,0.25,0.14,0.46
17421,386,3,1059.41,353.1366666666667,46,0.0,0.0,0.603448275862069
17422,16,11,3594.76,326.79636363636365,149,0.45,0.15609756097560976,0.3463414634146341
17423,46,3,1118.95,372.98333333333335,39,0.4,0.0,0.5581395348837209
17425,19,2,759.17,379.58500000000004,42,0.0,0.023255813953488372,0.4883720930232558
17426,8,13,8077.77,621.3669230769231,248,0.23529411764705882,0.0,0.5128805620608899
17427,72,1,100.8,100.8,2,0.0,0.0,1.0
17428,1,45,31466.760000000002,699.2613333333334,422,0.11764705882352941,0.02638888888888889,0.40555555555555556
17429,128,5,1357.46,271.492,80,0.2857142857142857,0.0,0.3263157894736842
17430,33,4,622.57,155.64249999999998,30,0.0,0.0,0.5135135135135135
17431,313,1,403.3,403.3,41,0.0,1.0,0.46511627906976744
17432,18,9,1728.99,192.11,213,0.0,0.0,0.5145985401459854
17433,88,2,569.96,284.98,81,0.0,0.0,0.3978494623655914
17434,2,7,2373.82,339.1171428571429,100,0.2222222222222222,0.0,0.35074626865671643
17435,411,1,331.35,331.35,15,0.0,1.0,0.5333333333333333
17436,2,5,534.06,106.81199999999998,8,0.2857142857142857,0.23529411764705882,0.8823529411764706
17437,530,1,369.68,369.68,52,0.0,0.0,0.3269230769230769
17438,254,5,1422.77,284.554,49,0.16666666666666666,0.0,0.4507042253521127
17439,656,1,325.74,325.74,8,0.0,0.0,0.25
17440,157,4,323.58,80.895,4,0.3333333333333333,0.0,0.5
17441,732,1,293.35,293.35,21,0.0,0.0,0.38095238095238093
17442,37,15,4620.3,308.02000000000004,188,0.34782608695652173,0.045936395759717315,0.4628975265017668
17446,177,2,120.9,60.45,6,0.0,0.0,0.6666666666666666
17447,40,2,541.53,270.765,33,0.0,0.2222222222222222,0.4722222222222222
17448,497,46,14523.67,315.7319565217391,569,0.14814814814814814,0.09417040358744394,0.39282511210762333
17449,2,13,4868.15,374.4730769230769,292,0.07142857142857142,0.2602739726027397,0.4092465753424658
17450,8,51,244784.25,4799.691176470588,144,0.16393442622950818,0.0,0.43333333333333335
17451,1,7,1721.4,245.91428571428574,83,0.3,0.0,0.45
17453,18,2,486.71999999999997,243.35999999999996,19,0.0,0.0,0.47368421052631576
17454,192,10,1547.94,154.794,98,0.09090909090909091,0.23015873015873015,0.3253968253968254
17455,204,1,131.7,131.7,8,0.0,0.0,0.375
17456,365,2,975.5600000000001,487.78000000000003,59,0.0,0.0,0.4
17457,127,14,5984.8099999999995,427.4864285714285,30,0.2222222222222222,0.0,0.34375
17458,15,2,529.58,264.79,81,0.0,0.0,0.29069767441860467
17459,43,2,657.3,328.65,88,0.0,0.0,0.4594594594594595
17460,94,16,2157.9700000000003,134.87312500000002,93,0.23809523809523808,0.06569343065693431,0.41605839416058393
17461,23,3,735.82,245.27333333333334,104,0.0,0.0,0.33962264150943394
17462,60,2,675.69,337.84499999999997,25,0.3333333333333333,0.0,0.48148148148148145
17463,16,7,2535.26,362.18,234,0.2222222222222222,0.28164556962025317,0.28164556962025317
17464,158,3,907.14,302.38000000000005,35,0.25,0.0,0.38461538461538464
17465,426,7,2542.79,363.2557142857143,103,0.2222222222222222,0.18309859154929578,0.3028169014084507
17466,10,2,763.28,381.64,41,0.0,0.0,0.4146341463414634
17467,395,1,102.6,102.6,4,0.0,0.0,1.0
17468,10,3,194.8,64.93333333333334,8,0.0,0.0,0.375
17469,16,17,5051.25,297.13235294117646,165,0.22727272727272727,0.0,0.32209737827715357
17470,45,11,2626.47,238.76999999999998,111,0.0,0.07096774193548387,0.33548387096774196
17471,475,1,321.65000000000003,321.65000000000003,19,0.0,1.0,0.5263157894736842
17472,191,4,922.35,230.5875,183,0.0,0.5022421524663677,0.452914798206278
17473,409,2,607.0,303.5,33,0.3333333333333333,0.0,0.47058823529411764
17474,600,1,1047.0,1047.0,6,0.0,0.0,0.6666666666666666
17475,79,1,194.37,194.37,14,0.0,0.0,0.42857142857142855
17476,396,2,489.86,244.93,29,0.5,0.0,0.3548387096774194
17477,613,2,1144.3,572.15,44,0.6,0.0,0.4090909090909091
17478,408,2,1272.8,636.4000000000001,40,0.0,0.0,0.5
17479,633,1,389.26000000000005,389.26000000000005,18,0.0,0.0,0.6666666666666666
17480,78,2,882.23,441.115,50,0.3333333333333333,0.0,0.5094339622641509
17481,4,4,1255.59,313.8975,69,0.2,0.0,0.4146341463414634
17482,487,2,775.64,387.82000000000005,50,0.0,0.0,0.39622641509433965
17483,65,4,591.73,147.9325,23,0.0,0.0,0.5357142857142857
17484,576,2,209.57,104.785,14,0.0,0.0,0.35714285714285715
17486,261,1,396.87,396.87,24,0.0,0.0,0.5
17487,728,1,160.55,160.55,8,0.0,0.0,0.75
17488,641,1,336.5,336.5,18,0.0,0.0,0.7222222222222222
17489,59,2,376.64,188.32,28,0.0,0.0,0.3448275862068966
17490,1,9,2750.5,305.6111111111111,93,0.3076923076923077,0.0,0.5
17491,1,17,5653.67,332.56882352941176,105,0.05555555555555555,0.022598870056497175,0.3333333333333333
17492,248,3,1122.42,374.14000000000004,32,0.0,0.0,0.4358974358974359
17493,385,1,100.91000000000001,100.91000000000001,8,0.0,0.0,0.375
17494,502,1,54.699999999999996,54.699999999999996,3,0.0,0.0,0.3333333333333333
17495,8,3,806.72,268.9066666666667,38,0.25,0.4375,0.6041666666666666
17496,359,4,1412.89,353.2225,54,0.2,0.0,0.4305555555555556
17497,390,2,287.25,143.625,7,0.0,0.5714285714285714,0.5714285714285714
17498,76,1,272.22,272.22,17,0.0,1.0,0.4117647058823529
17499,290,2,1341.39,670.6949999999999,66,0.3333333333333333,0.0,0.5774647887323944
17500,17,3,1138.0,379.3333333333333,3,0.0,0.0,0.6
17501,221,2,288.6,144.3,18,0.0,0.0,0.5555555555555556
17502,9,4,689.1,172.275,25,0.0,0.0,0.39285714285714285
17503,3,2,558.96,279.48,36,0.0,0.0,0.5263157894736842
17504,206,18,9490.17,527.2316666666667,244,0.05263157894736842,0.09649122807017543,0.4649122807017544
17505,161,5,2435.48,487.096,83,0.0,0.0,0.4215686274509804
17506,76,1,302.2,302.2,14,0.5,1.0,0.7142857142857143
17507,262,2,605.58,302.78999999999996,79,0.0,0.0,0.4090909090909091
17509,58,8,6083.64,760.455,75,0.2727272727272727,0.0,0.5989010989010989
17510,25,2,514.56,257.28,28,0.0,0.0,0.45714285714285713
17511,3,60,172132.87,2868.8811666666666,657,0.29411764705882354,0.0,0.37687366167023556
17512,29,18,5467.820000000001,303.7677777777778,102,0.1,0.0,0.43147208121827413
17513,72,3,1158.8,386.2666666666667,18,0.0,0.0,0.7222222222222222
17514,128,2,522.0,261.0,72,0.0,0.0,0.2891566265060241
17515,31,9,1602.51,178.05666666666667,91,0.0,0.0,0.5642458100558659
17516,15,6,947.5,157.91666666666666,150,0.0,0.3298429319371728,0.4973821989528796
17517,309,1,153.94,153.94,11,0.0,0.0,0.7272727272727273
17518,426,2,329.42,164.71,71,0.0,1.0,0.5324675324675324
17519,17,15,4774.17,318.278,142,0.11764705882352941,0.10784313725490197,0.3627450980392157
17520,54,1,546.81,546.81,30,0.0,0.0,0.4666666666666667
17521,30,5,1278.06,255.612,65,0.16666666666666666,0.0,0.38461538461538464
17522,2,5,1070.71,214.142,59,0.0,0.1095890410958904,0.3287671232876712
17523,11,4,652.74,163.185,25,0.0,0.696969696969697,0.7878787878787878
17524,361,3,539.14,179.71333333333334,37,0.25,0.0,0.4418604651162791
17525,360,3,1161.9,387.3,19,0.0,0.3076923076923077,0.5769230769230769
17526,5,12,3939.24,328.27,67,0.25,0.06521739130434782,0.44565217391304346
17527,54,4,939.37,234.8425,45,0.3333333333333333,0.0,0.3829787234042553
17528,1,8,3628.5,453.5625,183,0.2727272727272727,0.0,0.39920948616600793
17529,610,2,1240.25,620.125,78,0.0,0.0,0.45121951219512196
17530,1,12,2791.69,232.64083333333335,359,0.07692307692307693,0.0880503144654088,0.3941299790356394
17531,190,3,1266.82,422.2733333333333,54,0.6666666666666666,0.0,0.3275862068965517
17532,386,1,65.34,65.34,4,0.0,0.0,0.25
17533,435,1,34.8,34.8,1,0.0,0.0,1.0
17534,54,5,1668.83,333.76599999999996,76,0.0,0.17391304347826086,0.42391304347826086
17535,280,1,164.4,164.4,13,0.0,0.0,0.46153846153846156
17536,177,3,364.83,121.61000000000001,16,0.0,0.0,0.4375
17537,30,2,887.67,443.83500000000004,74,0.0,0.0,0.2972972972972973
17538,26,1,98.42,98.42,9,0.0,0.0,0.5555555555555556
17539,618,4,1176.84,294.21,132,0.42857142857142855,0.9930555555555556,0.5763888888888888
17540,25,6,1590.6000000000001,265.1,41,0.14285714285714285,0.1875,0.46875
17541,510,1,119.86,119.86,31,0.0,1.0,0.45161290322580644
17542,270,3,340.85,113.61666666666667,57,0.0,0.0,0.265625
17543,550,1,120.05,120.05,13,0.0,0.0,0.38461538461538464
17544,390,3,944.82,314.94,80,0.0,1.0,0.3068181818181818
17545,43,6,1409.8600000000001,234.9766666666667,204,0.0,0.4307692307692308,0.38846153846153847
17547,376,2,727.85,363.925,22,0.5,0.0,0.5161290322580645
17548,234,4,731.26,182.815,22,0.3333333333333333,0.35294117647058826,0.6470588235294118
17549,24,2,148.86,74.42999999999999,5,0.0,0.0,0.6666666666666666
17550,197,9,2506.64,278.5155555555555,250,0.1,0.6978193146417445,0.38006230529595014
17551,359,1,290.34,290.34,39,0.0,0.0,0.358974358974359
17552,60,12,2786.77,232.23083333333332,78,0.25,0.0,0.4125874125874126
17553,130,4,3757.6,939.4,2,0.0,0.0,0.5
17554,1,5,1952.45,390.49,58,0.0,0.0,0.5909090909090909
17555,20,5,1045.74,209.148,220,0.0,0.7348484848484849,0.4356060606060606
17556,206,2,300.67,150.335,13,0.0,0.0,0.6428571428571429
17557,14,4,575.46,143.865,28,0.0,0.0,0.34285714285714286
17558,393,1,259.17,259.17,28,0.0,0.0,0.35714285714285715
17559,513,1,167.62,167.62,12,0.0,0.0,0.4166666666666667
17560,95,8,1895.8,236.975,37,0.0,0.0,0.32727272727272727
17561,19,4,703.02,175.755,163,0.0,1.0,0.4031413612565445
17562,14,7,1122.38,160.34,48,0.125,0.3333333333333333,0.36507936507936506
17563,578,2,392.38,196.19,27,0.6,0.0,0.4482758620689655
17564,24,3,454.01,151.33666666666667,38,0.0,0.0,0.5510204081632653
17565,587,1,131.83,131.83,30,0.0,1.0,0.4666666666666667
17566,8,2,869.77,434.885,113,0.0,0.0,0.3732394366197183
17567,7,9,4838.08,537.5644444444445,128,0.18181818181818182,0.0,0.5051020408163265
17568,633,1,374.45,374.45,61,0.0,0.0,0.24193548387096775
17569,332,1,344.14,344.14,29,0.0,0.0,0.5517241379310345
17570,382,1,100.0,100.0,1,0.5,0.0,1.0
17571,50,5,1630.91,326.18199999999996,290,0.0,0.09230769230769231,0.3569230769230769
17572,71,10,652.21,65.221,14,0.0,0.0,0.3125
17573,29,3,380.6,126.86666666666667,24,0.25,0.0,0.48
17574,243,1,185.65,185.65,8,0.0,0.0,0.625
17575,667,1,171.7,171.7,5,0.0,0.0,0.8
17576,8,41,8711.95,212.48658536585367,417,0.08888888888888889,0.0,0.37907761529808776
17577,645,2,348.75,174.375,20,0.0,0.0,0.2857142857142857
17578,218,7,1047.33,149.6185714285714,57,0.3,0.27692307692307694,0.36923076923076925
17579,5,4,753.28,188.32,89,0.2,0.0,0.35106382978723405
17580,253,5,541.02,108.204,78,0.0,0.2978723404255319,0.3617021276595745
17581,1,43,17951.17,417.4690697674419,387,0.18867924528301888,0.1159062885326757,0.4217016029593095
17582,236,5,1446.95,289.39,92,0.16666666666666666,0.8114754098360656,0.39344262295081966
17583,560,1,135.95,135.95,7,0.0,0.0,0.42857142857142855
17584,7,6,5309.42,884.9033333333333,85,0.14285714285714285,0.33064516129032256,0.41935483870967744
17585,109,7,2064.71,294.9585714285714,295,0.0,0.0,0.3359375
17586,619,1,167.4,167.4,8,0.0,0.0,0.375
17587,628,1,176.71,176.71,42,0.0,1.0,0.2857142857142857
17588,100,7,2939.55,419.9357142857143,35,0.2222222222222222,0.0,0.23943661971830985
17589,60,18,13837.94,768.7744444444444,601,0.14285714285714285,0.31643625192012287,0.3617511520737327
17590,2,3,1468.02,489.34,162,0.0,0.29081632653061223,0.413265306122449
17591,73,8,2339.32,292.415,93,0.1111111111111111,0.10795454545454546,0.5113636363636364
17592,739,1,148.3,148.3,13,0.5,0.0,1.0
17593,4,11,8092.32,735.6654545454545,311,0.26666666666666666,0.2867647058823529,0.2867647058823529
17594,85,4,2497.88,624.47,70,0.0,0.0,0.40384615384615385
17595,12,2,386.69,193.345,68,0.0,0.5975609756097561,0.34146341463414637
17596,23,13,4491.46,345.49692307692305,274,0.07142857142857142,0.12551440329218108,0.2839506172839506
17597,214,5,3484.09,696.818,109,0.2857142857142857,0.421875,0.484375
17598,381,1,409.98,409.98,10,0.0,0.0,1.0
17599,477,1,52.05,52.05,3,0.6666666666666666,0.0,0.6666666666666666
17600,18,1,161.67000000000002,161.67000000000002,13,0.0,0.0,0.46153846153846156
17601,239,2,413.08,206.54,69,0.0,0.0,0.4583333333333333
17602,2,14,7354.43,525.3164285714286,450,0.2222222222222222,0.0088008800880088,0.30913091309130913
17603,78,4,1788.38,447.095,104,0.6363636363636364,0.0,0.33962264150943394
17604,217,6,942.38,157.06333333333333,142,0.0,0.0,0.34134615384615385
17605,590,1,160.75,160.75,13,0.0,0.0,0.6153846153846154
17606,737,1,87.30000000000001,87.30000000000001,6,0.0,0.0,0.5
17607,376,1,333.81,333.81,22,0.0,1.0,0.36363636363636365
17608,33,4,488.06,122.015,134,0.0,0.6792452830188679,0.27044025157232704
17609,41,11,1887.8999999999999,171.62727272727273,317,0.21428571428571427,0.5636363636363636,0.42857142857142855
17610,540,5,1511.94,302.38800000000003,114,0.375,0.2792207792207792,0.34415584415584416
17611,7,28,8337.53,297.7689285714286,722,0.2,0.4397482014388489,0.36241007194244607
17612,53,18,5394.86,299.71444444444444,213,0.4375,0.0,0.2852941176470588
17613,23,14,4544.55,324.6107142857143,211,0.17647058823529413,0.23529411764705882,0.29411764705882354
17614,57,1,386.32,386.32,97,0.0,0.0,0.37755102040816324
17615,130,6,721.8,120.3,47,0.14285714285714285,0.08928571428571429,0.44642857142857145
17616,174,4,734.4,183.6,1,0.0,0.25,1.0
17617,559,1,385.19,385.19,18,0.5,1.0,0.3333333333333333
17618,6,11,4001.64,363.7854545454545,202,0.15384615384615385,0.9635854341736695,0.3753501400560224
17619,312,1,214.37,214.37,71,0.0,0.0,0.5
17620,60,1,81.44,81.44,4,0.0,0.0,0.75
17621,21,6,3175.12,529.1866666666666,61,0.25,0.030303030303030304,0.6666666666666666
17622,598,2,1130.21,565.105,19,0.3333333333333333,0.0,0.6842105263157895
17623,33,7,2365.77,337.9671428571429,130,0.0,0.19072164948453607,0.4690721649484536
17624,15,4,1568.63,392.1575,91,0.0,0.2268041237113402,0.38144329896907214
17625,18,8,5978.9,747.3625,429,0.0,0.6149341142020498,0.3923865300146413
17626,603,1,254.0,254.0,18,0.0,0.0,0.5555555555555556
17627,479,1,296.36,296.36,10,0.5,0.0,0.3
17628,81,1,75.75,75.75,5,0.0,0.0,0.6
17629,6,10,2455.52,245.552,129,0.09090909090909091,0.33974358974358976,0.4166666666666667
17630,170,2,503.59999999999997,251.8,24,0.0,0.0,0.46153846153846156
17631,2,7,998.49,142.64142857142858,66,0.0,0.0,0.391304347826087
17633,31,7,2057.39,293.91285714285715,84,0.2222222222222222,0.12871287128712872,0.3465346534653465
17634,36,9,2358.59,262.0655555555556,209,0.0,0.10472972972972973,0.3783783783783784
17635,424,3,1265.58,421.85999999999996,60,0.25,0.0,0.43243243243243246
17636,19,1,285.56,285.56,20,0.5,1.0,0.5
17637,31,2,547.0600000000001,273.53,35,0.0,0.0,0.37142857142857144
17638,647,2,842.4,421.2,2,0.0,0.0,1.0
17639,276,6,615.17,102.52833333333332,59,0.0,0.16455696202531644,0.4050632911392405
17640,87,6,3168.94,528.1566666666666,48,0.25,0.5151515151515151,0.24242424242424243
17642,120,5,1824.49,364.898,88,0.0,0.17592592592592593,0.37962962962962965
17643,373,2,439.7,219.85000000000002,30,0.0,0.0,0.3870967741935484
17644,1,20,6028.6,301.43,160,0.2857142857142857,0.012232415902140673,0.28134556574923547
17646,219,12,3898.79,324.89916666666664,124,0.25,0.0,0.42346938775510207
17647,65,3,331.65999999999997,110.55333333333333,12,0.0,0.0,0.3333333333333333
17648,61,5,2216.37,443.274,114,0.16666666666666666,0.0,0.536
17649,138,3,1578.89,526.2966666666666,88,0.4,0.5306122448979592,0.4387755102040816
17650,21,1,166.08,166.08,8,0.0,0.0,0.75
17651,12,16,5703.52,356.47,198,0.2727272727272727,0.04216867469879518,0.3614457831325301
17652,25,12,4867.72,405.6433333333334,118,0.3333333333333333,0.0,0.3745173745173745
17653,37,4,1207.56,301.89000000000004,44,0.2,0.0,0.36363636363636365
17654,277,1,117.55,117.55,22,0.0,0.0,0.5454545454545454
17655,11,9,2976.38,330.7088888888889,75,0.1,0.12612612612612611,0.3783783783783784
17656,73,5,1674.69,334.938,67,0.0,0.0,0.2926829268292683
17657,430,1,126.0,126.0,7,0.0,0.0,0.5714285714285714
17658,26,2,595.42,297.71,17,0.3333333333333333,0.0,0.47368421052631576
17659,17,14,3586.9900000000002,256.2135714285714,150,0.17647058823529413,0.0,0.46875
17660,141,2,342.22,171.11,75,0.0,0.0,0.4024390243902439
17662,662,2,412.92,206.46,14,0.0,0.0,0.4666666666666667
17663,26,17,5175.83,304.4605882352941,153,0.2608695652173913,0.0,0.3445378151260504
17664,19,4,1166.23,291.5575,68,0.0,0.2,0.3625
17665,493,1,563.1,563.1,19,0.0,0.0,0.7894736842105263
17666,4,5,2047.8,409.56,30,0.0,0.0,0.36363636363636365
17667,66,9,3950.7,438.96666666666664,140,0.25,0.0,0.41304347826086957
17668,1,2,347.75,173.875,14,0.0,0.0,0.5333333333333333
17669,43,10,6142.35,614.235,85,0.0,0.0,0.3402777777777778
17670,228,1,205.7,205.7,11,0.0,0.0,0.8181818181818182
17671,16,5,2009.16,401.832,54,0.2857142857142857,0.0,0.6533333333333333
17672,50,7,5778.63,825.5185714285715,179,0.2222222222222222,0.0,0.4854368932038835
17673,1,13,4173.88,321.0676923076923,195,0.13333333333333333,0.08678500986193294,0.34122287968441817
17674,74,2,551.04,275.52,19,0.0,0.0,0.5555555555555556
17675,1,70,37642.48,537.7497142857143,345,0.2222222222222222,0.0967741935483871,0.3951612903225806
17676,4,10,2448.64,244.86399999999998,85,0.23076923076923078,0.0,0.3581081081081081
17677,2,54,35058.46,649.2307407407408,346,0.4065934065934066,0.049635036496350364,0.3795620437956204
17678,264,2,599.76,299.88,27,0.3333333333333333,0.0,0.5714285714285714
17679,53,7,3577.61,511.08714285714285,70,0.36363636363636365,0.0,0.37037037037037035
17680,24,3,497.45,165.8166666666667,20,0.25,0.2,0.4
17681,597,5,731.2,146.24,12,0.16666666666666666,0.14285714285714285,0.7857142857142857
17682,10,11,4065.28,369.5709090909091,85,0.08333333333333333,0.1409090909090909,0.4
17683,386,3,819.01,273.00333333333333,41,0.0,0.0,0.5434782608695652
17684,44,1,239.41,239.41,15,0.0,0.0,0.6
17685,17,12,5454.95,454.57916666666665,124,0.14285714285714285,0.0,0.37373737373737376
17686,7,9,8296.81,921.8677777777777,283,0.0,0.0,0.41025641025641024
17687,421,1,432.68,432.68,26,0.0,0.0,0.6153846153846154
17688,394,1,304.2,304.2,19,0.5,0.0,0.7368421052631579
17689,388,2,317.08,158.54000000000002,17,0.0,0.4090909090909091,0.45454545454545453
17690,30,20,6963.8,348.19,237,0.047619047619047616,0.16666666666666666,0.5194444444444445
17691,358,4,637.5500000000001,159.3875,37,0.2,0.0,0.4418604651162791
17692,127,12,2975.8,247.98333333333332,90,0.14285714285714285,0.1111111111111111,0.4567901234567901
17693,137,1,200.47,200.47,16,0.6666666666666666,0.0,0.4375
17694,142,3,1695.97,565.3233333333334,54,0.0,0.0,0.5308641975308642
17695,132,5,1746.04,349.20799999999997,46,0.16666666666666666,0.2786885245901639,0.39344262295081966
17696,38,27,7679.59,284.42925925925925,191,0.4375,0.07397260273972603,0.32054794520547947
17697,236,1,338.95,338.95,19,0.0,1.0,0.5263157894736842
17698,261,1,154.95,154.95,8,0.0,0.0,0.75
17699,477,2,442.0,221.0,17,0.0,0.0,0.47368421052631576
17700,17,14,6679.97,477.1407142857143,259,0.17647058823529413,0.0,0.3388888888888889
17701,253,1,417.95,417.95,24,0.0,0.0,0.5833333333333334
17702,30,6,3144.04,524.0066666666667,120,0.3333333333333333,0.1437908496732026,0.30718954248366015
17703,35,4,1094.84,273.71,63,0.0,0.5128205128205128,0.4358974358974359
17704,169,2,885.19,442.595,27,0.0,0.0,0.3870967741935484
17705,3,11,2083.9,189.44545454545457,74,0.08333333333333333,0.058333333333333334,0.475
17706,4,31,20272.15,653.9403225806452,408,0.27906976744186046,0.06241519674355495,0.3337856173677069
17707,185,8,609.3000000000001,76.16250000000001,9,0.1111111111111111,0.3333333333333333,0.4166666666666667
17708,188,4,884.1800000000001,221.04500000000002,57,0.0,0.1232876712328767,0.589041095890411
17709,170,5,671.01,134.202,37,0.0,0.175,0.475
17710,424,1,293.5,293.5,20,0.0,0.0,0.25
17711,11,2,385.1,192.55,22,0.0,0.0,0.34782608695652173
17712,45,1,522.91,522.91,29,0.0,0.0,0.4827586206896552
17713,382,4,1198.09,299.52250000000004,55,0.0,0.0,0.32894736842105265
17714,321,5,1410.18,282.036,69,0.4444444444444444,0.12345679012345678,0.3333333333333333
17715,201,2,489.59999999999997,244.79999999999998,1,0.0,0.0,1.0
17716,23,24,15956.97,664.87375,334,0.1111111111111111,0.026622296173044926,0.44093178036605657
17717,421,1,376.92,376.92,26,0.0,0.0,0.46153846153846156
17718,232,2,439.18,219.58999999999997,22,0.3333333333333333,0.0,0.34782608695652173
17719,38,15,5396.04,359.736,111,0.16666666666666666,0.05474452554744526,0.5875912408759124
17720,26,10,2666.91,266.691,81,0.16666666666666666,0.09848484848484848,0.48484848484848486
17721,659,1,307.21000000000004,307.21000000000004,11,0.0,0.0,0.2727272727272727
17722,96,5,3520.2200000000003,704.0440000000001,163,0.2857142857142857,0.1206896551724138,0.43103448275862066
17723,127,7,3378.4000000000005,482.6285714285715,6,0.0,0.0,0.6666666666666666
17724,71,3,1033.0,344.3333333333333,38,0.25,0.275,0.275
17725,16,11,3439.08,312.64363636363635,115,0.21428571428571427,0.17708333333333334,0.2760416666666667
17726,395,7,1092.06,156.00857142857146,52,0.125,0.0,0.359375
17727,15,1,1060.25,1060.25,66,0.5,0.0,0.45454545454545453
17728,4,5,4238.76,847.7520000000001,196,0.375,0.3237704918032787,0.5491803278688525
17729,596,1,438.65000000000003,438.65000000000003,23,0.0,0.0,0.4782608695652174
17730,3,20,7773.8,388.69,177,0.13043478260869565,0.054140127388535034,0.40445859872611467
17731,79,6,1708.99,284.83166666666665,82,0.14285714285714285,0.0707070707070707,0.2828282828282828
17732,373,8,2166.42,270.8025,90,0.2,0.0,0.4426229508196721
17733,39,2,692.19,346.095,33,0.0,0.0,0.42857142857142855
17734,54,6,1442.32,240.38666666666668,76,0.0,0.26744186046511625,0.3488372093023256
17735,2,26,16790.33,645.7819230769231,391,0.10344827586206896,0.07208237986270023,0.4416475972540046
17736,9,3,377.44,125.81333333333333,24,0.25,0.0,0.36
17737,9,2,168.24,84.12,8,0.0,0.0,0.3
17738,19,13,4183.56,321.8123076923076,173,0.13333333333333333,0.08695652173913043,0.40869565217391307
17739,12,18,7730.59,429.4772222222222,56,0.1,0.0,0.2953020134228188
17740,389,6,426.9,71.14999999999999,5,0.0,0.0,0.6666666666666666
17741,407,2,101.1,50.550000000000004,6,0.0,0.0,0.5
17742,113,11,2098.48,190.7709090909091,52,0.0,0.0,0.3764705882352941
17743,448,1,229.2,229.2,3,0.5,0.0,0.6666666666666666
17744,4,7,2649.14,378.4485714285714,121,0.125,0.07947019867549669,0.4370860927152318
17745,478,2,600.34,300.17,27,0.0,0.0,0.5
17746,240,4,904.1800000000001,226.04500000000002,32,0.42857142857142855,0.0,0.4722222222222222
17747,113,1,71.4,71.4,1,0.5,0.0,1.0
17748,527,1,358.15,358.15,17,0.0,0.0,0.4117647058823529
17749,178,3,1026.18,342.06,52,0.0,0.0,0.3508771929824561
17750,5,9,1710.45,190.05,101,0.0,0.14130434782608695,0.3641304347826087
17751,421,1,157.85999999999999,157.85999999999999,31,0.0,0.0,0.625
17752,359,1,80.64,80.64,1,0.0,0.0,1.0
17753,464,4,382.06,95.51499999999999,63,0.2,0.0,0.2753623188405797
17754,1,13,4451.22,342.4015384615385,185,0.1875,0.0,0.3094170403587444
17756,376,3,728.75,242.91666666666666,54,0.0,0.0,0.5119047619047619
17757,1,56,9074.05,162.03660714285712,362,0.06666666666666667,0.11933174224343675,0.6006364359586317
17758,19,12,4964.03,413.6691666666666,403,0.0,0.5132575757575758,0.3958333333333333
17759,17,5,1261.88,252.37600000000003,114,0.0,0.0,0.3533834586466165
17760,22,6,746.39,124.39833333333333,58,0.14285714285714285,0.22388059701492538,0.34328358208955223
17761,33,1,712.78,712.78,19,0.0,0.0,0.42105263157894735
17762,456,1,129.75,129.75,16,0.0,0.0,0.47058823529411764
17763,263,4,86.15,21.5375,11,0.2,0.0,0.2857142857142857
17764,51,5,1513.57,302.714,126,0.0,0.0,0.4429530201342282
17765,159,4,524.0,131.0,71,0.0,0.0,0.5432098765432098
17766,381,2,299.61,149.805,21,0.0,0.0,0.4090909090909091
17767,15,2,413.05,206.52499999999998,35,0.0,0.0,0.3333333333333333
17768,8,7,3292.73,470.39,134,0.125,0.41208791208791207,0.46153846153846156
17769,13,17,7053.38,414.90470588235297,330,0.19047619047619047,0.9159519725557461,0.4648370497427101
17770,199,5,1143.27,228.654,33,0.0,0.0,0.23684210526315788
17771,57,4,387.41,96.85249999999999,63,0.0,0.0,0.2898550724637681
17772,11,3,360.75,120.25,94,0.0,0.0,0.3854166666666667
17773,514,2,575.37,287.685,48,0.0,0.0,0.38181818181818183
17774,97,9,3273.83,363.75888888888886,286,0.3076923076923077,0.2972292191435768,0.345088161209068
17775,255,1,56.4,56.4,3,0.0,0.0,0.6666666666666666
17776,387,2,330.56,165.28,74,0.3333333333333333,0.0,0.325
17777,25,3,647.56,215.85333333333332,141,0.0,0.0,0.42105263157894735
17778,662,1,197.70000000000002,197.70000000000002,10,0.0,0.0,0.6
17779,21,3,650.32,216.7733333333333,73,0.4,0.0,0.37037037037037035
17780,667,3,346.56,115.52,76,0.0,0.34177215189873417,0.25316455696202533
17781,159,2,188.02,94.00999999999999,12,0.0,0.8333333333333334,0.6666666666666666
17782,383,2,679.02,339.51,29,0.0,0.0,0.7586206896551724
17783,72,3,376.96,125.65333333333332,91,0.0,0.0,0.45054945054945056
17784,550,1,112.86,112.86,19,0.0,0.0,0.2608695652173913
17785,53,3,403.38,134.46,48,0.0,0.3137254901960784,0.7843137254901961
17786,85,2,266.85,133.425,57,0.0,0.0,0.38235294117647056
17787,153,4,1817.54,454.385,94,0.0,0.1171875,0.3671875
17788,74,2,1117.9,558.95,3,0.0,0.0,0.8
17789,281,2,397.15,198.575,27,0.0,0.0,0.3793103448275862
17790,27,20,2779.41,138.9705,188,0.0,0.4503311258278146,0.347682119205298
17791,30,1,106.1,106.1,10,0.0,0.0,0.5
17792,467,2,368.35,184.175,45,0.0,0.5384615384615384,0.40384615384615385
17793,25,1,300.34,300.34,49,0.0,0.0,0.2692307692307692
17794,687,2,147.3,73.65,7,0.0,0.0,0.42857142857142855
17795,180,2,342.83,171.41500000000002,43,0.0,0.35555555555555557,0.3333333333333333
17796,40,7,1236.39,176.62714285714287,149,0.0,0.645320197044335,0.5566502463054187
17797,22,8,1971.87,246.48375000000001,222,0.0,0.0,0.42435424354243545
17798,582,1,178.07,178.07,43,0.0,0.0,0.4444444444444444
17799,22,20,6246.93,312.3465,478,0.13043478260869565,0.05088495575221239,0.3473451327433628
17800,37,9,1187.21,131.91222222222223,51,0.0,0.30097087378640774,0.47572815533980584
17801,451,3,770.03,256.6766666666667,66,0.25,0.5432098765432098,0.30864197530864196
17802,82,10,4946.22,494.622,283,0.375,0.8759541984732825,0.30725190839694655
17803,392,1,184.66,184.66,27,0.0,0.0,0.4074074074074074
17804,376,3,383.78000000000003,127.92666666666666,82,0.25,0.3076923076923077,0.4175824175824176
17805,74,2,927.03,463.515,10,0.0,0.0,0.45454545454545453
17806,11,1,546.04,546.04,43,0.0,0.0,0.3953488372093023
17807,395,3,437.87,145.95666666666668,88,0.0,0.2247191011235955,0.3146067415730337
17808,549,4,262.64,65.66,29,0.0,0.030303030303030304,0.3333333333333333
17809,16,20,10085.89,504.29449999999997,59,0.16666666666666666,0.0,0.4948453608247423
17810,669,2,373.16,186.57999999999998,51,0.3333333333333333,0.0,0.2727272727272727
17811,4,47,9519.8,202.54893617021278,538,0.21666666666666667,0.1675347222222222,0.4244791666666667
17812,13,7,911.99,130.28428571428572,162,0.0,0.4021164021164021,0.4126984126984127
17813,14,5,1698.07,339.614,297,0.2857142857142857,0.0,0.4224137931034483
17814,375,2,1609.37,804.685,112,0.0,0.0,0.45454545454545453
17815,393,1,591.96,591.96,13,0.0,0.0,1.0
17816,37,6,96.11,16.018333333333334,41,0.0,0.0,0.37777777777777777
17817,4,6,788.15,131.35833333333332,115,0.14285714285714285,0.0,0.40298507462686567
17818,738,1,124.78,124.78,42,0.0,0.0,0.23809523809523808
17819,72,12,6021.05,501.75416666666666,66,0.07692307692307693,0.21348314606741572,0.5393258426966292
17820,374,1,180.60999999999999,180.60999999999999,39,0.6666666666666666,0.0,0.6829268292682927
17821,406,1,334.62,334.62,6,0.0,0.0,0.5
17822,420,5,2162.93,432.58599999999996,152,0.0,0.0,0.33727810650887574
17823,421,2,449.25,224.625,88,0.0,0.0,0.34
17824,51,1,298.4,298.4,13,0.0,0.0,0.38461538461538464
17825,599,4,701.96,175.49,24,0.0,0.0,0.7407407407407407
17826,374,1,133.34,133.34,33,0.0,0.0,0.5151515151515151
17827,5,6,2376.17,396.02833333333336,240,0.14285714285714285,0.45195729537366547,0.33807829181494664
17830,2,3,398.7,132.9,18,0.0,0.0,0.34782608695652173
17831,33,1,35.400000000000006,35.400000000000006,2,0.0,1.0,1.0
17832,50,1,155.37,155.37,61,0.0,0.0,0.2786885245901639
17833,723,1,338.46000000000004,338.46000000000004,28,0.0,0.0,0.3225806451612903
17834,415,2,689.6700000000001,344.83500000000004,54,0.0,0.0,0.4482758620689655
17835,3,3,342.24,114.08,45,0.0,0.0,0.3898305084745763
17836,47,1,110.21000000000001,110.21000000000001,23,0.0,1.0,0.375
17837,42,8,1541.23,192.65375,110,0.2,0.16049382716049382,0.36419753086419754
17838,27,13,5604.64,431.1261538461539,141,0.13333333333333333,0.35826771653543305,0.33858267716535434
17839,42,1,318.15,318.15,50,0.0,0.0,0.6346153846153846
17840,444,1,175.9,175.9,44,0.0,0.0,0.6
17841,2,211,68545.25,324.8590047393365,2116,0.2698961937716263,0.1480498592681946,0.3441093687173301
17842,602,1,430.69,430.69,18,0.0,0.0,0.7222222222222222
17843,303,2,320.4,160.2,58,0.0,0.4032258064516129,0.16129032258064516
17845,555,4,596.09,149.02249999999998,42,0.0,0.0,0.5106382978723404
17846,85,1,2033.1,2033.1,1,0.0,0.0,1.0
17847,516,2,129.69,64.845,9,0.0,0.0,0.2222222222222222
17848,81,30,3559.11,118.637,105,0.03225806451612903,0.13333333333333333,0.3212121212121212
17849,218,8,1063.76,132.97,24,0.0,0.22,0.42
17850,372,155,51208.87,330.3798064516129,100,0.025157232704402517,0.12484993997599039,0.26250500200080035
17851,422,6,1552.35,258.72499999999997,185,0.0,0.15948275862068967,0.3577586206896552
17852,12,5,657.8100000000001,131.562,82,0.0,0.0,0.42592592592592593
17853,407,3,1596.29,532.0966666666667,84,0.0,0.0,0.23809523809523808
17854,185,6,1068.5,178.08333333333334,113,0.0,0.0,0.3474576271186441
17855,373,1,208.97,208.97,17,0.0,0.0,0.7058823529411765
17856,2,4,1418.03,354.5075,12,0.3333333333333333,0.13333333333333333,0.3333333333333333
17857,4,24,27347.04,1139.46,21,0.07692307692307693,0.0,0.5357142857142857
17858,6,30,12518.65,417.2883333333333,173,0.0625,0.6032171581769437,0.18498659517426275
17859,305,1,141.92000000000002,141.92000000000002,23,0.0,0.0,0.4782608695652174
17860,369,4,717.39,179.3475,127,0.0,0.0,0.2962962962962963
17861,3,18,5088.29,282.6827777777778,329,0.18181818181818182,0.0,0.41397849462365593
17862,324,4,1254.89,313.7225,90,0.0,0.0,0.47474747474747475
17863,59,12,5360.48,446.70666666666665,154,0.0,0.3058823529411765,0.5176470588235295
17864,13,5,876.57,175.314,93,0.0,0.44696969696969696,0.45454545454545453
17865,31,46,26312.190000000002,572.0041304347826,391,0.25806451612903225,0.039603960396039604,0.4178217821782178
17866,143,3,1134.95,378.31666666666666,20,0.25,0.0,0.34615384615384615
17867,30,15,1582.0500000000002,105.47,119,0.25,0.0,0.27692307692307694
17868,386,1,227.15,227.15,18,0.0,0.0,0.4444444444444444
17869,107,7,813.64,116.23428571428572,72,0.0,0.025,0.45
17870,2,13,2753.29,211.79153846153847,215,0.07142857142857142,0.0,0.34191176470588236
17871,205,5,1068.95,213.79000000000002,64,0.0,0.5060240963855421,0.26506024096385544
17872,382,1,235.87,235.87,15,0.0,0.0,0.5333333333333333
17873,80,18,6265.33,348.07388888888886,65,0.1,0.0,0.30952380952380953
17874,185,6,683.46,113.91000000000001,37,0.14285714285714285,0.0,0.32608695652173914
17875,688,1,167.1,167.1,25,0.0,0.0,0.34615384615384615
17876,400,3,3424.02,1141.34,3,0.0,0.0,0.5
17877,170,1,237.61,237.61,12,0.0,0.0,0.6666666666666666
17878,44,3,1378.93,459.6433333333334,82,0.0,0.0,0.5609756097560976
17879,174,1,178.51999999999998,178.51999999999998,6,0.0,1.0,0.3333333333333333
17880,365,3,824.9200000000001,274.97333333333336,43,0.0,0.0,0.5555555555555556
17881,304,1,133.35000000000002,133.35000000000002,8,0.0,0.0,0.5
17882,379,2,291.56,145.78,47,0.0,0.0,0.39622641509433965
17883,3,7,988.42,141.20285714285714,155,0.125,0.0,0.3872832369942196
17884,4,20,2698.47,134.9235,305,0.13043478260869565,0.0,0.4088669950738916
17885,12,1,156.34,156.34,50,0.0,1.0,0.37735849056603776
17886,32,6,1572.55,262.09166666666664,138,0.14285714285714285,0.0,0.4397590361445783
17887,129,1,111.35,111.35,10,0.0,0.0,0.7
17888,21,25,1807.44,72.2976,145,0.1935483870967742,0.0,0.34375
17889,212,7,746.42,106.63142857142857,97,0.0,0.0,0.3879310344827586
17890,323,2,586.89,293.445,88,0.0,0.0,0.34065934065934067
17891,162,1,203.85999999999999,203.85999999999999,34,0.0,0.0,0.6764705882352942
17892,56,3,244.1,81.36666666666666,27,0.0,0.0,0.35714285714285715
17893,225,1,107.21,107.21,15,0.0,0.0,0.5333333333333333
17894,72,18,2304.58,128.03222222222223,215,0.1,0.11194029850746269,0.39552238805970147
17895,44,1,95.45,95.45,15,0.0,0.0,0.5333333333333333
17896,23,1,256.32,256.32,2,0.0,0.0,0.5
17897,173,9,2099.89,233.3211111111111,211,0.1,0.0,0.4122137404580153
17898,85,4,299.18,74.795,48,0.0,0.0,0.4
17899,159,1,154.55,154.55,29,0.0,1.0,0.3870967741935484
17900,190,2,112.19999999999999,56.099999999999994,4,0.5,0.0,0.5
17901,29,3,260.08,86.69333333333333,22,0.0,0.0,0.5909090909090909
17902,547,1,216.39999999999998,216.39999999999998,24,0.0,0.0,0.4583333333333333
17903,394,1,381.09000000000003,381.09000000000003,44,0.0,0.0,0.4
17904,21,1,181.07,181.07,33,0.5,0.0,0.35294117647058826
17905,71,13,2178.87,167.6053846153846,129,0.07142857142857142,0.2876712328767123,0.3082191780821918
17906,247,1,72.9,72.9,12,0.0,0.0,0.5
17907,641,1,291.76,291.76,13,0.0,0.0,0.3076923076923077
17908,374,5,1142.47,228.494,178,0.2857142857142857,0.0,0.33653846153846156
17909,737,1,110.05,110.05,8,0.0,0.0,0.5
17910,726,1,261.7,261.7,25,0.0,1.0,0.4230769230769231
17911,9,1,366.23,366.23,39,0.0,0.0,0.38461538461538464
17912,310,6,374.55,62.425000000000004,48,0.14285714285714285,0.0,0.3333333333333333
17913,59,14,3429.29,244.9492857142857,224,0.0,0.2575107296137339,0.315450643776824
17914,4,1,329.36,329.36,72,0.0,0.0,0.4
17915,551,1,225.78,225.78,27,0.0,1.0,0.3793103448275862
17916,629,2,43.87,21.935000000000002,15,0.0,1.0,0.3684210526315789
17917,45,3,335.03,111.67666666666666,77,0.0,0.30434782608695654,0.3804347826086957
17918,501,3,396.39,132.13,34,0.0,0.0,0.275
17919,88,2,1840.32,920.16,37,0.0,0.0,0.825
17920,4,54,23581.78,436.6996296296296,715,0.03571428571428571,0.43597560975609756,0.3676829268292683
17921,64,10,2394.36,239.436,230,0.16666666666666666,0.18055555555555555,0.39166666666666666
17922,543,1,170.4,170.4,8,0.0,0.0,0.25
17923,282,3,497.0,165.66666666666666,2,0.0,0.3333333333333333,0.6666666666666666
17924,12,8,3257.7000000000003,407.21250000000003,27,0.42857142857142855,0.0,0.42424242424242425
17925,373,1,244.08,244.08,1,0.0,0.0,1.0
17926,133,5,1035.49,207.098,27,0.0,0.18181818181818182,0.5909090909090909
17927,722,1,294.0,294.0,10,0.0,0.0,0.5
17928,45,3,341.24,113.74666666666667,27,0.0,0.0,0.5185185185185185
17929,11,12,3082.1,256.84166666666664,6,0.07692307692307693,0.06666666666666667,0.5333333333333333
17930,36,13,4275.22,328.86307692307696,39,0.13333333333333333,0.0,0.45977011494252873
17931,134,14,3402.24,243.01714285714283,274,0.2222222222222222,0.2535612535612536,0.37037037037037035
17932,29,3,1331.57,443.8566666666666,84,0.0,0.24444444444444444,0.5222222222222223
17933,632,1,114.69,114.69,12,0.0,0.0,0.5714285714285714
17934,52,3,1049.15,349.7166666666667,36,0.0,0.0,0.5853658536585366
17935,138,7,686.14,98.02,60,0.125,0.03125,0.578125
17936,5,1,380.13,380.13,68,0.0,1.0,0.5
17937,9,7,4301.22,614.46,19,0.0,0.46511627906976744,0.4883720930232558
17938,420,1,144.29,144.29,29,0.0,0.0,0.3103448275862069
17939,160,1,99.14,99.14,12,0.0,1.0,0.4166666666666667
17940,49,16,30306.79,1894.174375,11,0.2727272727272727,0.0,0.7142857142857143
17941,131,4,1433.28,358.32,5,0.0,0.0,0.7142857142857143
17942,8,1,77.50000000000001,77.50000000000001,2,0.0,0.0,0.5
17944,423,1,74.99,74.99,24,0.0,0.0,0.4
17945,697,3,360.35,120.11666666666667,66,0.0,0.0,0.3611111111111111
17946,233,2,149.57999999999998,74.78999999999999,18,0.0,0.0,0.4
17947,37,1,176.68,176.68,9,0.0,0.0,0.4444444444444444
17948,147,1,358.56000000000006,358.56000000000006,1,0.0,0.0,1.0
17949,1,118,117314.08,994.1871186440678,58,0.14492753623188406,0.0,0.5769230769230769
17950,72,7,1166.29,166.61285714285714,133,0.125,0.14545454545454545,0.42424242424242425
17951,40,4,1340.5800000000002,335.14500000000004,24,0.2,0.2857142857142857,0.6785714285714286
17952,378,4,788.46,197.115,85,0.0,0.0,0.4387755102040816
17953,540,1,159.17000000000002,159.17000000000002,20,0.0,0.0,0.25
17954,5,19,3804.38,200.2305263157895,479,0.2692307692307692,0.23553162853297444,0.3283983849259758
17955,199,6,949.9,158.31666666666666,16,0.0,0.0,0.45454545454545453
17956,249,1,12.75,12.75,1,0.0,0.0,1.0
17957,66,1,111.68,111.68,31,0.0,0.0,0.3548387096774194
17958,117,2,973.88,486.93999999999994,35,0.0,0.0,0.3055555555555556
17959,592,1,140.75,140.75,2,0.0,0.0,0.5
17960,171,3,135.08,45.02666666666667,37,0.0,0.0,0.5135135135135135
17961,21,100,2866.74,28.667399999999997,486,0.0196078431372549,0.03492063492063492,0.31746031746031744
17962,142,4,666.96,166.74,146,0.2,0.0,0.2568306010928962
17963,471,4,643.16,160.79,98,0.0,0.0,0.41284403669724773
17964,32,2,463.21,231.605,84,0.0,0.0,0.3673469387755102
17965,38,29,7006.65,241.60862068965517,588,0.12121212121212122,0.008567931456548347,0.37209302325581395
17966,38,10,1963.92,196.392,82,0.0,0.0,0.3893805309734513
17967,372,2,223.42,111.71,59,0.0,0.0,0.4918032786885246
17968,374,4,590.4399999999999,147.61,106,0.0,0.0,0.5
17969,166,20,2354.29,117.7145,113,0.25925925925925924,0.5637254901960784,0.24509803921568626
17970,211,1,562.79,562.79,27,0.0,0.0,0.4482758620689655
17971,548,1,161.94,161.94,21,0.0,0.0,0.3333333333333333
17972,242,1,135.19,135.19,30,0.0,0.0,0.4
17973,52,1,337.04,337.04,15,0.0,0.0,0.5333333333333333
17974,25,6,1739.09,289.8483333333333,279,0.0,0.0,0.4155124653739612
17975,15,24,6696.33,279.01375,243,0.07692307692307693,0.03862660944206009,0.3605150214592275
17976,372,1,321.79,321.79,56,0.0,0.0,0.3508771929824561
17977,29,2,1511.45,755.7249999999999,94,0.3333333333333333,0.0,0.27884615384615385
17978,365,4,1159.99,289.99749999999995,62,0.0,0.0,0.373134328358209
17979,36,4,732.41,183.10250000000002,116,0.2,0.0,0.32608695652173914
17980,166,4,1012.72,253.18,41,0.0,0.0,0.4098360655737705
17981,411,1,239.12,239.12,17,0.0,0.0,0.9411764705882353
17982,681,1,138.18,138.18,13,0.0,0.0,0.38461538461538464
17983,395,1,171.71,171.71,23,0.0,0.0,0.7083333333333334
17984,145,5,1152.19,230.43800000000002,209,0.0,0.4462809917355372,0.359504132231405
17985,22,1,631.35,631.35,20,0.0,0.0,0.6190476190476191
17986,56,1,20.8,20.8,1,0.0,0.0,1.0
17987,185,5,965.4399999999999,193.08800000000002,139,0.16666666666666666,0.17682926829268292,0.3475609756097561
17988,12,14,489.54,34.96714285714285,115,0.06666666666666667,0.08943089430894309,0.3008130081300813
17989,379,1,207.32999999999998,207.32999999999998,26,0.0,0.0,0.4482758620689655
17990,237,6,1527.6100000000001,254.6016666666667,40,0.14285714285714285,0.2982456140350877,0.49122807017543857
17991,225,3,300.3,100.10000000000001,37,0.0,0.0,0.5
17992,389,1,252.88,252.88,49,0.0,0.0,0.5
17993,617,1,225.99,225.99,60,0.0,0.0,0.25
17994,122,11,2270.0299999999997,206.36636363636364,227,0.21428571428571427,0.0,0.37254901960784315
17995,282,3,495.48,165.16,28,0.0,0.0,0.4482758620689655
17996,380,3,482.33,160.77666666666667,63,0.0,0.0,0.3880597014925373
17997,74,8,1962.46,245.3075,133,0.3333333333333333,0.16463414634146342,0.34146341463414637
17998,380,3,639.24,213.08,57,0.25,0.0,0.29310344827586204
17999,37,3,528.46,176.15333333333334,125,0.0,0.0,0.291044776119403
18000,564,1,124.25,124.25,6,0.0,0.0,0.3333333333333333
18001,12,6,924.14,154.02333333333334,120,0.0,0.12121212121212122,0.3181818181818182
18002,376,4,244.37,61.0925,52,0.0,0.0,0.33962264150943394
18003,376,1,353.51,353.51,23,0.0,1.0,0.43478260869565216
18004,362,1,157.92,157.92,32,0.0,1.0,0.4594594594594595
18005,4,2,226.47,113.235,52,0.0,0.39622641509433965,0.37735849056603776
18006,23,4,969.51,242.3775,57,0.0,0.0,0.3968253968253968
18007,393,1,215.22,215.22,46,0.0,0.0,0.5
18008,70,23,19759.079999999998,859.0904347826087,77,0.0,0.0,0.38144329896907214
18009,235,8,2144.23,268.02875,145,0.42857142857142855,0.0,0.2681564245810056
18010,257,1,174.8,174.8,14,0.0,0.0,0.5714285714285714
18011,373,2,410.79,205.39499999999998,63,0.0,0.0,0.4126984126984127
18012,723,1,115.3,115.3,13,0.0,0.0,0.38461538461538464
18013,155,2,187.29,93.64500000000001,31,0.0,0.0,0.3548387096774194
18014,28,1,162.22,162.22,29,0.0,0.0,0.4666666666666667
18015,4,1,120.03,120.03,46,0.0,0.0,0.32608695652173914
18016,32,7,1954.56,279.22285714285715,115,0.0,0.0,0.5088757396449705
18017,81,4,688.0,172.0,1,0.0,0.0,1.0
18018,108,4,297.99,74.4975,43,0.2,0.0,0.4318181818181818
18019,52,1,38.45,38.45,5,0.0,0.0,0.6
18020,544,1,190.48000000000002,190.48000000000002,12,0.5,0.0,0.5
18021,510,2,216.41,108.205,32,0.0,0.53125,0.375
18022,36,5,1507.25,301.45,306,0.0,0.0,0.45176470588235296
18024,153,2,389.78,194.89,21,0.3333333333333333,1.0,0.5238095238095238
18025,380,6,1177.72,196.28666666666666,83,0.0,0.0,0.5357142857142857
18026,501,2,2074.07,1037.035,12,0.0,0.0,0.5294117647058824
18027,99,1,115.31,115.31,21,0.0,0.0,0.7619047619047619
18028,583,1,192.05,192.05,4,0.0,0.0,0.5
18029,642,1,433.77,433.77,18,0.0,1.0,0.4444444444444444
18030,4,2,230.64999999999998,115.32499999999999,8,0.3333333333333333,0.0,0.5555555555555556
18031,379,1,451.3,451.3,49,0.0,0.0,0.5714285714285714
18032,334,1,73.5,73.5,5,0.0,1.0,0.4
18033,65,1,93.82000000000001,93.82000000000001,32,0.0,0.0,0.24242424242424243
18034,22,3,754.2,251.39999999999998,182,0.0,0.0,0.3925233644859813
18035,36,5,1260.23,252.046,52,0.0,0.0,0.3157894736842105
18036,32,11,1545.49,140.4990909090909,221,0.0,0.0,0.30368098159509205
18037,154,15,167.42,11.161333333333333,31,0.0,0.21212121212121213,0.5151515151515151
18038,556,1,141.48,141.48,25,0.0,0.0,0.4074074074074074
18039,374,4,548.22,137.055,137,0.0,0.27848101265822783,0.35443037974683544
18040,19,2,357.20000000000005,178.6,18,0.0,0.3684210526315789,0.5263157894736842
18041,12,38,8018.7699999999995,211.02026315789473,464,0.05,0.0889423076923077,0.39663461538461536
18042,54,2,281.15,140.575,13,0.0,0.0,0.5625
18043,25,3,529.29,176.43000000000004,106,0.0,0.0,0.5217391304347826
18044,4,18,3505.61,194.75611111111112,128,0.05263157894736842,0.07,0.66
18045,45,1,178.34,178.34,43,0.0,0.0,0.4418604651162791
18046,650,1,189.63,189.63,26,0.0,1.0,0.2692307692307692
18047,381,2,326.09,163.04500000000002,74,0.0,0.0,0.6867469879518072
18048,203,3,394.93,131.64333333333335,56,0.0,0.0,0.4067796610169492
18049,437,2,500.92,250.46,82,0.0,0.0,0.3333333333333333
18050,359,2,412.06,206.03000000000003,22,0.0,0.0,0.5652173913043478
18051,634,7,2282.28,326.03999999999996,41,0.125,0.14545454545454545,0.4
18052,565,1,10877.18,10877.18,16,0.0,0.0,0.5625
18053,71,3,571.07,190.35666666666665,29,0.5,0.0,0.5625
18054,393,1,176.5,176.5,11,0.0,0.0,0.36363636363636365
18055,7,14,10142.64,724.4742857142857,320,0.06666666666666667,0.03564727954971857,0.3921200750469043
18056,288,2,554.6,277.29999999999995,28,0.3333333333333333,0.0,0.5333333333333333
18057,393,3,1188.46,396.15333333333336,121,0.0,0.0,0.3208955223880597
18058,10,3,774.06,258.02,12,0.0,0.0,0.25
18059,23,3,306.46,102.15333333333332,17,0.25,0.0,0.4444444444444444
18060,408,2,1185.46,592.73,74,0.0,0.0,0.4266666666666667
18061,22,28,6083.81,217.2789285714286,30,0.034482758620689655,0.05737704918032787,0.4918032786885246
18062,173,6,1632.67,272.1116666666667,46,0.3333333333333333,0.12962962962962962,0.4074074074074074
18063,391,2,186.60000000000002,93.30000000000001,2,0.0,0.6666666666666666,1.0
18064,133,11,4481.83,407.4390909090909,53,0.26666666666666666,0.4375,0.28125
18065,6,29,5866.63,202.29758620689657,193,0.09375,0.16129032258064516,0.42258064516129035
18066,75,3,1440.4,480.1333333333334,37,0.0,0.18867924528301888,0.8490566037735849
18067,40,1,396.33,396.33,36,0.0,1.0,0.32432432432432434
18068,289,1,101.69999999999999,101.69999999999999,1,0.0,0.0,1.0
18069,26,11,4464.92,405.9018181818182,602,0.15384615384615385,0.6020618556701031,0.33505154639175255
18070,669,1,314.1,314.1,9,0.5,0.0,0.5555555555555556
18071,258,6,1169.68,194.9466666666667,52,0.0,0.352112676056338,0.4647887323943662
18072,186,1,247.44,247.44,18,0.5,0.0,0.2777777777777778
18073,114,12,3859.82,321.6516666666667,23,0.07692307692307693,0.0,0.375
18074,374,2,1019.44,509.72,37,0.0,0.0,0.4418604651162791
18075,23,20,5783.29,289.1645,180,0.3548387096774194,0.0,0.4086687306501548
18076,380,1,151.49,151.49,8,0.0,0.0,0.625
18077,8,18,4078.79,226.59944444444443,141,0.0,0.47875354107648727,0.49575070821529743
18078,217,4,725.53,181.3825,65,0.0,0.6027397260273972,0.3150684931506849
18079,45,5,4203.93,840.7860000000001,107,0.0,0.0,0.5073529411764706
18080,19,2,1231.5,615.75,2,0.0,0.0,0.5
18081,36,3,343.45,114.48333333333335,14,0.0,0.0,0.5294117647058824
18082,26,1,680.84,680.84,62,0.0,0.0,0.4
18083,398,1,463.53,463.53,36,0.0,1.0,0.75
18084,16,3,795.2299999999999,265.07666666666665,7,0.4,0.5714285714285714,0.7142857142857143
18085,330,4,1341.8500000000001,335.4625,42,0.0,0.20967741935483872,0.7096774193548387
18086,274,1,101.34,101.34,7,0.0,0.0,0.42857142857142855
18087,98,17,14761.519999999999,868.324705882353,44,0.19047619047619047,0.0,0.5
18088,61,1,166.03,166.03,35,0.0,1.0,0.35135135135135137
18089,447,1,428.45,428.45,9,0.0,1.0,0.5
18090,422,1,321.9,321.9,47,0.0,0.0,0.3888888888888889
18091,593,1,360.85,360.85,25,0.0,1.0,0.52
18092,2,18,14693.72,816.3177777777778,42,0.1,0.0,0.4
18093,93,8,4452.71,556.58875,43,0.1111111111111111,0.0,0.6721311475409836
18094,82,13,6391.52,491.6553846153846,55,0.13333333333333333,0.2698412698412698,0.3888888888888889
18095,312,5,2303.09,460.61800000000005,37,0.0,0.0,0.625
18096,12,6,1657.87,276.31166666666667,299,0.0,0.0,0.30434782608695654
18097,8,11,4627.92,420.72,86,0.21428571428571427,0.07692307692307693,0.3076923076923077
18098,396,1,527.94,527.94,85,0.0,0.0,0.5
18099,127,1,168.31,168.31,19,0.0,0.0,0.42105263157894735
18100,550,1,451.56,451.56,30,0.0,0.0,0.5666666666666667
18101,11,5,622.01,124.402,89,0.0,0.0,0.1926605504587156
18102,1,145,580987.04,4006.8071724137935,382,0.05228758169934641,0.016346153846153847,0.3384615384615385
18103,549,1,105.8,105.8,10,0.0,0.0,0.3
18104,37,1,754.64,754.64,38,0.0,0.0,0.39473684210526316
18105,38,1,113.48000000000002,113.48000000000002,18,0.0,0.0,0.4444444444444444
18106,330,6,1441.06,240.17666666666665,126,0.0,0.18848167539267016,0.3403141361256545
18107,442,1,165.88,165.88,38,0.0,0.0,0.5263157894736842
18108,254,3,848.8100000000001,282.93666666666667,43,0.25,0.0,0.2765957446808511
18109,2,38,9555.71,251.46605263157892,203,0.15555555555555556,0.22018348623853212,0.43577981651376146
18110,20,2,392.28000000000003,196.14000000000001,58,0.3333333333333333,1.0,0.5138888888888888
18111,589,1,405.85,405.85,27,0.5,0.0,0.37037037037037035
18112,12,4,773.36,193.34,59,0.0,1.0,0.5967741935483871
18113,369,1,76.32000000000001,76.32000000000001,1,0.0,0.0,1.0
18114,290,1,220.1,220.1,28,0.0,0.0,0.39285714285714285
18115,698,1,9.700000000000001,9.700000000000001,3,0.0,0.0,0.6666666666666666
18116,68,13,2134.4900000000002,164.19153846153844,311,0.0,0.3776595744680851,0.34397163120567376
18117,26,1,315.65,315.65,68,0.0,0.0,0.4305555555555556
18118,11,29,6221.02,214.51793103448279,444,0.17142857142857143,0.15594405594405594,0.42097902097902096
18119,368,1,180.7,180.7,29,0.0,0.0,0.4482758620689655
18120,214,1,111.15,111.15,17,0.0,0.0,0.47058823529411764
18121,149,2,653.3,326.65,28,0.0,0.0,0.3870967741935484
18122,8,6,1793.06,298.8433333333333,239,0.0,0.18207282913165265,0.3697478991596639
18123,24,3,666.64,222.21333333333328,53,0.0,0.0,0.23214285714285715
18124,472,1,102.65,102.65,20,0.0,0.0,0.45
18125,30,4,1131.75,282.9375,164,0.2,0.24479166666666666,0.3333333333333333
18126,61,1,200.92000000000002,200.92000000000002,52,0.0,0.0,0.4230769230769231
18127,19,4,556.13,139.0325,56,0.0,0.5671641791044776,0.3283582089552239
18128,537,1,399.29,399.29,42,0.0,1.0,0.3333333333333333
18129,243,1,112.55000000000001,112.55000000000001,13,0.0,1.0,0.5
18130,15,3,1059.39,353.12999999999994,58,0.25,0.0,0.5285714285714286
18131,632,1,222.95999999999998,222.95999999999998,4,0.0,0.0,0.5
18132,504,1,220.13,220.13,60,0.0,0.0,0.532258064516129
18133,212,1,931.4999999999999,931.4999999999999,1,0.5,0.0,1.0
18134,598,2,445.0,222.5,27,0.0,0.0,0.39285714285714285
18135,29,10,1249.6200000000001,124.96200000000002,23,0.23076923076923078,0.0,0.4594594594594595
18136,63,5,1631.3600000000001,326.27200000000005,77,0.4444444444444444,0.0,0.4772727272727273
18137,551,2,145.99,72.995,26,0.0,1.0,0.4482758620689655
18138,295,1,152.65,152.65,8,0.0,0.0,0.25
18139,18,6,8438.34,1406.39,35,0.25,0.0,0.389937106918239
18141,402,2,882.47,441.235,38,0.5,0.0,0.4523809523809524
18142,157,2,1019.52,509.76,9,0.5,0.6,0.5333333333333333
18143,117,2,1000.16,500.08000000000004,59,0.0,0.0,0.39344262295081966
18144,8,19,4892.95,257.5236842105263,51,0.0,0.0,0.25
18145,13,11,5609.74,509.9763636363636,250,0.08333333333333333,0.20398009950248755,0.44776119402985076
18146,141,2,160.35000000000002,80.17500000000001,10,0.0,0.0,0.4
18147,46,2,179.33999999999997,89.66999999999999,7,0.0,0.0,0.2857142857142857
18148,647,1,112.85000000000001,112.85000000000001,9,0.0,0.0,0.5
18149,51,7,1553.96,221.99428571428572,54,0.0,0.8791208791208791,0.2857142857142857
18150,32,3,566.58,188.86,29,0.0,0.3783783783783784,0.6756756756756757
18151,135,6,1879.44,313.24,99,0.14285714285714285,0.009433962264150943,0.4056603773584906
18152,646,1,426.69,426.69,10,0.0,0.0,0.9
18153,659,1,246.22,246.22,17,0.0,0.0,0.29411764705882354
18154,3,5,932.6,186.51999999999998,34,0.0,0.10638297872340426,0.6170212765957447
18155,75,3,371.62,123.87333333333333,19,0.25,0.24,0.48
18156,13,2,675.64,337.82,100,0.0,1.0,0.45901639344262296
18157,571,1,213.9,213.9,25,0.0,0.0,0.44
18158,9,2,453.4,226.7,24,0.3333333333333333,0.0,0.35294117647058826
18159,301,1,530.15,530.15,23,0.0,0.0,0.9565217391304348
18160,57,3,1003.88,334.62666666666667,56,0.0,0.0,0.3076923076923077
18161,15,6,1803.1000000000001,300.51666666666665,57,0.14285714285714285,0.0,0.46236559139784944
18162,732,1,371.51,371.51,45,0.0,0.0,0.41304347826086957
18163,584,1,728.84,728.84,33,0.5,0.0,0.3939393939393939
18164,37,1,399.65000000000003,399.65000000000003,24,0.5,0.0,0.375
18165,177,1,302.46000000000004,302.46000000000004,10,0.0,0.0,0.4
18166,624,1,175.5,175.5,10,0.0,0.0,0.9
18167,23,3,1384.8600000000001,461.62000000000006,24,0.5,0.0,0.40540540540540543
18168,176,16,3435.5,214.71875,209,0.2727272727272727,0.08264462809917356,0.4297520661157025
18169,61,1,202.65,202.65,9,0.0,0.0,0.4444444444444444
18170,33,9,2878.0,319.77777777777777,59,0.0,0.06349206349206349,0.2698412698412698
18171,59,9,2437.31,270.8122222222222,76,0.18181818181818182,0.0,0.2826086956521739
18172,15,52,17467.24,335.90846153846155,176,0.1746031746031746,0.0863157894736842,0.5410526315789473
18173,87,5,2696.36,539.272,34,0.0,0.0,0.5555555555555556
18174,7,2,162.5,81.25,1,0.0,0.0,1.0
18175,676,1,176.1,176.1,7,0.0,0.0,0.2857142857142857
18176,358,1,476.35,476.35,30,0.5,0.0,0.3333333333333333
18177,31,9,2216.32,246.2577777777778,66,0.1,0.09090909090909091,0.25252525252525254
18178,129,11,6103.74,554.8854545454546,204,0.26666666666666666,0.12,0.44571428571428573
18179,9,8,2547.55,318.44375,101,0.0,0.1651376146788991,0.42201834862385323
18180,5,6,1843.75,307.2916666666667,108,0.0,0.0,0.42857142857142855
18181,24,5,1188.34,237.66800000000003,139,0.2857142857142857,0.0,0.2808988764044944
18182,463,1,291.13,291.13,10,0.0,0.0,0.7
18183,227,2,632.07,316.035,36,0.6666666666666666,0.0,0.35135135135135137
18184,15,1,49.8,49.8,1,0.0,0.0,1.0
18185,249,1,304.25,304.25,17,0.0,0.0,0.5294117647058824
18186,723,1,329.58,329.58,11,0.0,0.0,0.2727272727272727
18187,632,1,724.89,724.89,48,0.6666666666666666,0.0,0.4375
18188,15,6,3280.59,546.765,95,0.25,0.0,0.5112781954887218
18189,78,3,1403.73,467.91,79,0.4,0.0,0.4069767441860465
18190,192,5,745.62,149.124,34,0.16666666666666666,0.0,0.40476190476190477
18191,262,2,529.4,264.7,15,0.0,0.0,0.26666666666666666
18192,72,1,957.97,957.97,45,0.0,0.0,0.4888888888888889
18193,165,3,1207.35,402.45,66,0.4,0.0,0.5
18194,82,6,4162.04,693.6733333333333,23,0.14285714285714285,0.25,0.2857142857142857
18195,387,1,101.16,101.16,5,0.0,0.0,0.6
18196,95,4,1457.19,364.2975,210,0.0,0.0,0.3971119133574007
18197,576,1,230.1,230.1,9,0.5,0.0,0.5555555555555556
18198,4,17,5425.56,319.15058823529415,81,0.19047619047619047,0.012578616352201259,0.4968553459119497
18199,684,1,344.75,344.75,20,0.5,0.0,0.2
18200,106,1,150.35,150.35,29,0.0,0.0,0.4
18201,723,1,447.53000000000003,447.53000000000003,27,0.0,0.0,0.3333333333333333
18202,200,3,1396.99,465.66333333333336,55,0.0,0.0,0.5882352941176471
18203,157,4,492.52,123.13,40,0.0,0.0,0.4576271186440678
18204,71,3,1975.35,658.4499999999999,159,0.25,0.0,0.4322916666666667
18205,36,2,517.36,258.68,30,0.0,0.0,0.53125
18206,553,1,314.65999999999997,314.65999999999997,19,0.0,0.0,0.7368421052631579
18207,499,1,544.47,544.47,31,0.6666666666666666,0.0,0.2903225806451613
18208,566,1,360.08,360.08,17,0.0,1.0,0.5882352941176471
18209,29,1,139.10000000000002,139.10000000000002,8,0.0,0.0,0.25
18210,2,7,2768.83,395.54714285714283,116,0.0,0.0,0.4097222222222222
18211,26,5,600.07,120.01400000000001,37,0.0,0.19047619047619047,0.40476190476190477
18212,326,2,514.37,257.185,40,0.0,0.2608695652173913,0.391304347826087
18213,237,1,232.48000000000002,232.48000000000002,15,0.0,1.0,0.26666666666666666
18214,531,4,1780.34,445.085,38,0.2,0.05172413793103448,0.25862068965517243
18215,89,5,2232.4900000000002,446.49800000000005,53,0.16666666666666666,0.14606741573033707,0.42696629213483145
18216,31,1,481.75,481.75,26,0.0,0.0,0.46153846153846156
18217,29,4,945.04,236.26000000000002,33,0.3333333333333333,0.0,0.35
18218,211,4,1121.84,280.46,25,0.3333333333333333,0.0,0.3157894736842105
18219,3,17,3352.7000000000003,197.21764705882353,87,0.10526315789473684,0.0,0.3894736842105263
18220,227,6,1921.76,320.29333333333335,17,0.45454545454545453,0.0,0.52
18221,22,6,1424.94,237.49,71,0.25,0.23809523809523808,0.32142857142857145
18222,93,1,443.0,443.0,19,0.0,0.0,0.631578947368421
18223,5,26,14000.85,538.4942307692307,192,0.5,0.03993055555555555,0.3784722222222222
18224,264,1,158.95000000000002,158.95000000000002,10,0.0,0.0,0.5
18225,3,26,13014.8,500.5692307692308,266,0.23529411764705882,0.03671328671328671,0.36538461538461536
18226,44,26,11878.88,456.88,299,0.3157894736842105,0.14393939393939395,0.32954545454545453
18227,218,2,388.75,194.375,6,0.3333333333333333,0.0,0.6666666666666666
18228,57,2,779.9,389.95,23,0.3333333333333333,0.0,0.5
18229,12,28,10150.51,362.5182142857143,73,0.0,0.15422885572139303,0.5223880597014925
18230,9,9,4291.06,476.7844444444445,42,0.25,0.07142857142857142,0.5571428571428572
18231,192,28,6854.17,244.7917857142857,218,0.06666666666666667,0.15404699738903394,0.4255874673629243
18232,82,4,592.97,148.2425,31,0.2,0.0,0.5945945945945946
18233,326,1,440.0,440.0,1,0.0,0.0,1.0
18234,552,1,179.6,179.6,30,0.0,1.0,0.43333333333333335
18235,72,3,1796.48,598.8266666666667,100,0.0,0.0,0.4423076923076923
18236,30,12,1795.3500000000001,149.6125,80,0.0,0.10204081632653061,0.3877551020408163
18237,3,5,987.1,197.42,40,0.0,0.0,0.4098360655737705
18238,515,1,270.92,270.92,14,0.0,0.0,0.5714285714285714
18239,219,6,1712.26,285.37666666666667,85,0.0,0.0,0.5208333333333334
18240,46,1,422.58,422.58,6,0.0,0.0,0.5
18241,10,21,2986.9900000000002,142.23761904761906,101,0.08695652173913043,0.0,0.4276729559748428
18242,72,8,3605.21,450.65125,113,0.0,0.0,0.2714285714285714
18243,414,1,515.78,515.78,26,0.0,0.0,0.46153846153846156
18244,431,2,568.64,284.32,19,0.0,0.15789473684210525,0.5263157894736842
18245,7,20,6324.9800000000005,316.249,336,0.13043478260869565,0.13973799126637554,0.5021834061135371
18246,24,3,758.8199999999999,252.93999999999997,3,0.0,0.0,0.4
18247,415,3,839.73,279.91,28,0.5,0.0,0.5675675675675675
18248,123,2,804.02,402.01,39,0.5,0.0,0.48936170212765956
18249,17,1,95.34,95.34,8,0.0,0.0,0.5
18250,310,1,349.27,349.27,21,0.5,0.0,0.7142857142857143
18251,87,9,26278.86,2919.8733333333334,87,0.0,0.0,0.3425925925925926
18252,51,7,1533.69,219.09857142857143,125,0.125,0.0,0.23134328358208955
18253,643,1,317.88,317.88,7,0.0,1.0,0.2857142857142857
18254,581,1,267.9,267.9,16,0.0,0.0,0.4375
18255,89,2,303.15,151.575,16,0.0,0.3157894736842105,0.3684210526315789
18256,388,1,110.7,110.7,10,0.5,0.0,0.7
18257,39,12,4600.15,383.3458333333333,219,0.3333333333333333,0.2318840579710145,0.4891304347826087
18258,464,6,2059.67,343.27833333333336,30,0.25,0.44,0.44
18259,25,7,3941.9,563.1285714285715,51,0.0,0.0,0.6941176470588235
18260,173,23,9947.26,432.4895652173913,212,0.28125,0.25609756097560976,0.44634146341463415
18261,43,2,324.24,162.12,19,0.0,0.0,0.8571428571428571
18262,140,3,577.54,192.51333333333332,40,0.0,0.0,0.38095238095238093
18263,26,3,1213.1599999999999,404.3866666666666,59,0.25,0.0,0.21311475409836064
18264,499,1,603.25,603.25,36,0.0,0.0,0.5277777777777778
18265,72,2,801.51,400.755,44,0.0,0.0,0.3695652173913043
18266,434,1,251.1,251.1,14,0.0,0.0,0.7857142857142857
18267,673,1,269.37,269.37,17,0.5,0.0,0.47058823529411764
18268,134,6,1490.23,248.37166666666667,36,0.25,0.0,0.2835820895522388
18269,366,1,168.6,168.6,7,0.5,0.0,0.8571428571428571
18270,38,3,444.55,148.18333333333334,17,0.25,0.35294117647058826,0.29411764705882354
18271,610,2,680.85,340.425,19,0.0,0.0,0.3333333333333333
18272,3,9,4385.9800000000005,487.33111111111106,145,0.18181818181818182,0.0,0.3893805309734513
18273,2,4,357.0,89.25,1,0.0,0.25,1.0
18274,30,1,175.92,175.92,11,0.5,0.0,0.36363636363636365
18275,578,2,741.85,370.925,19,0.0,0.0,0.47368421052631576
18276,44,6,1656.52,276.08666666666664,81,0.4,0.0,0.39361702127659576
18277,58,5,1180.05,236.01,53,0.375,0.296875,0.328125
18278,74,2,414.20000000000005,207.10000000000002,22,0.0,0.625,0.5
18279,519,1,231.33999999999997,231.33999999999997,13,0.0,0.0,0.5384615384615384
18280,278,2,488.15000000000003,244.07500000000002,28,0.3333333333333333,0.0,0.7666666666666667
18281,181,2,201.14,100.57,17,0.0,0.4117647058823529,0.5294117647058824
18282,8,2,178.05,89.025,12,0.3333333333333333,0.0,0.4166666666666667
18283,4,22,2664.9,121.13181818181819,352,0.0,0.10554371002132196,0.36353944562899787
18284,432,1,461.68,461.68,28,0.5,0.0,0.42857142857142855
18285,661,1,427.0,427.0,12,0.0,0.0,0.3333333333333333
18286,477,2,1296.43,648.215,67,0.3333333333333333,0.0,0.3582089552238806
18287,43,7,4182.99,597.5699999999999,120,0.125,0.1870967741935484,0.43870967741935485
