recency,frequency,monetary,avg_basket,product_diversity,return_rate,weekend_ratio,repeat_category_rate,CustomerID
0.956888812566917,0.0,0.2972068898412532,0.5829620600589973,0.4847432115081472,0.0,0.0,0.25729166666666664,15908
0.2963044763173342,0.09814502102244904,0.21313341716802792,0.30244467850182444,0.7089985723369723,0.0,0.0,0.18568840579710144,13428
0.5882452599301117,0.0,0.2665729973024855,0.5285348608031313,0.3970088792749929,0.6605504587155963,0.0,0.213768115942029,14537
0.40869558228073843,0.41074487257398257,0.5087142877425466,0.47081236360760226,0.6911120541096665,0.4954128440366972,0.6554054054054054,0.1447072072072072,13118
0.07047441617323603,0.09814502102244904,0.39442510646962314,0.6241561883841682,0.7089985723369723,0.0,0.0,0.23333333333333334,15471
0.3253403633778068,0.09814502102244904,0.35961013146811527,0.5623171813652486,0.8397763187019955,0.0,0.570446735395189,0.3164375715922108,15436
0.8557814570868226,0.33461767998214015,0.40434003522167283,0.36718283597187296,0.6093903749751954,0.0,0.13513513513513514,0.24943693693693697,14114
0.6411689209833898,0.2890623861656048,0.35909979574691264,0.3369144375075839,0.7058686511943799,0.0,0.10191082802547771,0.11969214437367304,13959
0.07047441617323603,0.47294531791938227,0.5809168284342241,0.5338515182211148,0.671374964212994,0.16513761467889906,0.0,0.4445833333333333,14132
0.40021530058429267,0.5490725105112246,0.6290824132052515,0.5411238681164514,0.7869270423092811,0.4403669724770642,0.06274509803921569,0.1895424836601307,13971
0.15926168018519554,0.44326069645145666,0.5112106072789391,0.44110882712337895,0.6406799940281567,0.4573041637261821,0.0,0.17088963963963966,17676
0.7721829753077689,0.47294531791938227,0.3718911100725206,0.16387086224085046,0.463507911617924,0.528440366972477,0.1111111111111111,0.06712962962962965,13856
0.5071415141747299,0.0,0.2573686484260669,0.5121841721628286,0.42643946792633786,0.0,0.0,0.16964285714285715,14636
0.8004306011685854,0.2364726589596911,0.3720892802270146,0.418928916002699,0.463507911617924,0.0,0.0,0.014254385964912242,17770
0.8055682549126341,0.3748002968969332,0.457609832108296,0.41835633745806433,0.7481555890646834,0.3963302752293578,0.5019762845849802,0.3311923583662714,14896
0.31142803657233314,0.0,0.360320171772754,0.6951311935974109,0.6493597120291801,0.0,0.0,0.13010204081632648,13467
0.2797384903847442,0.44326069645145666,0.6021850712498202,0.6025076054248861,0.7543750612912838,0.33027522935779813,0.24152542372881355,0.34869350282485884,15680
0.8446902953175293,0.1742722136142913,0.36857849731285675,0.484980966794194,0.5212196518919954,0.3963302752293578,0.0,0.453525641025641,13368
0.4390001705699397,0.47294531791938227,0.6560871790866525,0.6672930052751576,0.7838056499426287,0.528440366972477,0.04741379310344827,0.12033045977011497,14626
0.858291411123804,0.0,0.21675995714802365,0.4400635648403901,0.4331391347702052,0.6605504587155963,0.0,0.6986111111111113,18280
0.19095122637278455,0.1742722136142913,0.3231750686080719,0.404441478102463,0.463507911617924,0.0,0.8571428571428571,0.37261904761904757,16513
0.3819024527455691,0.525535045125296,0.7438358047835429,0.7689394692954568,0.8927345956697368,0.6257846450989859,0.12570356472795496,0.19301125703564725,13448
0.5023792629451177,0.09814502102244904,0.24113679595735982,0.352077631080318,0.7239218621942243,0.0,0.0,0.280590717299578,14592
0.9346859857263632,0.1742722136142913,0.4281058923644543,0.5906537574230291,0.5687391126992583,0.8492791612057666,0.0,0.15845959595959602,13360
0.9096898873274686,0.2890623861656048,0.3064103527217219,0.24367398923160577,0.0,0.0,0.0,0.7847222222222223,17281
0.6537390689447445,0.1742722136142913,0.4946073880103412,0.7087851331501764,0.7120780086736189,0.9908256880733944,0.0,0.22500000000000003,16108
0.5411641329307647,0.2890623861656048,0.49571523870268996,0.5791864169768237,0.16176688174300935,0.0,0.0,0.2619047619047619,17414
0.48190724079819425,0.41074487257398257,0.5578725927939827,0.558023881470983,0.7468870068972315,0.0,0.059880239520958084,0.21881237524950098,13804
0.6103462658527656,0.2364726589596911,0.4470463210845361,0.5519145339054421,0.8639944993217483,0.0,0.0,0.18244219653179194,16374
0.9362842617848139,0.09814502102244904,0.2888651278014154,0.4367314504242388,0.47965168540649755,0.7926605504587156,0.5128205128205128,0.20512820512820518,13729
0.15926168018519554,1.0,0.9204846369061566,0.608654886063094,0.8817520907831402,0.5589273112208891,0.07536764705882353,0.2354473039215686,16133
0.8342793216643744,0.33461767998214015,0.5610617798997335,0.6452088386359984,0.9002910518966478,0.0,0.0,0.16559000861326445,14669
0.6077325128896673,0.2890623861656048,0.4311211075431636,0.46456307973702726,0.6596822753192666,0.0,0.16071428571428573,0.146577380952381,17222
0.6933304893179024,0.2890623861656048,0.48810439075782175,0.5656755038776169,0.5958442047095882,0.6605504587155963,0.0,0.20376712328767121,14407
0.9533196666910089,0.0,0.1987669666365437,0.4081182545127733,0.4847432115081472,0.0,1.0,0.4014227642276424,14996
0.9277244143755496,0.09814502102244904,0.31574952076506446,0.4844431033976222,0.4331391347702052,0.9908256880733944,0.0,0.44144144144144143,18247
0.8601503731928798,0.09814502102244904,0.17401745086356257,0.23316994740978148,0.49925051030224016,0.0,0.0,0.14939024390243905,14779
0.7791964863028962,0.09814502102244904,0.27574229782107973,0.4134492406955872,0.4897024751079551,0.0,0.5128205128205128,0.436965811965812,13951
0.4763889583782348,0.663862683062538,0.7021941499901805,0.5551998917816408,0.8350228553956656,0.09436435124508517,0.16666666666666666,0.37928240740740743,17690
0.2797384903847442,0.1742722136142913,0.4128752697585638,0.5636091701636576,0.6961587157031146,0.3963302752293578,0.0,0.11736111111111108,13159
0.5911665269570773,0.09814502102244904,0.3191354408752216,0.49045331927598723,0.5518324171611284,0.0,0.36065573770491804,0.4071038251366121,17064
0.5882452599301117,0.1742722136142913,0.22170318020029356,0.22472127898429317,0.4194961240694642,0.0,0.0,0.4402777777777778,13865
0.9326672487867222,0.0,0.3035045730789303,0.5941527013181191,0.24806029457982387,0.6605504587155963,0.0,0.22500000000000003,13541
0.5117767567785831,0.41074487257398257,0.5141599615526524,0.4804700501881294,0.6428871968049372,0.0,0.10833333333333334,0.24652777777777785,15227
0.647567605385473,0.2890623861656048,0.608135419507196,0.7788781274887748,0.3970088792749929,0.28309305373525556,0.25,0.07738095238095238,18194
0.6252535083491437,0.3748002968969332,0.4723926244569434,0.4445620968967383,0.41229070616488733,0.2201834862385321,0.24242424242424243,0.3345959595959596,15030
0.26142564254602063,0.09814502102244904,0.3084285705110985,0.47144887750006714,0.4897024751079551,0.4954128440366972,0.4375,0.48871527777777773,17495
0.707242816123376,0.41074487257398257,0.6736207113527193,0.7635829129811236,0.6268724672347086,0.0,0.1773049645390071,0.10224586288416077,14918
0.37196767472347614,0.09814502102244904,0.278905065000975,0.41906010800552806,0.46904223864579303,0.0,0.0,0.20512820512820518,16824
0.26142564254602063,0.500252522571941,0.5621383832022988,0.4723422480031252,0.719566063067671,0.28309305373525556,0.0,0.16115900383141768,12963
0.19095122637278455,0.7496005937938663,0.7771758649530627,0.6031785134029988,0.6823926889454288,0.2642201834862385,0.0547945205479452,0.3541666666666667,15290
0.9812424452618456,0.0,0.19994237972797446,0.4102049104334493,0.37151494377774147,0.6605504587155963,1.0,0.1388888888888889,14010
0.5696047752429739,0.500252522571941,0.7675441917270098,0.8370652614417593,0.7224809427978844,0.3963302752293578,0.1004566210045662,0.12119482496194822,16131
0.3253403633778068,0.2364726589596911,0.3285111655907653,0.3416976407371628,0.7010754057909225,0.0,0.0,0.0026371308016877593,15511
0.7409019164917862,0.09814502102244904,0.06111502972200189,0.03371420869888464,0.24806029457982387,0.0,0.09090909090909091,0.29545454545454547,16866
0.45237686891880524,0.2364726589596911,0.25441870301016456,0.210586261567429,0.4847432115081472,0.0,0.19047619047619047,0.23115079365079366,18211
0.31142803657233314,0.6297184172751005,0.684930035580424,0.5587309257626203,0.8489422826985822,0.28309305373525556,0.19950738916256158,0.19191297208538588,13590
0.6322535669781317,0.09814502102244904,0.40159214095104323,0.636888786226067,0.7673839933162938,0.4954128440366972,0.41040462427745666,0.17124277456647397,15154
0.9119920573628759,0.1742722136142913,0.3607557525648861,0.47110028920202307,0.6013785317374574,0.0,0.0,0.57375,16231
0.6154587313790155,0.500252522571941,0.6386828506488107,0.608156538086166,0.6067569413097249,0.4954128440366972,0.7522123893805309,0.05125368731563423,14970
0.6077325128896673,0.0,0.22553236262150445,0.45564073135043026,0.3970088792749929,0.0,0.0,0.7416666666666667,13177
0.6322535669781317,0.500252522571941,0.544012223818918,0.440206178019489,0.7026865623040013,0.28309305373525556,0.25766871165644173,0.23133946830265845,15312
0.7159351921678198,0.47294531791938227,0.4973733777691016,0.38573070198997317,0.8268275666345437,0.4246395806028833,0.0,0.1895424836601307,17994
0.5911665269570773,0.5917729095724684,0.7395576993878612,0.6939286896118282,0.9470652751287574,0.5404503753127605,0.09961685823754789,0.34179438058748407,15281
0.7859379356048766,0.09814502102244904,0.184516331439057,0.2517567169566053,0.42643946792633786,0.0,0.0,0.39215686274509803,13686
0.5852740543029985,0.2890623861656048,0.5000894095596484,0.5869520909281056,0.6596822753192666,0.28309305373525556,0.0,0.24928774928774927,14555
0.7752234836856473,0.0,0.2869613674843168,0.5647574141840199,0.44587191293026723,0.0,0.0,0.07738095238095238,16526
0.9504106231104859,0.0,0.22358100978382933,0.45217558452746576,0.47965168540649755,0.0,0.0,0.05277777777777776,13123
0.6299513969427243,0.1742722136142913,0.3104941178764993,0.38195872509824014,0.319597110331925,0.0,0.23809523809523808,0.07738095238095238,13514
0.4390001705699397,0.0,0.11664614507868731,0.26242009680001166,0.26467258618332856,0.0,0.0,0.29545454545454547,16557
0.6537390689447445,0.1742722136142913,0.5148480544844471,0.744752578490945,0.6040866752116578,0.0,0.0,0.22996794871794873,17594
0.6299513969427243,0.0,0.08303703531402495,0.20285245381450512,0.18726081724026072,0.0,0.0,0.2619047619047619,14473
0.9863860617598568,0.0,0.3139405528353676,0.6126979412953535,0.49925051030224016,0.9908256880733944,0.0,0.213768115942029,13175
0.48190724079819425,0.47294531791938227,0.6946133177984122,0.7357264391927743,0.7950095577350458,0.528440366972477,0.07954545454545454,0.2563131313131313,13384
0.3819024527455691,0.1742722136142913,0.38824352317419497,0.5198814359901771,0.5842696965152536,0.3963302752293578,0.0,0.31828703703703703,14020
0.8895651406139886,0.525535045125296,0.5673838421637603,0.45571175049687995,0.7120780086736189,0.5504587155963303,0.0427807486631016,0.3645276292335116,16351
0.5249839657950353,0.41074487257398257,0.5974163162146611,0.6282221606373402,0.9140322982125086,0.1981651376146789,0.0,0.16019624573378838,15752
0.4319048467718818,0.500252522571941,0.5029999408449546,0.36754097930066965,0.8519023561593353,0.1524347212420607,0.27466666666666667,0.16644444444444445,16085
0.8216734063818487,0.09814502102244904,0.37727330878794385,0.5936883449017301,0.5930156949938641,0.0,0.0,0.3059701492537314,15210
0.9087604129380458,1.0,1.0,0.5381755406372133,0.671374964212994,0.04985286480872425,0.12484993997599039,0.04740229425103376,17850
0.8291988803292089,0.0,0.13057600147911352,0.2871206435876634,0.2941031748346736,0.9908256880733944,0.0,0.48333333333333334,16217
0.7742158791442931,0.1742722136142913,0.47769772020161927,0.6787409049594357,0.6384469754290434,0.0,0.0,0.48596938775510207,16214
0.7308230760523142,0.0,0.2554466304768648,0.5087700497098047,0.319597110331925,0.6605504587155963,0.0,1.0,13106
0.15926168018519554,0.2364726589596911,0.6114730348714772,0.8440231584469244,0.7989260215047,0.7431192660550459,0.3237704918032787,0.4176912568306012,17728
0.9504106231104859,0.2890623861656048,0.3525102816784085,0.3252458181200515,0.8474448560908396,0.28309305373525556,0.0,0.08915906788247213,15003
0.8900847562375098,0.33461767998214015,0.49114140364159087,0.5210852872081191,0.26467258618332856,0.9908256880733944,0.0,0.27343750000000006,15100
0.6050788537625509,0.47294531791938227,0.6051400589501683,0.5768383458057429,0.7795627883607901,0.0,0.0975609756097561,0.2859078590785908,16477
0.9485674319602682,0.0,0.31760963547376053,0.6192183839780738,0.463507911617924,0.0,0.3488372093023256,0.18895348837209303,15784
0.6557484704762346,0.47294531791938227,0.494418547345864,0.38049656905015294,0.7151085629991754,0.6994063680518079,0.0,0.4301470588235295,13662
0.5117767567785831,0.5710903389418314,0.6272223857100563,0.515457605356137,0.7910110678472058,0.689270043877144,0.045936395759717315,0.30624263839811544,17442
0.5629189010962606,0.09814502102244904,0.3231040827048415,0.4974982318258312,0.4897024751079551,0.9908256880733944,0.0,0.27906976744186046,15469
0.3819024527455691,0.2890623861656048,0.34884692577371434,0.318759674698915,0.40480265177083524,0.28309305373525556,0.0,0.09308510638297873,13238
0.07047441617323603,0.663862683062538,0.7229626072602189,0.5920570243255043,0.8921407509801611,0.33027522935779813,0.1668806161745828,0.10959563543003853,14395
1.0,0.0,0.41418162628164,0.7908866248307551,0.4847432115081472,0.0,0.0,0.03812056737588648,13543
0.6228560731446663,0.0,0.3380596025043392,0.6555634028564232,0.5038512368694057,0.6605504587155963,0.0,0.3822463768115942,12822
0.3614304305986457,0.2364726589596911,0.2588022083766943,0.21833464167804717,0.3072753569027837,0.33027522935779813,0.1111111111111111,0.06712962962962965,16566
0.9138120875700761,0.0,0.29487744216336975,0.5788228854992268,0.5553356514826076,0.0,0.0,0.2911585365853659,16972
0.7680444155850216,0.0,0.2798546974081313,0.5521308329411339,0.16176688174300935,0.0,0.0,0.19270833333333331,16545
0.6077325128896673,0.0,0.2493875392216589,0.4980075446689638,0.4847432115081472,0.0,0.0,0.4065315315315316,15762
0.7995593647748882,0.0,0.16180159825174556,0.3425118286930118,0.5212196518919954,0.0,0.0,0.17333333333333334,16448
0.7960300801353356,0.1742722136142913,0.2842127489494961,0.3353816858248264,0.6841687102527929,0.0,1.0,0.125,17051
0.9759419591069605,0.09814502102244904,0.26615428200468827,0.39644151420451035,0.463507911617924,0.4954128440366972,0.0,0.0482456140350877,15183
0.9326672487867222,0.2364726589596911,0.427750501606573,0.5176663297404083,0.6170795045998114,0.0,0.0,0.1802884615384615,14186
0.917395952614102,0.0,0.04159910721306337,0.12947418657941445,0.0,0.0,0.6666666666666666,1.0,18063
0.5696047752429739,0.1742722136142913,0.3099518670769994,0.38099746340213736,0.3888833588003309,0.0,0.41379310344827586,0.24281609195402304,16621
0.6411689209833898,0.2890623861656048,0.4625669757659845,0.5203508499416836,0.5371389448624995,0.28309305373525556,0.3392857142857143,0.07738095238095238,13946
0.5487223366205466,0.0,0.3896824622930586,0.7473289622064265,0.7089985723369723,0.6605504587155963,0.7716535433070866,0.298228346456693,14474
0.9138120875700761,0.5710903389418314,0.7877803369884138,0.800554884121488,0.721029065734381,0.0,0.016666666666666666,0.20347222222222228,14134
0.9784564520978472,0.2364726589596911,0.27124149129633635,0.2403290303340282,0.463507911617924,0.0,0.0,0.28618421052631576,15715
0.7782117171155284,0.41074487257398257,0.6592268683609392,0.7380084730458174,0.6893997474412297,0.7926605504587156,0.03954802259887006,0.40160075329566863,17204
0.9402168118115117,0.0,0.13173392342448076,0.28917416449482336,0.5409196805609917,0.0,1.0,0.1470125786163522,16524
0.37196767472347614,0.41074487257398257,0.5011488549115606,0.4573969504500195,0.6493597120291801,0.1981651376146789,0.2,0.48333333333333334,12948
0.886414396393681,0.500252522571941,0.5648383600949802,0.4771300174412172,0.8182646555590196,0.1524347212420607,0.37055837563451777,0.16402284263959394,12872
0.48190724079819425,0.0,0.237543980511717,0.4769721149708026,0.4744206482180607,0.0,0.0,0.1880952380952381,17637
0.786880004559474,0.1742722136142913,0.38627512362908845,0.5163876011354911,0.5930156949938641,0.6605504587155963,0.0,0.1388888888888889,14231
0.3819024527455691,0.5710903389418314,0.6332088127756843,0.5260772759690686,0.7377627696877789,0.2331354560172693,0.10784313725490197,0.17687908496732024,17519
0.8473643680093665,0.09814502102244904,0.24350842412574547,0.35628239066783496,0.43961164999444796,0.0,0.0,0.2619047619047619,16250
0.19095122637278455,0.0,0.17236712817516886,0.36126019053748415,0.37151494377774147,0.0,0.35,0.28958333333333336,16988
0.6103462658527656,0.7967316776285425,0.6919275267738922,0.40562055951412446,0.721029065734381,0.2331354560172693,0.2557077625570776,0.0563165905631659,12843
0.6616409431303133,0.33461767998214015,0.6908227369520061,0.875777575807724,0.673255973652656,0.4403669724770642,0.0,0.33731884057971023,15980
0.6746596366221932,0.0,0.2532044491218064,0.5047872889889671,0.6292441861041964,0.0,1.0,0.09104938271604934,14965
0.9200361749744368,0.0,0.12894611157812896,0.28423018142768597,0.36219988105138007,0.0,0.0,0.5241228070175439,13773
0.5728536791183538,0.0,0.2378638499121275,0.4775402054026281,0.45780835661455593,0.9908256880733944,0.0,0.2106481481481482,15598
0.6746596366221932,0.47294531791938227,0.6508268303867331,0.6579510680471414,0.8074549245798184,0.16513761467889906,0.0,0.18019680196801968,13931
0.2797384903847442,0.2890623861656048,0.5021974915785108,0.5906948136374444,0.7058686511943799,0.28309305373525556,0.21014492753623187,0.3916062801932368,16496
0.5760429667020784,0.2890623861656048,0.414525124393472,0.43513222084607195,0.6195752383575654,0.0,0.26744186046511625,0.15891472868217055,17734
0.39129994657903455,0.33461767998214015,0.261957283013442,0.11552299081368145,0.6805999911377467,0.2477064220183486,0.0,0.12784900284900286,16330
0.37196767472347614,0.2364726589596911,0.32663846652394635,0.338380443776769,0.4847432115081472,0.0,0.0,0.17803030303030304,15393
0.6900815854425225,0.09814502102244904,0.4280447484824279,0.6838893787597375,0.5842696965152536,0.0,0.3055555555555556,0.4976851851851853,15074
0.9558257432186126,0.44326069645145666,0.4347064353119212,0.30560733078963676,0.7795627883607901,0.0,0.31470588235294117,0.21740196078431367,15013
0.3382211661075024,0.5710903389418314,0.731710764119901,0.7009400894476308,0.9322290048326167,0.1238532110091743,0.06675062972292191,0.31349706129303107,17365
0.45237686891880524,0.5710903389418314,0.6858698784616022,0.619536159853552,0.8421093935244381,0.6305254378648874,0.03978779840848806,0.1160477453580902,14227
0.2963044763173342,0.1742722136142913,0.3995185426092307,0.5398958767724316,0.6040866752116578,0.0,0.0,0.26424050632911394,16295
0.4706897167575288,0.5710903389418314,0.5635138143377512,0.4025137925574569,0.7224809427978844,0.5661861074705111,0.1059322033898305,0.37058615819209034,14064
0.8832054813132819,0.2364726589596911,0.41040913896306974,0.48689500610511094,0.6013785317374574,0.8807339449541284,0.12345679012345678,0.1388888888888889,17714
0.5249839657950353,0.3748002968969332,0.5544931610800614,0.5902244444361573,0.7058686511943799,0.7621736062103035,0.13924050632911392,0.1824894514767933,12909
0.713085762834217,0.09814502102244904,0.22865034773365966,0.32994314848703543,0.37151494377774147,0.0,0.0,0.30034722222222227,15689
0.4763889583782348,0.525535045125296,0.5994423065633214,0.5125637661655082,0.6339010246229115,0.6257846450989859,0.14705882352941177,0.2686887254901961,16218
0.5023792629451177,0.0,0.24290382316856096,0.4864914719418598,0.4744206482180607,0.6605504587155963,0.0,0.1970720720720721,15597
0.3382211661075024,0.33461767998214015,0.40434806844934457,0.36719706650678985,0.6787903006805251,0.0,0.3901098901098901,0.2122252747252747,14577
0.5760429667020784,0.1742722136142913,0.33622050572129725,0.42757600640612536,0.5212196518919954,0.6605504587155963,0.0,0.20301418439716312,17527
0.7333981053221219,0.47294531791938227,0.5966039855636809,0.561688448971343,0.6911120541096665,0.6192660550458715,0.0,0.4065315315315316,12853
0.5911665269570773,0.5490725105112246,0.5727506201889303,0.44122161215748723,0.8242987758402995,0.0,0.2575107296137339,0.1157904148783977,17913
0.6517061651082203,0.44326069645145666,0.6297915982521307,0.6515247753403397,0.6292441861041964,0.0,0.13580246913580246,0.290380658436214,15410
0.24095362039909712,0.0,0.016468132090806886,0.08501407975461439,0.0,0.0,0.0,1.0,18174
0.9115340563162666,0.1742722136142913,0.304249251882307,0.37088893307970694,0.6406799940281567,0.0,0.0,0.27508503401360546,17952
0.8632051319025378,0.1742722136142913,0.2528336867540293,0.2798077299286468,0.6315868033939045,0.6605504587155963,0.9074074074074074,0.03125,13684
0.8169965871011756,0.500252522571941,0.5961962279765389,0.5327521982686199,0.7120780086736189,0.4954128440366972,0.0,0.2553146258503402,17646
0.4319048467718818,0.6472175315336735,0.8214133267793204,0.783551942264725,0.4331391347702052,0.0,0.06896551724137931,0.3615900383141763,13629
0.19095122637278455,0.2890623861656048,0.505721896533843,0.596952304636714,0.8374143803665011,0.28309305373525556,0.45195729537366547,0.1450177935943061,17827
0.15926168018519554,0.5917729095724684,0.5824582795808051,0.4151856048900586,0.7519115314492297,0.0,0.045,0.12812500000000004,13305
0.9806271833924285,0.09814502102244904,0.1955684946598084,0.2713285904521763,0.43961164999444796,0.4954128440366972,0.0,0.24281609195402304,15323
0.3253403633778068,0.44326069645145666,0.5728001655389419,0.5503510287641735,0.8037112573046585,0.6605504587155963,0.732484076433121,0.15671443736730362,15351
0.497482846292698,0.3748002968969332,0.5543064188819475,0.5898929322369761,0.9317462715444076,0.2201834862385321,0.24162257495590828,0.24140211640211634,13772
0.26142564254602063,0.33461767998214015,0.5331782242255858,0.5956968940039771,0.6751186314881541,0.9146083274523642,0.125,0.09583333333333333,17115
0.7384364666917951,0.33461767998214015,0.32195613731696104,0.22141110236873263,0.37151494377774147,0.0,0.3488372093023256,0.15891472868217055,16948
0.19095122637278455,0.7967316776285425,0.7469910156927271,0.5032208581832287,0.671374964212994,0.1238532110091743,0.050387596899224806,0.4392764857881137,14060
0.7228608611972914,0.0,0.1381699956714426,0.3005890024670046,0.4847432115081472,0.0,0.0,0.09234234234234234,17267
0.9138120875700761,0.0,0.2769747429307696,0.5470141532969912,0.43961164999444796,0.0,0.0,0.6882183908045978,17782
0.9518712308370099,0.0,0.19864735819975987,0.40790592093551337,0.3420843551263963,0.0,0.0,0.32017543859649117,17699
0.9256226802223777,0.0,0.004754256633596077,0.06430304397330433,0.05492452414859644,0.0,0.0,0.6770833333333333,17327
0.4390001705699397,0.0,0.2840912894458374,0.5596579980229697,0.7120780086736189,0.0,0.0,0.2345679012345679,12890
0.5760429667020784,0.09814502102244904,0.34752162775228523,0.5408503001626286,0.42643946792633786,0.0,0.0,0.44642857142857145,17205
0.8512998862518628,0.09814502102244904,0.4874215519103702,0.7894193152021516,0.18726081724026072,0.4954128440366972,0.0,0.515625,16716
0.6322535669781317,0.1742722136142913,0.1411383503706416,0.0824438946780095,0.24806029457982387,0.0,0.4,0.1388888888888889,16342
0.704245995390975,0.500252522571941,0.5943606288289638,0.5294954499017561,0.3970088792749929,0.1524347212420607,0.0,0.19270833333333331,18073
0.4245075050062308,0.2890623861656048,0.41231088368947844,0.43120622713757295,0.6067569413097249,0.4954128440366972,0.23809523809523808,0.12351190476190482,18221
0.7791964863028962,0.0,0.2786948430546514,0.5500701601522779,0.4194961240694642,0.0,0.0,0.05608974358974356,15219
0.5117767567785831,0.2364726589596911,0.3381057764825104,0.3586953337494301,0.5654754278618694,0.33027522935779813,0.1746031746031746,0.15939153439153436,13636
0.8146101244857373,0.33461767998214015,0.5481270733204109,0.6222392069117424,0.8046540785479468,0.0,1.0,0.21194344163658246,14161
0.7659375861941324,0.2890623861656048,0.4643786478436702,0.5235657381122989,0.669475237954164,0.0,0.0,0.26886792452830194,14327
0.15926168018519554,0.1742722136142913,0.38012942004348704,0.5054797998409315,0.5553356514826076,0.0,0.0,0.3059701492537314,15145
0.6299513969427243,0.5490725105112246,0.45067212931658496,0.2251785762931422,0.6119879784981619,0.0,0.0,0.18233944954128445,16266
0.3819024527455691,0.1742722136142913,0.28932040105928514,0.34443160745402235,0.7350736982793029,0.0,0.0,0.30726256983240224,13569
0.6389825865381525,0.1742722136142913,0.501438735436718,0.7209237957559136,0.7417266680668597,0.6605504587155963,0.0,0.1277056277056277,13055
0.9839844857757192,0.2890623861656048,0.5002130642946725,0.5871716269635654,0.7089985723369723,0.4954128440366972,0.5379746835443038,0.12526371308016876,17113
0.6299513969427243,0.2364726589596911,0.44095310550845523,0.5410987215160259,0.3420843551263963,0.0,0.3142857142857143,0.40952380952380946,13434
0.9330728762674743,0.0,0.26154831852505,0.519608813153928,0.0,1.0,0.0,1.0,13776
0.9204723390593217,0.0,0.006143442099802776,0.06675879214667813,0.24806029457982387,0.0,1.0,0.09583333333333333,15560
0.8726344972491789,0.09814502102244904,0.26478607606540283,0.39401474152426785,0.37151494377774147,0.4954128440366972,0.0,1.0,17334
0.9045151498844064,0.0,0.10005135774210228,0.2330027729124009,0.6928091400730472,0.0,1.0,0.14992877492877493,15503
0.7878169949505681,0.2890623861656048,0.2781642224779324,0.1937550735365836,0.4847432115081472,0.28309305373525556,0.0,0.1295289855072464,17874
0.4319048467718818,0.7967316776285425,0.7710257029704126,0.5458542764351915,0.9019931812728426,0.4954128440366972,0.0831758034026465,0.18690926275992437,15805
0.6816832708763944,0.47294531791938227,0.5525534354418993,0.4835378230903329,0.16176688174300935,0.16513761467889906,0.09090909090909091,0.6477272727272727,13631
0.0,0.41074487257398257,0.5324496531199596,0.512912686953414,0.6576619293362349,0.6097388849682428,0.0,0.3541666666666667,17490
0.3819024527455691,0.0,0.35736984567476227,0.689886767956406,0.5332818255207508,0.0,0.0,0.14551282051282055,15977
0.5940395063613914,0.0,0.4879536223175074,0.9220701645643636,0.673255973652656,0.6605504587155963,0.0,0.11496913580246915,13224
0.5449843152057794,0.09814502102244904,0.15148166933709684,0.19329251012464477,0.42643946792633786,0.0,0.0,0.3780864197530864,17928
0.4390001705699397,0.5490725105112246,0.6941436007778796,0.6566130971610131,0.8626110083853913,0.5944954128440366,0.0,0.19178571428571428,16717
0.6673401847510195,0.5710903389418314,0.47860161108150634,0.2522551310173595,0.37151494377774147,0.33027522935779813,0.11428571428571428,0.2619047619047619,16027
0.40021530058429267,0.09814502102244904,0.5730950286798377,0.941740350433474,0.7940177585499857,0.7926605504587156,0.0,0.22627887788778883,15676
0.5162915897505914,0.0,0.3149499280925847,0.6144917184294949,0.46904223864579303,0.9908256880733944,0.0,0.2619047619047619,16747
0.647567605385473,0.1742722136142913,0.39581917988659243,0.5333287726676768,0.7390932344013892,0.0,0.5158371040723982,0.19928355957767724,16370
0.9701477126756808,0.09814502102244904,0.28501184926825807,0.42989456477147625,0.46904223864579303,0.4954128440366972,0.05,0.12812500000000004,13057
0.63676839995014,0.3748002968969332,0.5024630182417615,0.49789093614444146,0.7337148248291214,0.2201834862385321,0.0,0.4384057971014493,15549
0.529172392480287,0.7739793861965301,0.616093620591931,0.2937135285672483,0.9402540564769999,0.19177271382065697,0.6496913580246914,0.32028034979423864,17372
0.4706897167575288,0.2364726589596911,0.5107421917057493,0.6650235725486655,0.6876719445742718,0.0,0.0,0.320679012345679,15111
0.756127448762979,0.2364726589596911,0.29353954023823725,0.27977732010065925,0.7010754057909225,0.0,0.0,0.01450617283950617,14104
0.9285580432954659,0.0,0.056764481346194495,0.15631978084868048,0.16176688174300935,0.0,0.0,0.8154761904761905,15459
0.3253403633778068,0.2890623861656048,0.5339941631499905,0.647157760548188,0.46904223864579303,0.0,0.0,0.1216666666666667,17031
0.15926168018519554,1.0,1.0,0.8961098629927329,0.7224809427978844,0.15795771838851214,0.02783964365256125,0.2074517446176689,15061
0.6050788537625509,0.0,0.3553820009015385,0.6863532700609714,0.5482636980460824,0.9908256880733944,0.0,0.37723214285714296,13359
0.3253403633778068,0.2364726589596911,0.3032044528814273,0.29688405048256294,0.5212196518919954,0.0,0.20833333333333334,0.08506944444444448,15714
0.9306247893661157,0.2890623861656048,0.42795299428942335,0.45894416026062834,0.7879562680566636,0.0,0.15948275862068967,0.17043821839080464,17851
0.07047441617323603,0.0,0.34130174591869644,0.6613259576170942,0.49925051030224016,0.0,0.0,0.4103260869565217,14138
0.8858836744649456,0.0,0.22683121573763332,0.45794723101614543,0.46904223864579303,0.0,0.0,0.2106481481481482,13859
0.9151647114907653,0.09814502102244904,0.44579772398269935,0.7154375842474305,0.6656181186124153,0.0,0.0,0.25668238993710696,13665
0.40021530058429267,0.2364726589596911,0.36688543246156935,0.4097027105667006,0.5293451723666571,0.0,0.0,0.25219298245614036,16139
0.84333767139684,0.09814502102244904,0.41204023098281284,0.6554516653028841,0.6535559449836597,0.0,0.0,0.47602201257861637,16980
0.8754792628239337,0.09814502102244904,0.25006454842169323,0.3679070116017591,0.5930156949938641,0.0,0.18571428571428572,0.37261904761904757,17392
0.39129994657903455,0.5490725105112246,0.5835122315555601,0.4602989455117459,0.5587757610180022,0.13211009174311925,0.09090909090909091,0.14671717171717175,16748
0.7680444155850216,0.2890623861656048,0.4439475015080534,0.4873148702069672,0.8562581552858888,0.0,0.46825396825396826,0.1388888888888889,15976
0.4458171735773554,0.3748002968969332,0.42919949295817794,0.3680160509946744,0.5482636980460824,0.0,0.0,0.14372659176029962,17235
0.07047441617323603,0.33461767998214015,0.40536542922331087,0.36899930167249084,0.7707832685207077,0.0,0.25448028673835127,0.32870370370370366,15453
0.0,0.7855451694709157,0.7873539769845379,0.5858225177223628,0.8727507847646532,0.127848475880438,0.0,0.28653319644079395,13013
0.6228560731446663,0.1742722136142913,0.20338775588860947,0.19233698222665407,0.5038512368694057,0.0,0.16363636363636364,0.43636363636363634,17376
0.40869558228073843,0.47294531791938227,0.5098017436789637,0.40775007707348787,0.9187466343717043,0.4246395806028833,0.8322368421052632,0.27131304824561403,14502
0.49244448492302473,0.2890623861656048,0.6237999278057258,0.8067170845203995,0.7795627883607901,0.28309305373525556,0.23383084577114427,0.42806799336650087,13523
0.07047441617323603,0.7094179768790734,0.7419458847506573,0.5804173696923955,0.7377627696877789,0.15853211009174312,0.0,0.31839164237123424,13756
0.5162915897505914,0.5710903389418314,0.6555839578668796,0.5657785893946032,0.6911120541096665,0.33027522935779813,0.05474452554744526,0.4673053527980536,17719
0.26142564254602063,1.0,1.0,0.9322040867524586,1.0000000000000002,0.04718217562254259,0.0,0.04703503258845437,14298
0.2797384903847442,0.7233447241255158,0.817557820839848,0.7008547089324306,0.7639230964855688,0.3963302752293578,0.040145985401459854,0.33531021897810226,13090
0.40021530058429267,0.500252522571941,0.4628296659223943,0.2964416830868828,0.5687391126992583,0.0,0.0,0.12755847953216376,17227
0.3819024527455691,0.500252522571941,0.5547685078827149,0.4592747496684726,0.8027637570285964,0.28309305373525556,0.5782747603833865,0.2654419595314164,13742
0.26142564254602063,0.44326069645145666,0.6365892358173018,0.6635966827597786,0.5719479430861123,0.4573041637261821,0.0,0.1550751879699248,13495
0.3819024527455691,0.33461767998214015,0.2792982488992457,0.14609741811612298,0.7417266680668597,0.4403669724770642,0.0,0.1572662601626016,15901
0.5117767567785831,0.09814502102244904,0.2322283124798339,0.33628516361203387,0.6859283624673551,0.0,0.0,0.1073848238482385,16706
0.5629189010962606,0.09814502102244904,0.37485549535321594,0.589393806846453,0.5687391126992583,0.0,0.3898305084745763,0.3870056497175142,13897
0.7887489612403589,0.2890623861656048,0.4534747967836088,0.5042176921359505,0.6428871968049372,0.28309305373525556,0.2545454545454545,0.28371212121212125,16611
0.7295211126865371,0.09814502102244904,0.4332606179170664,0.6931579300016311,0.40480265177083524,0.4954128440366972,0.4838709677419355,0.7083333333333333,14885
0.7057508645025471,0.0,0.25592978707704384,0.5096282857738497,0.45780835661455593,0.9908256880733944,0.0,0.3541666666666667,14323
0.786880004559474,0.2364726589596911,0.18829696706199117,0.09387517686877489,0.36219988105138007,0.0,0.0,0.44642857142857145,16832
0.12047681019954858,0.2364726589596911,0.44045271476040293,0.5402105367508436,0.3420843551263963,0.0,0.2916666666666667,0.5694444444444444,12912
0.8169965871011756,0.09814502102244904,0.3362418842677821,0.5208221751136914,0.44587191293026723,0.4954128440366972,0.41935483870967744,0.125,16109
0.94482135384183,0.0,0.061883934940726304,0.1653846879327363,0.26467258618332856,0.0,0.0,0.3541666666666667,15741
0.704245995390975,0.0,0.19674791576486594,0.40453399848337757,0.6751186314881541,0.0,0.0,0.26011326860841427,17070
0.46479724410345,0.1742722136142913,0.47341392588458664,0.6711303131797495,0.6636599382283828,0.0,0.0,0.31485507246376815,17088
0.15926168018519554,0.09814502102244904,0.1783468197289233,0.24083382983464574,0.36219988105138007,0.0,0.8181818181818182,0.4715909090909091,13083
0.2963044763173342,0.7739793861965301,0.7890776276263203,0.6002642415243116,0.7417266680668597,0.2477064220183486,0.048507462686567165,0.13728233830845776,13576
0.48190724079819425,0.44326069645145666,0.5598547653657597,0.5273804247836409,0.6013785317374574,0.4573041637261821,0.0,0.3754578754578755,15027
0.718738660954684,0.1742722136142913,0.24577317446655256,0.2673095021595975,0.05492452414859644,0.0,0.7777777777777778,0.5694444444444444,14053
0.40869558228073843,0.09814502102244904,0.38203168863201276,0.6021404945127953,0.5446269992565518,0.0,0.4603174603174603,0.2619047619047619,16762
0.8453626802822323,0.2890623861656048,0.37625975289016167,0.3673100980812678,0.5482636980460824,0.0,0.352112676056338,0.3086854460093897,18071
0.2797384903847442,0.09814502102244904,0.1698585334971452,0.22580867788196257,0.40480265177083524,0.4954128440366972,0.0,0.17333333333333334,17736
0.15926168018519554,0.2890623861656048,0.3041774680731655,0.2397260020892884,0.6978117209535337,0.28309305373525556,0.0,0.22885572139303484,17817
0.15926168018519554,0.0,0.13048017449735672,0.2869507007761438,0.5446269992565518,0.0,0.0392156862745098,0.2908496732026144,17383
0.5822511729518192,0.525535045125296,0.6831481807193029,0.6611367154065548,0.806525867205024,0.9082568807339448,0.23492063492063492,0.1470899470899471,13136
0.6228560731446663,0.0,0.04512102051629863,0.1357076244890958,0.319597110331925,0.0,0.6,0.22500000000000003,13972
0.707242816123376,0.33461767998214015,0.4913719194880801,0.5214943139907875,0.5587757610180022,0.0,0.0,0.11093073593073594,14006
0.48190724079819425,0.44326069645145666,0.48802309289195356,0.400013534272204,0.6067569413097249,0.6605504587155963,0.0,0.2908496732026144,13643
0.4706897167575288,0.41074487257398257,0.41810768833376377,0.31028888182462966,0.6876719445742718,0.0,0.0,0.0482456140350877,16907
0.6299513969427243,0.525535045125296,0.7676269473350221,0.8112153614299076,0.36219988105138007,0.14154652686762778,0.2222222222222222,0.5407407407407407,14101
0.9247748185576132,0.09814502102244904,0.2928582747853812,0.4438169230435187,0.6040866752116578,0.0,0.0,0.09583333333333333,13713
0.9124488547259779,0.1742722136142913,0.49247552383741167,0.7049971341423147,0.5958442047095882,0.3963302752293578,0.0,0.3132911392405064,15476
0.6433280952915899,0.09814502102244904,0.33011182731893207,0.5099388378459291,0.40480265177083524,0.0,0.0,0.4925595238095238,13038
0.9217743024250988,0.0,0.2561829339263142,0.5100779546320404,0.4194961240694642,0.6605504587155963,0.0,0.7772988505747127,16590
0.3819024527455691,0.33461767998214015,0.5458770451358446,0.6182439007704423,0.8459355919958023,0.0,0.11306532663316583,0.29574958123953105,14506
0.9641536256973884,0.09814502102244904,0.34820004106444014,0.5420549597332147,0.7042842361777766,0.0,0.0,0.20433333333333337,16435
0.5449843152057794,0.1742722136142913,0.0,0.0,0.09752729486805156,0.9908256880733944,0.0,0.03125,16454
0.07047441617323603,0.41074487257398257,0.5215591335169598,0.4935936602885431,0.49925051030224016,0.0,0.2018348623853211,0.525993883792049,14129
0.9260450651121828,0.09814502102244904,0.46428222012004317,0.7482895465223027,0.6769632923482158,0.4954128440366972,0.0660377358490566,0.12264150943396224,15248
0.5728536791183538,0.0,0.2329034251977551,0.4687306595540712,0.4519334034235893,0.6605504587155963,0.0,0.2563131313131313,13594
0.8493432656277181,0.33461767998214015,0.3755840469357632,0.3162612654503365,0.5127328807631524,0.2477064220183486,0.56,0.15611111111111114,14693
0.9169519899292555,0.09814502102244904,0.3372767197294906,0.5226595048933929,0.6292441861041964,0.0,1.0,0.10464015151515155,17544
1.0,0.0,0.14657252773826412,0.31549338744569577,0.3072753569027837,0.0,0.0,0.1388888888888889,16452
0.6596988972658616,0.41074487257398257,0.6810909474900002,0.7768568267786948,0.7795627883607901,0.1981651376146789,0.14925373134328357,0.49393656716417916,15673
0.12047681019954858,0.33461767998214015,0.5554474512728806,0.6352384514244578,0.43961164999444796,0.0,0.0,0.6356837606837606,13685
0.5594769807694883,0.44326069645145666,0.597875704965364,0.5948574754335236,0.7848517945533988,0.18015012510425354,0.09230769230769231,0.20016025641025642,15819
0.41678128651688284,0.09814502102244904,0.26909340672538073,0.40165479977796625,0.6119879784981619,0.7926605504587156,0.0,0.1867283950617284,17779
0.6050788537625509,0.1742722136142913,0.20449795814824911,0.1942993942148945,0.5482636980460824,0.0,0.0,0.2106481481481482,14819
0.566293983776904,0.500252522571941,0.7741341755378799,0.8487777509769137,0.9047967692984922,0.7926605504587156,0.0,0.23080524344569292,15296
0.9021110825594811,0.33461767998214015,0.478672053587363,0.49896184432685287,0.5253256362445706,0.5944954128440366,0.0,0.08272946859903385,13874
0.5071415141747299,0.0,0.29305036825700803,0.5755764234712337,0.5038512368694057,0.0,0.0,0.2926587301587302,13721
0.2797384903847442,0.09814502102244904,0.3500293701526844,0.5453033464405765,0.5170234189375158,0.4954128440366972,0.3728813559322034,0.3651129943502825,15951
0.9851894216004096,0.0,0.29312665706946617,0.5757119774529853,0.36219988105138007,0.0,0.0,0.32017543859649117,18275
0.9429175966209116,0.09814502102244904,0.43468375494607736,0.6956868889748504,0.4744206482180607,0.4954128440366972,0.0,0.18895348837209303,16860
0.2963044763173342,0.0,0.0,0.0,0.0,0.0,0.0,0.5694444444444444,14785
0.5449843152057794,0.09814502102244904,0.24606624172865854,0.36081746852961216,0.18726081724026072,0.4954128440366972,0.0,0.7416666666666667,12879
0.9243493316949063,0.0,0.0,0.0,0.16176688174300935,0.0,0.0,0.3541666666666667,17741
0.31142803657233314,0.09814502102244904,0.530454650727161,0.8659223587056548,0.7592087603263729,0.0,0.0,0.22188755020080325,14125
0.5117767567785831,0.1742722136142913,0.3820800890284439,0.5089418782182071,0.5170234189375158,0.3963302752293578,0.0,0.17803030303030304,17653
0.458697976307051,0.2890623861656048,0.39094887618426144,0.39333883007699266,0.463507911617924,0.0,0.027777777777777776,0.06712962962962965,13892
0.8130007491299401,0.2364726589596911,0.4639578498215635,0.5819377707095521,0.37151494377774147,0.33027522935779813,0.0,0.5694444444444444,15381
0.497482846292698,0.5710903389418314,0.5899171940664707,0.4493048464578302,0.8092995854398803,0.1238532110091743,0.9761904761904762,0.158110119047619,16466
0.7433328833442149,0.1742722136142913,0.31572995400741855,0.3912409564263444,0.5332818255207508,0.6605504587155963,0.0,0.25480769230769235,15713
0.63676839995014,0.09814502102244904,0.5645855841722158,0.9266089765326577,0.6841687102527929,0.7926605504587156,0.37209302325581395,0.1789405684754522,15978
0.8848173441472951,0.1742722136142913,0.3891012599622654,0.5214039146348477,0.6514693568509644,0.0,0.0,0.32154882154882153,17862
0.6746596366221932,0.0,0.13906386012058958,0.3021744360930636,0.49453617414304446,0.0,0.3191489361702128,0.3404255319148936,17229
0.7933352773705274,0.0,0.259510357969047,0.5159886066877835,0.26467258618332856,0.0,0.0,0.5303030303030303,14377
0.497482846292698,0.1742722136142913,0.35598132549498085,0.4626293539030726,0.7377627696877789,0.0,0.8378378378378378,0.2756193693693694,15407
0.9358860684912582,0.09814502102244904,0.2721737423944024,0.4071188342742833,0.4744206482180607,0.7926605504587156,0.0,0.4038461538461538,14425
0.9675091603493751,0.41074487257398257,0.2628131413394621,0.03632698097765408,0.43961164999444796,0.1981651376146789,0.4,0.07738095238095238,16158
0.4390001705699397,0.09814502102244904,0.20353644086026423,0.28544211178638457,0.4897024751079551,0.0,0.0,0.42006802721088426,17564
0.2797384903847442,0.47294531791938227,0.5628805454543269,0.5018543016189065,0.42643946792633786,0.3048694424841214,0.0,0.08092948717948717,15380
0.8557814570868226,0.2364726589596911,0.4395416977512481,0.5385935125939589,0.6339010246229115,0.33027522935779813,0.0,0.1388888888888889,16625
0.07047441617323603,0.1742722136142913,0.43692341071031415,0.6063127841805305,0.7166059896069179,0.0,0.0,0.3312647754137115,14904
0.9334775593294888,0.1742722136142913,0.2114332715351337,0.20656010944335335,0.24806029457982387,0.6605504587155963,0.0,0.20512820512820518,14322
0.9106144176808055,0.09814502102244904,0.17289514445888265,0.23118338328018906,0.6339010246229115,0.4954128440366972,0.3076923076923077,0.24771062271062277,17804
0.2963044763173342,0.09814502102244904,0.30108263173049377,0.4584115908890818,0.4847432115081472,0.0,0.0,0.27136752136752135,15414
0.9330728762674743,0.0,0.19608385911076875,0.403355172610367,0.3524069184164829,0.9908256880733944,0.5454545454545454,0.4715909090909091,16166
0.15926168018519554,0.8075629979015224,0.8974729519121856,0.7597248559272902,0.9383959307273333,0.5530189886921271,0.06241519674355495,0.13947308909995476,17706
0.2797384903847442,0.1742722136142913,0.2796641058474145,0.3273231345004175,0.41229070616488733,0.0,0.0,0.21577380952380948,17502
0.15926168018519554,0.0,0.2867984259679861,0.5644679045630467,0.5170234189375158,0.0,0.0,0.2854609929078014,15274
0.5411641329307647,0.1742722136142913,0.414698529370076,0.5668464398906958,0.5083437009364926,0.3963302752293578,0.20634920634920634,0.46693121693121703,17175
0.24095362039909712,0.2364726589596911,0.3433207648933052,0.3679357242538057,0.6978117209535337,0.0,0.47580645161290325,0.125,17221
0.9496756905287573,0.0,0.26107394327526023,0.5187661333825764,0.3072753569027837,0.6605504587155963,0.0,0.4976851851851853,17005
0.9724240390865344,0.09814502102244904,0.20887643633866926,0.2949022920328612,0.3311716185262597,0.0,0.47619047619047616,0.2619047619047619,16390
0.9543981270069373,0.09814502102244904,0.3106506677755394,0.4753928267280554,0.46904223864579303,0.4954128440366972,0.0,0.2189922480620155,14872
0.5852740543029985,0.2364726589596911,0.41550012622797694,0.4959278699926748,0.8496866146892119,0.33027522935779813,0.6133720930232558,0.3353924418604651,16121
0.6833957112958092,0.2890623861656048,0.30414504033516576,0.23966866848831714,0.319597110331925,0.28309305373525556,0.05263157894736842,0.0482456140350877,14513
0.5071415141747299,0.0,0.17022521625813192,0.3574591694718976,0.4331391347702052,0.0,0.0,0.0,17078
0.7504282071422729,0.0,0.26992774059550917,0.5344945788260806,0.4331391347702052,0.0,0.0,0.20833333333333331,18121
0.9151647114907653,0.0,0.10437971723246209,0.24067463304020742,0.5083437009364926,0.0,0.574468085106383,0.23049645390070922,16089
0.696519776901627,0.5917729095724684,0.7855201227755295,0.7755803717784602,0.3311716185262597,0.31289232254949295,0.0,0.12725225225225228,14045
0.8821225413824869,0.1742722136142913,0.46085906981449454,0.6488269164327845,0.7920185684109309,0.0,0.0,0.15454545454545454,14130
0.9358860684912582,0.1742722136142913,0.4770530623061764,0.6775955884212799,0.6040866752116578,0.3963302752293578,0.0,0.32412790697674426,14225
0.647567605385473,0.09814502102244904,0.3778468745193979,0.594707130772161,0.5446269992565518,0.0,0.0,0.4791666666666667,17058
0.7721829753077689,0.3748002968969332,0.4486041003585033,0.4023956168580878,0.7166059896069179,0.2201834862385321,0.0,0.21788990825688076,14584
0.5760429667020784,0.0,0.10006550911030687,0.2330278545663309,0.2941031748346736,0.0,0.0,0.2619047619047619,16542
0.5411641329307647,0.41074487257398257,0.6506769609753773,0.7228186877383593,0.7377627696877789,0.7926605504587156,0.0,0.30337078651685395,13107
0.6252535083491437,0.500252522571941,0.6756115790837494,0.6737290650359262,0.5930156949938641,0.1524347212420607,0.21348314606741572,0.4049625468164794,17819
0.8055682549126341,0.1742722136142913,0.22626099908985942,0.2327832258830782,0.24806029457982387,0.0,0.0,0.6309523809523809,12897
0.40021530058429267,0.09814502102244904,0.35744600428017326,0.5584739034502018,0.5719479430861123,0.4954128440366972,0.22058823529411764,0.08823529411764708,15645
0.8130007491299401,0.33461767998214015,0.369102045924109,0.3047882751866233,0.5587757610180022,0.5944954128440366,0.0,0.34452736318407956,16306
0.6023840509977428,0.2364726589596911,0.4370208487912597,0.534119193143048,0.6220387681996193,0.8807339449541284,0.0,0.32481060606060613,18136
0.9040369892070015,0.1742722136142913,0.2986210028478937,0.36091339577587633,0.6576619293362349,0.0,0.22916666666666666,0.42144097222222227,14413
0.6433280952915899,0.1742722136142913,0.5052121986589218,0.7276291378117223,0.6787903006805251,0.3963302752293578,0.0,0.20594262295081966,13908
0.4458171735773554,0.5490725105112246,0.5476857563003996,0.39680548889217415,0.5332818255207508,0.2477064220183486,0.0,0.3541666666666667,15681
0.8895651406139886,0.09814502102244904,0.25321363202913405,0.3734911376917667,0.47965168540649755,0.4954128440366972,0.13513513513513514,0.44144144144144143,15346
0.3819024527455691,0.500252522571941,0.6148777775512064,0.5659023690476481,0.745609939167265,0.28309305373525556,0.12403100775193798,0.18895348837209303,14334
0.665461125405328,0.2364726589596911,0.47405415357535285,0.5998646889759152,0.5901446497062202,0.0,0.0,0.27906976744186046,14628
0.798683739262452,0.0,0.3464569993276745,0.6704890725571335,0.5930156949938641,0.6605504587155963,0.0,0.44092039800995025,15104
0.31142803657233314,0.6797333554111478,0.7643024629298543,0.6496176180067941,0.3420843551263963,0.172317510969286,0.0,0.7667824074074074,17306
0.31142803657233314,0.7967316776285425,0.8323025290722028,0.6546167522189887,0.886098445626158,0.28309305373525556,0.08980582524271845,0.2742212783171522,15601
0.37196767472347614,0.1742722136142913,0.5238655326084243,0.7607781101798858,0.7404144916729889,0.3963302752293578,0.0,0.2214611872146119,13644
0.0,0.33461767998214015,0.4468342147639286,0.4424950465788273,0.63618752996107,0.5944954128440366,0.0,0.28958333333333336,17451
0.37196767472347614,0.663862683062538,0.7698869881036863,0.6753680899795582,0.5719479430861123,0.33027522935779813,0.0,0.34750859106529214,17809
0.8284608270052908,0.0,0.20840377850228298,0.42522691021731585,0.319597110331925,0.0,0.0,0.24019607843137253,14148
0.7638049054911383,0.09814502102244904,0.33401681660301263,0.5168716866548217,0.5127328807631524,0.7926605504587156,0.0,0.27666666666666667,14338
0.9260450651121828,0.0,0.18850206166050087,0.3898967536336373,0.41229070616488733,0.0,0.2222222222222222,0.3780864197530864,13073
0.2963044763173342,0.6112729558566243,0.6747619188275602,0.5592227192475194,0.8674099913709672,0.2972477064220183,0.04582210242587601,0.20619946091644203,15755
0.7321153593035494,0.5490725105112246,0.5713036350104268,0.43865682933092365,0.8626110083853913,0.4403669724770642,0.2535612535612536,0.1867283950617284,17931
0.8564123517781125,0.1742722136142913,0.37940191806208623,0.5041886413615704,0.5332818255207508,0.6605504587155963,0.0,0.31249999999999994,16471
0.48725570269011875,0.1742722136142913,0.6177809936344592,0.9277275557821847,0.801811531045828,1.0,0.0,0.4447586726998492,16732
0.48725570269011875,0.33461767998214015,0.4700385690989848,0.48364665619705116,0.6978117209535337,0.0,0.0,0.36563116370808685,18016
0.937077922052481,0.0,0.42204964863633565,0.804876260436834,0.0,1.0,0.0,1.0,14802
0.798683739262452,0.0,0.569642523450852,1.0,0.3524069184164829,0.0,0.0,0.2106481481481482,13135
0.566293983776904,0.33461767998214015,0.42574410647975425,0.4051086211115784,0.7135992989041378,0.2477064220183486,0.0,0.007151741293532354,18252
0.8766042589625276,0.0,0.11579119105985147,0.26090429560680906,0.45780835661455593,0.0,0.0,0.17803030303030304,13581
0.15926168018519554,0.09814502102244904,0.46841352622746135,0.7556324896379958,0.6961587157031146,0.0,0.0,0.19791666666666669,14418
0.8154092582917095,0.1742722136142913,0.2890664934130196,0.34398169998644157,0.5901446497062202,0.0,0.6027397260273972,0.11529680365296802,18078
0.8771640381794457,0.09814502102244904,0.4423395597043771,0.7092919073801598,0.6119879784981619,0.0,0.0,0.3984018264840183,13800
0.9787682213233526,0.0,0.18944601489986757,0.3915722900151699,0.41229070616488733,0.0,0.28,0.48333333333333334,15711
0.40021530058429267,0.1742722136142913,0.28331410833963866,0.33378955171351543,0.7639230964855688,0.0,1.0,0.22905759162303668,17561
0.49244448492302473,0.09814502102244904,0.413027266297719,0.6572053863351739,0.8317868302343516,0.0,1.0,0.25242579908675805,15427
0.5206921107838413,0.0,0.2804806611711361,0.5532429687943161,0.463507911617924,0.0,0.0,0.2619047619047619,17733
1.0,0.0,0.04932503261392862,0.14314912681550296,0.16176688174300935,0.6605504587155963,0.0,0.5694444444444444,17065
0.9671765070485678,0.0,0.04665320992444566,0.13841964381263883,0.05492452414859644,0.0,0.0,0.1388888888888889,14279
0.12047681019954858,0.41074487257398257,0.445524320999789,0.3588248247444972,0.319597110331925,0.0,0.0,0.1819444444444444,13104
0.5882452599301117,0.09814502102244904,0.3498003494822248,0.5448966650289686,0.5654754278618694,0.0,0.0,0.24652777777777785,14775
0.5249839657950353,0.3748002968969332,0.3925410767690316,0.3031134067329646,0.5332818255207508,0.2201834862385321,0.5981308411214953,0.11876947040498442,13617
0.8486861332887645,0.09814502102244904,0.246139435177833,0.36094724569615955,0.5332818255207508,0.0,0.52,0.22500000000000003,13262
0.566293983776904,0.09814502102244904,0.18651565212288435,0.25529682550976385,0.2941031748346736,0.0,0.0,0.07738095238095238,13669
0.8895651406139886,0.0,0.0,0.026355791229166536,0.16176688174300935,0.0,0.0,0.3541666666666667,13144
0.4763889583782348,0.6472175315336735,0.7643457999015169,0.6821749916468498,0.7869270423092811,0.4128440366972477,0.0,0.24546204620462048,14944
0.6933304893179024,0.09814502102244904,0.4212287255959011,0.6717778837010968,0.8646825033591572,0.0,0.6050420168067226,0.4138655462184873,16340
0.5071415141747299,0.44326069645145666,0.6611882045528239,0.7072886429141554,0.7979544117040793,0.0,0.0,0.148786717752235,17203
0.9217743024250988,0.09814502102244904,0.23583185737994983,0.342672989768682,0.3888833588003309,0.0,0.0,0.24652777777777785,16060
0.15926168018519554,1.0,0.8508149142610695,0.24947053341895198,0.6751186314881541,0.06605504587155962,0.07371007371007371,0.4033579033579033,12971
0.26142564254602063,0.09814502102244904,0.21053857626284156,0.2978471320342442,0.40480265177083524,0.4954128440366972,0.7307692307692307,0.05608974358974356,16038
0.813807299517451,0.09814502102244904,0.16940398481669527,0.2250041812934509,0.3524069184164829,0.0,0.24,0.48333333333333334,14353
0.9330728762674743,0.0,0.3514171754018023,0.679305695870954,0.13233629309166428,0.0,0.0,0.22500000000000003,16568
0.8858836744649456,0.0,0.22630356111973216,0.4570102196179118,0.49925051030224016,0.0,0.2608695652173913,0.213768115942029,18212
0.4390001705699397,0.09814502102244904,0.4022921369815615,0.6381324046606442,0.7364229683033221,0.7926605504587156,0.0,0.1637286324786325,16669
1.0,0.09814502102244904,0.23614801379494543,0.3432334468265439,0.5687391126992583,0.0,0.0,0.1449530516431925,15959
0.31142803657233314,0.0,0.26993612059578354,0.534509466148235,0.4331391347702052,0.6605504587155963,0.0,0.3357142857142857,13496
0.8697423956382757,0.0,0.14270832929389865,0.30863882397599407,0.36219988105138007,0.6605504587155963,0.0,0.5241228070175439,15670
0.6050788537625509,0.0,0.3176246985381961,0.6192451533452084,0.5482636980460824,0.6605504587155963,0.5818181818181818,0.17803030303030304,15264
0.07047441617323603,0.33461767998214015,0.5336632096340472,0.5965579342700802,0.6994505371426873,0.0,0.0,0.2375578703703704,18210
0.5696047752429739,0.3748002968969332,0.5625839294303423,0.6045882205401765,0.6769632923482158,0.2201834862385321,0.15178571428571427,0.23883928571428575,15140
0.9021110825594811,0.2364726589596911,0.322499586793503,0.331049598280023,0.40480265177083524,0.7431192660550459,0.05714285714285714,0.1511904761904762,15224
0.6691991468200952,0.2890623861656048,0.5354538670330635,0.6497502787229856,0.6292441861041964,0.0,0.15384615384615385,0.44800569800569795,13330
0.6917136283876251,0.09814502102244904,0.0007781763889274096,0.0,0.09752729486805156,0.0,0.0,0.3541666666666667,13003
0.679953790969037,0.1742722136142913,0.4378932331534804,0.6080351772747841,0.6406799940281567,0.8492791612057666,0.24731182795698925,0.3611111111111111,14420
0.0,0.2364726589596911,0.38097579647934965,0.43468644122332933,0.8519023561593353,0.0,0.0,0.06870428422152564,14446
0.9178387841826026,0.33461767998214015,0.3368762707564714,0.24778298207890703,0.0,0.0,0.1,0.6125,16199
0.26142564254602063,0.7620077040849871,0.83073126425467,0.6860204530068099,0.7650837135173396,0.6766614455135377,0.08358208955223881,0.2134328358208955,14299
0.9694918202120102,0.2364726589596911,0.31543184554926373,0.3185328706570203,0.6339010246229115,0.0,0.7368421052631579,0.32017543859649117,17332
0.7445357344881941,0.33461767998214015,0.6027864131360905,0.7193236321948473,0.6876719445742718,0.7206005004170142,0.0,0.2660984848484849,12840
0.9890487549729241,0.0,0.6079526896644423,1.0,0.5518324171611284,0.0,0.0,0.0,16749
0.3253403633778068,0.0,0.28403182238952773,0.5595523410168071,0.5332818255207508,0.0,0.0,0.27964743589743585,16364
0.6103462658527656,0.0,0.2855024643690458,0.5621652915054731,0.42643946792633786,0.0,0.0,0.16964285714285715,15127
0.0,1.0,1.0,0.7751320496619201,0.7696568881811783,0.23779816513761465,0.2621359223300971,0.1150023116042534,13798
0.9830752702937866,0.0,0.1974469489741255,0.40577492487196176,0.6675564186492879,0.0,0.0,0.2552552552552552,13432
0.9243493316949063,0.09814502102244904,0.3525316150631701,0.5497467505822811,0.42643946792633786,0.0,0.13513513513513514,0.09234234234234234,15887
0.8021600810759429,0.1742722136142913,0.31826266181069474,0.3957313500626358,0.5212196518919954,0.8492791612057666,0.0,0.36635220125786166,13479
0.9306247893661157,0.2364726589596911,0.40517493833345997,0.47760878250890837,0.38039658767148815,0.33027522935779813,0.0,0.08333333333333337,14316
0.3819024527455691,0.1742722136142913,0.3589505359879466,0.4678973452074866,0.5621549804512151,0.3963302752293578,0.0,0.3333333333333333,12936
0.5852740543029985,0.47294531791938227,0.5939672821978177,0.5570091661859111,0.7838056499426287,0.4246395806028833,0.16666666666666666,0.1895424836601307,13213
0.39129994657903455,0.736725181531632,0.6658183249768874,0.4183915149026334,0.8138347372463899,0.2733312242961088,0.0,0.22413310961968674,16607
0.5523816569714304,0.5917729095724684,0.6372553363060882,0.5123349493587277,0.9949473014770556,0.2201834862385321,0.688715953307393,0.29888132295719844,16686
0.5449843152057794,0.1742722136142913,0.29475555353200655,0.35406294605615907,0.5253256362445706,0.0,0.0,0.42287234042553196,15656
0.3614304305986457,0.7233447241255158,0.6950368073455497,0.4834038985936835,0.8397763187019955,0.1524347212420607,0.03862660944206009,0.1739985693848355,17975
0.45237686891880524,0.5917729095724684,0.6776584430520747,0.5840243655675119,0.8591077740639124,0.31289232254949295,0.0,0.22991543340380555,14530
0.4245075050062308,0.09814502102244904,0.26869168208533556,0.4009422236729734,0.6339010246229115,0.4954128440366972,0.0,0.36918604651162795,14034
0.4458171735773554,0.47294531791938227,0.5759193668891227,0.5249848687704008,0.6751186314881541,0.4246395806028833,0.0,0.015873015873015872,13577
0.6933304893179024,0.33461767998214015,0.30998776807808803,0.20026717957791318,0.6093903749751954,0.0,0.025,0.28958333333333336,17869
0.5629189010962606,0.47294531791938227,0.6464690937381219,0.6502124798530458,0.7615804791958605,0.3048694424841214,0.04424778761061947,0.2798672566371682,16153
0.15926168018519554,0.3748002968969332,0.5130398569711765,0.5166550731958754,0.7309677139267274,0.3963302752293578,0.1038961038961039,0.08576839826839827,14696
0.46479724410345,0.2364726589596911,0.4032980839211402,0.4742791604955947,0.5872297699760067,0.33027522935779813,0.0,0.1440763052208835,17054
0.6933304893179024,0.09814502102244904,0.2619339382491028,0.3889561178088814,0.4519334034235893,0.0,0.5277777777777778,0.24652777777777785,17134
0.5911665269570773,0.5917729095724684,0.8711237730756596,0.9277244086880039,0.7120780086736189,0.6605504587155963,0.05818181818181818,0.23909090909090908,16652
0.3819024527455691,0.09814502102244904,0.402714093472903,0.6388820592762763,0.3524069184164829,0.0,0.5238095238095238,0.5079365079365079,16079
0.15926168018519554,0.6112729558566243,0.6565809353417937,0.5269648263400424,0.6315868033939045,0.3774574049803407,0.012578616352201259,0.35010482180293506,18198
0.5559655220154562,0.6112729558566243,0.7080695913231982,0.6183409746821917,0.9019931812728426,0.5169525329078579,0.8366666666666667,0.39076388888888886,14800
0.5760429667020784,0.0,0.12118999353195892,0.2704765849295936,0.6244709146416239,0.0,0.6125,0.32187499999999997,15545
0.5249839657950353,0.09814502102244904,0.3367464686625501,0.5217180519205706,0.3524069184164829,0.0,0.8095238095238095,0.07738095238095238,15385
0.5487223366205466,0.0,0.034385447729040286,0.11670872485678196,0.18726081724026072,0.0,0.0,0.07738095238095238,18147
0.7960300801353356,0.0,0.06185777545079041,0.16533836478973152,0.3420843551263963,0.0,1.0,0.23674242424242425,15897
1.0,0.0,0.27709027941577524,0.5472194192679205,0.5170234189375158,0.6605504587155963,0.0,0.17803030303030304,14151
1.0,0.33461767998214015,0.4983566056784656,0.5338885829209552,0.5038512368694057,0.2477064220183486,0.14545454545454545,0.22500000000000003,18051
0.6299513969427243,0.0,0.1843334858436556,0.3824976937683233,0.5687391126992583,0.0,0.7666666666666667,0.22500000000000003,16629
0.3253403633778068,0.9458906358387644,0.7488187590578075,0.36107793093980356,0.8451764621138644,0.08088372963864444,0.18373493975903615,0.2633868808567604,17068
0.6691991468200952,0.0,0.3237690158574089,0.6301647580369336,0.09752729486805156,0.0,0.0,0.7847222222222223,15653
0.9651671055170779,0.0,0.07628934646430185,0.19089840534238856,0.4847432115081472,0.0,0.0,0.054878048780487854,14069
0.9803187338055035,0.0,0.04669111369811019,0.13848673607280393,0.44587191293026723,0.0,0.0,0.3357142857142857,16695
0.3382211661075024,0.525535045125296,0.45357198301125745,0.25421949311981273,0.7899982224278992,0.14154652686762778,0.9621848739495799,0.08823529411764708,13782
0.7371905022407321,0.0,0.25818962737003637,0.5136425129094837,0.40480265177083524,0.0,0.32,0.27666666666666667,16178
0.6949324480921609,0.2364726589596911,0.5706682724553824,0.7714981465269455,0.7120780086736189,0.7431192660550459,0.2937853107344633,0.21916195856873827,13425
0.9191605494620005,0.0,0.31885780165994837,0.621436574790015,0.5371389448624995,0.0,0.0,0.6707516339869282,13945
0.8080812330959174,0.0,0.39609952443765617,0.7587375906443574,0.49925051030224016,0.0,0.0,0.5479166666666668,15813
0.5852740543029985,0.2890623861656048,0.4770422687374829,0.5460401605034582,0.850428056062889,0.0,0.5769230769230769,0.20061188811188807,15272
0.7504282071422729,0.0,0.02509259715655654,0.10026798821755967,0.16176688174300935,0.0,0.0,0.48333333333333334,15256
0.12047681019954858,0.47294531791938227,0.516560298686912,0.41972683278732137,0.7543750612912838,0.16513761467889906,0.28735632183908044,0.11909323116219672,16987
0.65773490691598,0.0,0.1191426570202494,0.2668464607526886,0.40480265177083524,0.0,0.0,0.1388888888888889,14660
0.6728584671709789,0.1742722136142913,0.4163985236749079,0.5698649074807824,0.8120335831918335,0.0,0.0,0.22126955475330928,18196
0.40021530058429267,0.1742722136142913,0.3222333096121448,0.40277159421838205,0.5083437009364926,0.0,0.043478260869565216,0.3541666666666667,13200
0.7159351921678198,0.09814502102244904,0.3432160394952499,0.5332050697891095,0.2941031748346736,0.4954128440366972,0.4117647058823529,0.012254901960784326,15247
0.8146101244857373,0.47294531791938227,0.455334841504627,0.31130231618767823,0.7224809427978844,0.0,0.777292576419214,0.12008733624454154,13561
0.647567605385473,0.3748002968969332,0.6356425515775155,0.7343466700030739,0.6472264952691258,0.0,0.0,0.018069727891156462,13562
0.6299513969427243,0.0,0.33380620554475415,0.6480036190264968,0.24806029457982387,0.0,0.0,0.29545454545454547,17805
0.07047441617323603,0.09814502102244904,0.30132745142114303,0.4588460659559226,0.5587757610180022,0.4954128440366972,0.0,0.22916666666666669,13314
0.26142564254602063,0.9003353420222291,0.743124390929192,0.3951896499465717,0.9425515681227032,0.1761467889908257,0.0,0.19797525309336333,17576
0.9234952204105011,0.0,0.24185477843750958,0.4846282750792643,0.24806029457982387,0.0,0.8,0.48333333333333334,17413
0.7371905022407321,0.0,0.20721085315250387,0.42310895085096445,0.319597110331925,0.0,0.0,0.11197916666666669,17040
0.7887489612403589,0.5917729095724684,0.5453708479281578,0.34949994343612834,0.5958442047095882,0.31289232254949295,0.10218978102189781,0.11374695863746959,14867
0.39129994657903455,0.0,0.12321465043759439,0.27406663343416526,0.16176688174300935,0.0,0.0,0.1388888888888889,13739
0.9413794335150576,0.0,0.2583325482655936,0.513896390627564,0.4897024751079551,0.0,0.0,0.12812500000000004,15362
0.8385188317582575,0.09814502102244904,0.3687282357235604,0.5785109633123782,0.45780835661455593,0.0,0.0,0.27136752136752135,17492
0.07047441617323603,0.09814502102244904,0.17984825237879143,0.24349189150372985,0.3524069184164829,0.0,0.0,0.1576086956521739,17830
0.0,0.3748002968969332,0.4646329728652421,0.4308054335711424,0.8903480531724788,0.0,0.0,0.25351731601731603,14730
0.9318531428645709,0.0,0.20168333096102864,0.4132955948706474,0.5872297699760067,0.0,1.0,0.33517156862745096,15418
0.4245075050062308,0.500252522571941,0.46044584103327657,0.29222510822315817,0.6170795045998114,0.1524347212420607,0.0891089108910891,0.02805280528052806,15081
0.7752234836856473,0.2364726589596911,0.5313369535739578,0.7016100585341962,0.0,0.0,0.0,0.5694444444444444,15389
0.679953790969037,0.09814502102244904,0.30892571281595105,0.47233123368692365,0.5038512368694057,0.0,0.0,0.45462962962962955,13045
0.8732071873772289,0.0,0.13999887393019028,0.3038328815730078,0.5687391126992583,0.0,0.4032258064516129,0.0,17843
0.6557484704762346,0.525535045125296,0.49245154924007495,0.32297986883084784,0.7364229683033221,0.14154652686762778,0.004878048780487805,0.12418699186991872,14177
0.40869558228073843,0.2364726589596911,0.3437073548281435,0.3686207625933384,0.6170795045998114,0.33027522935779813,0.5411764705882353,0.31617647058823534,14157
0.5487223366205466,0.47294531791938227,0.5929835349498447,0.5552633824391568,0.7627553808345569,0.4246395806028833,0.0,0.19847470238095238,13481
0.07047441617323603,0.7496005937938663,0.863032371408154,0.7556485406725466,0.9302907047957436,0.20499841822208162,0.07208237986270023,0.2787948131197559,17735
0.4319048467718818,0.2890623861656048,0.5692703629040292,0.7098200843702007,0.7848517945533988,0.0,0.09956709956709957,0.31222943722943725,13285
0.49244448492302473,0.0,0.3439124568609606,0.6659662871814014,0.7239218621942243,0.0,0.48201438848920863,0.16366906474820142,15025
0.7811494427663043,0.41074487257398257,0.3607948360024851,0.20896209270941002,0.63618752996107,0.0,0.0,0.1298245614035088,15912
0.9467044849016444,0.2890623861656048,0.1276486898984721,0.0,0.09752729486805156,0.0,0.0,0.3541666666666667,13346
0.12047681019954858,0.0,0.24147002946798035,0.4839449314087747,0.47965168540649755,0.0,0.0,0.3881578947368421,17503
0.7583558292423568,0.7233447241255158,0.6383225496798675,0.3829000165994967,0.8293233003922975,0.28309305373525556,0.0,0.07858306188925085,16919
0.65773490691598,0.2890623861656048,0.5400837690347582,0.6579734943982012,0.7404144916729889,0.28309305373525556,0.0,0.28811553030303033,16229
0.24095362039909712,0.7233447241255158,0.623556772389374,0.3567556134147829,0.9192633354009456,0.1524347212420607,0.04736842105263158,0.3224415204678362,15271
0.9346859857263632,0.1742722136142913,0.452402323609604,0.6338050930019552,0.6315868033939045,0.3963302752293578,0.0,0.038759689922480633,13920
0.9990324594687019,0.1742722136142913,0.3974614701959698,0.5362441270578,0.5621549804512151,0.6605504587155963,0.0,0.21452702702702703,16296
0.6299513969427243,0.0,0.23886647068112032,0.47932087903621845,0.36219988105138007,0.0,0.0,0.425925925925926,17674
0.696519776901627,0.41074487257398257,0.6031395932286832,0.6383848852490872,0.44587191293026723,0.3603002502085071,0.0,0.3260869565217392,17083
0.7859379356048766,0.09814502102244904,0.1082091183288647,0.11680435321516036,0.5782082060219316,0.0,0.0,0.31111111111111117,13533
0.15926168018519554,0.3748002968969332,0.5997220284539981,0.6705372503140277,0.8008545319805518,0.2201834862385321,0.8619718309859155,0.04671361502347415,14547
0.5449843152057794,0.09814502102244904,0.0,0.0,0.0,0.0,0.0,1.0,17024
0.45237686891880524,0.47294531791938227,0.7054778214160273,0.7550290080542412,0.999068056702237,0.3048694424841214,0.5577299412915852,0.15574037834311805,13451
0.0,0.1742722136142913,0.25358362523776523,0.28113538385108106,0.4519334034235893,0.0,0.0,0.20220588235294118,14569
0.5449843152057794,0.500252522571941,0.9132554679869187,1.0,0.793020780233433,0.0,0.11627906976744186,0.22500000000000003,13340
0.3819024527455691,1.0,1.0,0.7140280667295564,0.6911120541096665,0.5021993213522684,0.11891117478510028,0.19502148997134677,16422
0.9213413973529478,0.525535045125296,0.7344521716235966,0.7522671559239811,0.9312623145963643,0.2642201834862385,0.026501766784452298,0.13508539458186103,13206
0.9518712308370099,0.0,0.3950488252248219,0.7568695748369456,0.5958442047095882,0.6605504587155963,0.0,0.17101990049751242,18286
0.9310352058416196,0.09814502102244904,0.3336268965620206,0.5161794151092869,0.5170234189375158,0.7926605504587156,0.0,0.3685185185185185,16975
0.5487223366205466,0.1742722136142913,0.37707291194940207,0.500055246942555,0.7806323761093319,0.0,0.5229357798165137,0.28306574923547406,15068
0.9504106231104859,0.1742722136142913,0.30325334325277153,0.3691236938340907,0.6406799940281567,0.3963302752293578,0.0,0.1047854785478548,13415
0.9106144176808055,0.09814502102244904,0.230475818466918,0.3331787737815617,0.4744206482180607,0.0,0.5,0.28618421052631576,16421
0.2797384903847442,0.0,0.3329177918814761,0.6464246189374958,0.319597110331925,0.0,0.42857142857142855,0.2003968253968254,15654
0.9968005020363973,0.0,0.27293646946837224,0.5398397426101831,0.5409196805609917,0.0,0.0,0.16280864197530864,16704
0.6980927405475145,0.2364726589596911,0.36246419905377847,0.4018647864417364,0.5621549804512151,0.33027522935779813,0.38235294117647056,0.1832107843137255,14013
0.5449843152057794,0.2364726589596911,0.35281404758521573,0.3847595227124465,0.707440025610331,0.0,0.0,0.11404914529914528,16418
0.0,1.0,1.0,0.895782600326096,0.5687391126992583,0.28719585161547667,0.0,0.453525641025641,17949
0.8810328118153072,0.3748002968969332,0.38334453499000776,0.2868417844733617,0.42643946792633786,0.0,0.06818181818181818,0.08996212121212122,15661
0.9759419591069605,0.3748002968969332,0.5473566698502572,0.5775560097383055,0.7858922380753239,0.7621736062103035,0.0,0.12253867791842477,17032
0.7762252806757832,0.2890623861656048,0.3555674248251337,0.3306591156512233,0.6472264952691258,0.7926605504587156,0.7923076923076923,0.1256410256410257,15535
0.3253403633778068,0.0,0.12928410889304853,0.28482958210744314,0.6805999911377467,0.0,1.0,0.0935672514619883,15054
0.65773490691598,0.0,0.3221115735515421,0.6272191303832928,0.5212196518919954,0.0,0.375,0.21961805555555552,14753
0.3819024527455691,0.2890623861656048,0.3550053264893607,0.3296637729718328,0.7026865623040013,0.0,0.1411042944785276,0.3026584867075665,16261
0.6023840509977428,0.0,0.2089388451474894,0.4261768949472675,0.319597110331925,0.0,0.0,0.05277777777777776,14029
0.6050788537625509,0.525535045125296,0.6670323647592693,0.6325199336601857,0.795996231320047,0.6257846450989859,0.0,0.3780864197530864,16316
0.6596988972658616,0.500252522571941,0.5127530212245341,0.3848150941493127,0.5621549804512151,0.28309305373525556,0.02702702702702703,0.12725225225225228,12924
0.8321201473561745,0.3748002968969332,0.6884905544375945,0.8282582532911924,0.8342189766763559,0.3963302752293578,0.0,0.557648401826484,14154
0.46479724410345,0.09814502102244904,0.5014946106030342,0.8144363451690269,0.5038512368694057,0.9908256880733944,0.0,0.02407407407407408,13091
0.7409019164917862,0.3748002968969332,0.4197370312128885,0.3512569970827879,0.5872297699760067,0.2201834862385321,0.013513513513513514,0.3367117117117117,16654
0.84333767139684,0.33461767998214015,0.5353473262613457,0.5995479433764968,0.8626110083853913,0.2477064220183486,0.0,0.32187499999999997,15353
0.9124488547259779,0.3748002968969332,0.6307061457575223,0.7255764532024931,0.7741230781253621,0.6605504587155963,0.21585903083700442,0.2944199706314244,13958
0.6276183243742786,0.2890623861656048,0.32751301445705505,0.2810001570197367,0.4331391347702052,0.0,0.14814814814814814,0.2824074074074074,16122
0.39129994657903455,0.0,0.13070768159716906,0.2873541700386535,0.43961164999444796,0.0,0.0,0.19827586206896552,15163
0.5449843152057794,0.0,0.25621906915694903,0.510142142312465,0.26467258618332856,0.6605504587155963,0.0,0.06060606060606061,15158
0.6949324480921609,0.2364726589596911,0.3574027362383738,0.3928927247293361,0.6493597120291801,0.0,0.0,0.22500000000000003,13140
0.37196767472347614,0.47294531791938227,0.5732715059786306,0.5202872322998153,0.6978117209535337,0.4246395806028833,0.17708333333333334,0.06488715277777779,17725
0.7638049054911383,0.44326069645145666,0.31092319179306216,0.08711070306514324,0.8173868567080087,0.0,0.35687732342007433,0.2365241635687732,15483
0.5760429667020784,0.2890623861656048,0.6188158917981281,0.7978591620299946,0.5587757610180022,0.28309305373525556,0.10112359550561797,0.3759363295880151,16563
0.07047441617323603,0.525535045125296,0.5326348886310717,0.39412918360519367,0.8165050033444572,0.14154652686762778,0.0,0.14996936274509803,17870
0.15926168018519554,0.6297184172751005,0.5767725093890579,0.3669936951968078,0.7180917629712247,0.10429744084983099,0.07,0.5608333333333333,18044
0.4706897167575288,0.0,0.11351786197058544,0.25687389136924654,0.2298635879597159,0.0,0.0,0.16964285714285715,15355
0.9762582672863711,0.1742722136142913,0.10379139113584324,0.01667139713430954,0.43961164999444796,0.0,0.030303030303030304,0.1388888888888889,17808
0.6228560731446663,0.09814502102244904,0.47197140337445553,0.7619563629867252,0.7592087603263729,0.4954128440366972,0.0,0.2667100694444445,18204
0.9092257714399075,0.0,0.18529471985602441,0.3842038106183765,0.5842696965152536,0.0,0.0,0.24140211640211634,18011
0.8732071873772289,0.1742722136142913,0.5231638046921976,0.7595309920777091,0.6093903749751954,0.3963302752293578,0.0,0.25051440329218105,14431
0.7371905022407321,0.09814502102244904,0.43104939596301817,0.6892285683595625,0.6472264952691258,0.7926605504587156,0.5306122448979592,0.27508503401360546,17649
0.15926168018519554,0.2890623861656048,0.18898117256934133,0.03655651503221646,0.26467258618332856,0.0,0.11764705882352941,0.31617647058823534,13079
0.2963044763173342,0.525535045125296,0.7430198953497793,0.7674897597249655,0.9355743880382223,0.7549148099606814,0.0,0.12482993197278908,12957
0.798683739262452,0.1742722136142913,0.3746807769187477,0.4958099542727352,0.5518324171611284,0.6605504587155963,0.576271186440678,0.05861581920903952,16838
0.6816832708763944,0.736725181531632,0.7442907612703846,0.5575375681670685,0.7889799751408157,0.33027522935779813,0.2440944881889764,0.1321084864391951,15260
0.9338813023603156,0.09814502102244904,0.40477198931689906,0.642538186273782,0.793020780233433,0.0,0.0,0.12622549019607848,16300
0.0,0.908362957866728,1.0,0.9091892937535699,0.9346245307865884,0.6172356745375245,0.030390738060781478,0.23172937771345875,16705
0.8284608270052908,0.0,0.06316984323994701,0.167661809046868,0.42643946792633786,0.0,0.0,0.2824074074074074,17217
0.19095122637278455,0.8075629979015224,0.7475049729915362,0.4935055421969303,0.9942517782532971,0.22647444298820443,0.09901960784313725,0.051511437908496716,15867
0.7830806992644398,0.0,0.15232883651787188,0.32570509929495284,0.5127328807631524,0.0,0.35555555555555557,0.1388888888888889,17795
0.2963044763173342,0.09814502102244904,0.0,0.0,0.13233629309166428,0.0,0.0,0.3541666666666667,14836
0.7878169949505681,0.2890623861656048,0.3683846317934245,0.3533592140061985,0.463507911617924,0.6605504587155963,0.12,0.1216666666666667,16955
0.7409019164917862,0.0,0.014048766050130501,0.08073577545720845,0.24806029457982387,0.0,0.0,0.22500000000000003,18146
0.6867707939764525,0.1742722136142913,0.18805667014144833,0.165245698703276,0.4331391347702052,0.0,0.6428571428571429,0.30803571428571436,16816
0.0,0.2890623861656048,0.3421767600344776,0.30695149090107554,0.42643946792633786,0.28309305373525556,0.0,0.381076388888889,15208
0.5940395063613914,0.1742722136142913,0.3376589386370614,0.4301272241305891,0.5170234189375158,0.3963302752293578,0.1956521739130435,0.2980072463768116,16136
0.24095362039909712,0.736725181531632,0.7436384441837101,0.556380109788517,0.953641846601647,0.14678899082568805,0.23013698630136986,0.32408675799086756,15570
0.7594593967377011,0.0,0.351170188599087,0.6788666757069017,0.2298635879597159,0.9908256880733944,0.6,0.3972222222222222,18142
0.12047681019954858,0.44326069645145666,0.5651552277478809,0.5367851480205406,0.63618752996107,0.0,0.183206106870229,0.21119592875318066,16539
0.9440623513404363,0.2890623861656048,0.4710786483280083,0.5354558920906176,0.721029065734381,0.0,0.4666666666666667,0.07123015873015875,16032
0.5332622587451961,0.3748002968969332,0.4266398747207174,0.36348229745705507,0.6893997474412297,0.3963302752293578,0.16049382716049382,0.1787551440329218,17837
0.5332622587451961,0.6112729558566243,0.690089866601606,0.5864252459317392,0.7673839933162938,0.20859488169966198,0.138328530259366,0.16246397694524495,14221
0.8335625730337656,0.09814502102244904,0.30477172875672576,0.4649586918407602,0.4897024751079551,0.4954128440366972,0.5128205128205128,0.1388888888888889,13484
0.5249839657950353,0.3748002968969332,0.5303182745147963,0.5473148476843832,0.7784871747339903,0.9247706422018348,0.22510822510822512,0.32341269841269843,14808
0.7457303185486923,0.1742722136142913,0.4841806159448834,0.6902589181504535,0.6876719445742718,0.8492791612057666,0.7213114754098361,0.26946721311475413,16054
0.5852740543029985,0.09814502102244904,0.13389868080332779,0.1621987969779255,0.4331391347702052,0.0,0.0,0.400297619047619,17181
0.2963044763173342,0.09814502102244904,0.3008846530700333,0.45806024446085125,0.27995441307322305,0.0,0.0,0.03125,18058
0.8777220203492372,0.1742722136142913,0.33114189271786,0.4185690461872449,0.7010754057909225,0.0,0.1888111888111888,0.19609557109557108,14549
0.458697976307051,0.3748002968969332,0.5512371656074635,0.5844443812738966,0.7350736982793029,0.3963302752293578,0.398989898989899,0.2041245791245791,16560
0.9511424612300758,0.09814502102244904,0.23822968003872091,0.3469237483114589,0.6220387681996193,0.0,0.35802469135802467,0.3143004115226337,15055
0.5940395063613914,0.09814502102244904,0.37060740202407016,0.5818485494124177,0.5654754278618694,1.0,0.32857142857142857,0.3172619047619048,13109
0.679953790969037,0.33461767998214015,0.4833830439757436,0.5073197033473853,0.6170795045998114,0.9146083274523642,0.19834710743801653,0.10330578512396693,14276
0.887996907750116,0.1742722136142913,0.4013377969245864,0.5431255249168718,0.5083437009364926,0.0,0.20967741935483872,0.625,18085
1.0,0.0,0.7595277412714854,1.0,0.2941031748346736,0.0,0.3076923076923077,0.4038461538461538,14091
0.5071415141747299,0.2364726589596911,0.4225678274908593,0.5084691311798459,0.8836269429733048,0.0,0.0,0.2918627450980393,18022
0.5071415141747299,0.1742722136142913,0.290789140427117,0.34703416621586824,0.6994505371426873,0.3963302752293578,0.0,0.1295289855072464,17979
0.713085762834217,0.3748002968969332,0.3546120568466036,0.23603612015299702,0.5587757610180022,0.2201834862385321,0.3333333333333333,0.1388888888888889,13873
0.8419744385527418,0.2364726589596911,0.23551852521801409,0.17719233740117502,0.6244709146416239,0.0,0.2978723404255319,0.17553191489361708,17580
0.31142803657233314,0.47294531791938227,0.5817434613852219,0.5353182212005099,0.9059067777378469,0.3048694424841214,0.0,0.33508294453084503,17019
0.6299513969427243,0.09814502102244904,0.0,0.0,0.0,0.4954128440366972,0.0,1.0,16462
0.4245075050062308,0.2364726589596911,0.31205805205596815,0.3125588021106227,0.7377627696877789,0.33027522935779813,0.4293785310734463,0.29943502824858764,14508
0.917395952614102,0.0,0.16371456483790858,0.34590614061466374,0.5553356514826076,0.6605504587155963,1.0,0.521604938271605,13545
0.7821177533298619,0.2364726589596911,0.47852578817897906,0.6078051270422471,0.6450691738548169,0.33027522935779813,0.12121212121212122,0.38678451178451184,13663
0.2797384903847442,0.6797333554111478,0.8979446632005632,0.8870555659736263,0.7858922380753239,0.63924237940219,0.1565217391304348,0.45525362318840584,15251
0.3819024527455691,0.41074487257398257,0.5086227430525865,0.47065002076622164,0.6268724672347086,0.4954128440366972,0.3252032520325203,0.20189701897018975,14205
0.6129212951225733,0.33461767998214015,0.7101131977865711,0.9100701979370918,0.8191384370099277,0.4403669724770642,0.0,0.23891694725028062,16253
0.6816832708763944,0.33461767998214015,0.5445949292286221,0.615967331221934,0.4744206482180607,0.4403669724770642,0.0,0.017605633802816878,17588
0.46479724410345,0.525535045125296,0.5502684114242649,0.4253737764063843,0.7151085629991754,0.37155963302752293,0.1,0.11018518518518522,13557
0.0,0.7620077040849871,0.7713926815395951,0.5806725342066605,0.9721126117936598,0.6097388849682428,0.0,0.12533489618218352,14796
0.5852740543029985,0.663862683062538,0.6113104414796964,0.3940649324703942,0.7806323761093319,0.18015012510425354,0.15126050420168066,0.1804971988795518,13911
0.7933352773705274,0.0,0.19908416835448928,0.40868136492857343,0.24806029457982387,0.6605504587155963,0.0,0.10576923076923078,16424
0.5559655220154562,0.41074487257398257,0.44439541689118234,0.356825609057557,0.6859283624673551,0.7077326343381389,0.7329192546583851,0.3501552795031056,16768
0.9603861397467619,0.1742722136142913,0.27132467408641014,0.3125509462764404,0.3888833588003309,0.3963302752293578,0.0,0.19270833333333331,13433
0.6299513969427243,0.2364726589596911,0.3972583809060857,0.46356514956101624,0.5782082060219316,0.33027522935779813,0.0,0.39330808080808083,12987
0.4390001705699397,0.2890623861656048,0.39102809646863523,0.3934792291616369,0.7763175955485768,0.28309305373525556,0.4409090909090909,0.03712121212121211,15584
0.4390001705699397,0.1742722136142913,0.3296651338274501,0.4159501552024394,0.5872297699760067,0.8492791612057666,0.0,0.055555555555555525,14714
0.7594593967377011,0.1742722136142913,0.2183855667374397,0.2188537768787624,0.49925051030224016,0.0,0.0,0.29943502824858764,18203
0.5206921107838413,0.41074487257398257,0.59877901887825,0.6306418303839729,0.7105444991135959,0.6097388849682428,0.0,0.1962962962962963,13982
0.21774435590795382,0.1742722136142913,0.4074859989163031,0.5540407038558974,0.5872297699760067,0.3963302752293578,0.22784810126582278,0.280590717299578,12952
0.8299338129109372,0.2364726589596911,0.4151104969561401,0.49523653181359273,0.6556199749649994,0.33027522935779813,0.8114754098360656,0.21653005464480873,17582
0.8064099577518,0.0,0.18617584920032293,0.3857677669077766,0.4194961240694642,0.6605504587155963,0.0,0.05608974358974356,14620
0.35021290655798015,0.2364726589596911,0.44434163891020373,0.5471134609219908,0.8779462322589293,0.5661861074705111,0.0,0.25395114942528735,17813
0.9138120875700761,0.2364726589596911,0.3842569024724294,0.4405051309940231,0.6013785317374574,0.33027522935779813,0.16,0.07000000000000006,16946
0.5940395063613914,0.500252522571941,0.5348431941584422,0.42395476960015177,0.6244709146416239,0.4954128440366972,0.0,0.2412587412587413,17552
0.7878169949505681,0.09814502102244904,0.36617244647880276,0.5739717256134633,0.7784871747339903,0.0,0.0,0.14939024390243905,14375
0.3253403633778068,0.2364726589596911,0.37051237060259923,0.41613302305746314,0.6978117209535337,0.0,0.6642857142857143,0.16964285714285715,15022
0.9433000198700534,0.0,0.18316520926581425,0.38042412162968287,0.5930156949938641,0.0,0.4520547945205479,0.1860730593607306,16815
0.48190724079819425,0.6112729558566243,0.7721070723974202,0.7320659308953616,0.8165050033444572,0.11009174311926605,0.13210445468509985,0.1746031746031746,17160
0.5487223366205466,0.2890623861656048,0.5235631294718943,0.6286327457662524,0.6978117209535337,0.28309305373525556,0.0,0.2995892018779343,15142
0.4458171735773554,0.3748002968969332,0.4575548021511131,0.41825879943984035,0.6751186314881541,0.0,0.0,0.08546228710462284,14715
0.929801037603301,0.0,0.23546793742853667,0.4732850911846169,0.45780835661455593,1.0,0.0,0.2563131313131313,16576
0.6816832708763944,0.2890623861656048,0.5109276096615145,0.6061953772917776,0.6428871968049372,0.0,0.17105263157894737,0.11622807017543857,17320
0.0,0.6472175315336735,0.6935150607900358,0.5564322445787797,0.6859283624673551,0.0,0.1890909090909091,0.29545454545454547,17001
0.8321201473561745,0.09814502102244904,0.3786376084573839,0.596111666644334,0.5812630058124735,0.7926605504587156,0.0,0.45422535211267606,14206
0.7933352773705274,0.1742722136142913,0.413185514879681,0.5641600179229063,0.5872297699760067,0.0,0.0,0.23401162790697677,13475
0.5728536791183538,0.1742722136142913,0.4105955485508519,0.5595615299454277,0.6170795045998114,0.0,0.8352941176470589,0.5441176470588236,16848
0.5249839657950353,0.1742722136142913,0.302833857951619,0.3683801707912231,0.5083437009364926,0.0,0.0,0.5386904761904763,16836
0.12047681019954858,0.500252522571941,0.55489310124862,0.45949565046929464,0.6556199749649994,0.5828386400431732,0.22085889570552147,0.5086912065439673,16678
0.679953790969037,0.09814502102244904,0.3512131668080847,0.5474054787492753,0.5212196518919954,0.0,0.0,0.1470125786163522,13376
0.3382211661075024,0.2364726589596911,0.32358791022647115,0.33297718024128,0.6576619293362349,0.0,0.44696969696969696,0.29545454545454547,17864
0.6228560731446663,0.500252522571941,0.6954021317192769,0.7088804553929946,0.8389922481389285,0.6605504587155963,0.0,0.4482200647249191,15321
0.26142564254602063,0.1742722136142913,0.4573064610727142,0.6425162339835775,0.6067569413097249,0.0,0.3058823529411765,0.24019607843137253,16169
0.8858836744649456,0.09814502102244904,0.19541318158475884,0.27105351393398336,0.2941031748346736,0.0,0.15384615384615385,0.4038461538461538,14238
0.9289733631982546,0.0,0.23227637243171606,0.46761706668346825,0.45780835661455593,0.0,0.3125,0.515625,14940
0.07047441617323603,0.1742722136142913,0.15971020004121672,0.1151988570413669,0.0,0.0,0.25,1.0,18273
0.8644121596465009,0.1742722136142913,0.4826770689896751,0.6875875481745695,0.5872297699760067,0.0,0.0,0.4187500000000001,13753
0.5162915897505914,0.2364726589596911,0.5672098229891094,0.7653520351624263,0.7555950073831259,0.5661861074705111,0.0,0.3852911646586345,15065
0.31142803657233314,0.6948984268207701,0.8588465820060462,0.8024583942250789,0.8968405800223123,0.4246395806028833,0.020895522388059702,0.22692786069651744,14961
0.07047441617323603,1.0,1.0,0.532712120503295,1.0000000000000002,0.5348401638043236,0.1480498592681946,0.15280793459321806,17841
0.15926168018519554,0.525535045125296,0.5351170383965087,0.39852650755964136,0.8111265937721894,0.5504587155963303,0.055714285714285716,0.13458333333333333,16764
0.5023792629451177,0.09814502102244904,0.2712830874236192,0.4055389227324304,0.6596822753192666,0.0,0.0,0.21988448844884495,16887
0.6299513969427243,0.47294531791938227,0.6499505636358585,0.6563949411302152,0.5654754278618694,0.16513761467889906,0.1111111111111111,0.2824074074074074,17061
0.5791747865065997,0.2890623861656048,0.48167743546421216,0.5542672685152576,0.7180917629712247,0.28309305373525556,0.9574468085106383,0.14804964539007093,16934
0.48190724079819425,0.2364726589596911,0.5254826049486807,0.6912091961164966,0.6268724672347086,0.33027522935779813,0.0,0.4483506944444445,16618
0.63676839995014,0.09814502102244904,0.4694441150351514,0.7574642749315021,0.6195752383575654,0.0,0.32894736842105265,0.2351973684210526,14014
0.3614304305986457,0.2890623861656048,0.36845470776963873,0.3534833429520816,0.5332818255207508,0.0,0.38461538461538464,0.30448717948717957,13589
0.7282093230892159,0.09814502102244904,0.2760532150889843,0.41400080693739394,0.5986314208350632,0.0,0.6571428571428571,0.24345238095238103,12942
0.927306095770217,0.0,0.20595856587383943,0.4208856303106381,0.4194961240694642,0.0,0.42857142857142855,0.3541666666666667,16310
0.12047681019954858,0.09814502102244904,0.8075439412656233,1.0,0.2298635879597159,0.0,0.0,0.425925925925926,16000
0.5372580967164313,0.44326069645145666,0.5962918119399325,0.59204579890095,0.8639944993217483,0.0,0.0,0.1703929539295393,14498
0.9390463609466118,0.0,0.32012085177475047,0.6236812347328726,0.47965168540649755,0.6605504587155963,0.0,0.3881578947368421,14372
0.9302134014897641,0.0,0.29420360058790096,0.5776255555435037,0.5212196518919954,0.6605504587155963,0.0,0.515625,16465
0.9310352058416196,0.0,0.48189391781524593,0.9112935448110835,0.5621549804512151,0.0,0.3508771929824561,0.614766081871345,15151
0.0,0.736725181531632,0.6415246108717045,0.3753605498919794,0.8674099913709672,0.2733312242961088,0.09531502423263329,0.010904684975767354,15898
0.9133588635932801,0.2364726589596911,0.4212726664534163,0.506170839112358,0.6170795045998114,0.33027522935779813,0.4482758620689655,0.46551724137931033,15590
0.8815785306203328,0.0,0.3915816791000586,0.7507054683381615,0.7253519880855284,0.0,0.0,0.22500000000000003,16222
0.6252535083491437,0.09814502102244904,0.16962656477732851,0.2253981197836208,0.6535559449836597,0.0,0.0,0.2902930402930403,17783
0.12047681019954858,0.41074487257398257,0.542309530242731,0.5304063101418,0.6472264952691258,0.1981651376146789,0.20168067226890757,0.2293417366946779,14293
0.3819024527455691,0.2890623861656048,0.2705050611204227,0.180228459795702,0.7281804978012527,0.0,0.0,0.12094907407407407,17371
0.3819024527455691,0.525535045125296,0.533868313207557,0.3963142602990186,0.8046540785479468,0.14154652686762778,0.21385542168674698,0.21021586345381532,15965
0.12047681019954858,0.09814502102244904,0.31350530793722586,0.4804596332850035,0.7774054669464809,0.7926605504587156,0.38028169014084506,0.24804381846635365,14087
0.3614304305986457,0.2890623861656048,0.3590123134311154,0.33675951202133714,0.7135992989041378,0.0,0.0,0.10182119205298013,14966
0.35021290655798015,0.1742722136142913,0.4419585146679854,0.6152552493205923,0.6195752383575654,0.0,0.0,0.18895348837209303,13149
0.529172392480287,0.525535045125296,0.5040116554129335,0.34344050725773334,0.7135992989041378,0.0,0.6877076411960132,0.296234772978959,14810
0.40021530058429267,0.33461767998214015,0.5261397516305426,0.5832013948877344,0.5482636980460824,0.5944954128440366,0.0,0.5032051282051282,15671
0.31142803657233314,0.33461767998214015,0.389064873377881,0.3401286005814721,0.7026865623040013,0.0,0.0,0.3570370370370371,14419
0.2797384903847442,0.0,0.3430101540288337,0.6643625084943694,0.6787903006805251,0.6605504587155963,0.0,0.1953551912568306,16376
0.9156132570212903,0.0,0.3521668272174008,0.6806382089277978,0.0,0.0,0.0,1.0,17310
0.9869813065081203,0.1742722136142913,0.3495891076661184,0.45128907661530593,0.4847432115081472,0.0,0.0,0.2719696969696969,13039
0.9096898873274686,0.1742722136142913,0.18536572167630894,0.16049220517597318,0.40480265177083524,0.3963302752293578,0.0,0.3541666666666667,15960
0.5071415141747299,0.2364726589596911,0.48344645685825594,0.616543367841395,0.6823926889454288,0.5661861074705111,0.0,0.2009180790960452,15252
0.40021530058429267,0.2364726589596911,0.36917184743060427,0.4137563147371348,0.5872297699760067,0.0,0.19753086419753085,0.20267489711934156,13167
0.6179596564922467,0.41074487257398257,0.4767866347142815,0.4142099974255493,0.8397763187019955,0.1981651376146789,0.4602272727272727,0.19637784090909094,15164
0.6596988972658616,0.5490725105112246,0.6013672838541608,0.491959684727858,0.63618752996107,0.0,0.0,0.3627777777777778,16098
0.917395952614102,0.0,0.17751968071183089,0.37040434398304845,0.4847432115081472,0.0,1.0,0.4128787878787879,17300
0.07047441617323603,0.7233447241255158,0.7457841330535357,0.5734258897952365,0.7323462102674929,0.07926605504587156,0.0821917808219178,0.21556316590563168,14135
0.7583558292423568,0.1742722136142913,0.14624857578679817,0.09145381858188428,0.43961164999444796,0.0,0.75,0.23307291666666669,15512
0.8737779967461355,0.0,0.3507757500485773,0.6781655605958368,0.36219988105138007,0.0,0.0,0.24652777777777785,15970
0.5791747865065997,0.0,0.13057001376445898,0.287110024763392,0.6493597120291801,0.0,0.6451612903225806,0.37500000000000006,16674
0.9572417290264748,0.47294531791938227,0.6824683190329073,0.7141508961025789,0.5170234189375158,0.3048694424841214,0.6271186440677966,0.10240112994350287,15369
0.5206921107838413,0.0,0.08119493776645914,0.19958884845933622,0.5518324171611284,0.0,0.0,0.05277777777777776,14995
0.529172392480287,0.2364726589596911,0.4950562248849415,0.6371620185626268,0.7042842361777766,0.0,0.07142857142857142,0.31316137566137564,15865
0.4245075050062308,0.33461767998214015,0.49004393148576364,0.5191379544802337,0.3524069184164829,0.4403669724770642,0.08695652173913043,0.1576086956521739,15864
0.21774435590795382,0.0,0.01771587944234554,0.08722067810300826,0.2298635879597159,0.0,0.3333333333333333,0.425925925925926,14354
0.6917136283876251,0.525535045125296,0.6704274263407008,0.6385481071645467,0.7650837135173396,0.37155963302752293,0.14950166112956811,0.08596345514950171,17146
0.2963044763173342,0.47294531791938227,0.6518465675938576,0.6597619962072434,0.719566063067671,0.3048694424841214,0.24669603524229075,0.2488986784140969,15394
0.7680444155850216,0.2364726589596911,0.49854941961731947,0.643366306242015,0.6961587157031146,0.33027522935779813,0.28,0.26805555555555555,14481
0.31142803657233314,0.0,0.1721144732194908,0.36081182486910546,0.3311716185262597,0.0,0.5625,0.4348958333333333,13657
0.6050788537625509,0.41074487257398257,0.6665198390477056,0.7509659984894763,0.7848517945533988,0.1981651376146789,0.0,0.2824074074074074,13771
0.9101527672191922,0.09814502102244904,0.4420554843224518,0.7087870689051203,0.6406799940281567,0.4954128440366972,0.0,0.34722222222222227,12870
0.6517061651082203,0.5917729095724684,0.8680659143583205,0.9222884133167084,0.5901446497062202,0.2201834862385321,0.09433962264150944,0.24449685534591198,15523
0.5629189010962606,0.33461767998214015,0.4303899513782643,0.41334293100915964,0.5170234189375158,0.2477064220183486,0.0,0.3260869565217392,16099
0.45237686891880524,0.5710903389418314,0.618302497461442,0.4996360570385612,0.7481555890646834,0.0,0.061224489795918366,0.3334548104956268,15203
0.8239654566945892,0.0,0.35919923457799974,0.693138634412283,0.5958442047095882,0.0,0.0,0.4009661835748793,17277
0.9147150054271733,0.09814502102244904,0.4319322621906849,0.6907974225556912,0.6596822753192666,0.0,0.0,0.22996794871794873,13156
0.31142803657233314,0.47294531791938227,0.6054922879088545,0.5774635223906255,0.5842696965152536,0.0,0.0703125,0.16243489583333331,14408
0.8130007491299401,0.1742722136142913,0.2832050387887952,0.33359631392508127,0.5212196518919954,0.0,0.0,0.27666666666666667,14699
0.8538749155216705,0.1742722136142913,0.16470085457455452,0.1240056533466869,0.3072753569027837,0.0,0.0,0.07738095238095238,14962
0.46479724410345,0.5490725105112246,0.6596426844804049,0.5953590113245815,0.8046540785479468,0.6605504587155963,0.1056338028169014,0.24955985915492956,17069
0.6537390689447445,0.0,0.10668697222618917,0.24476443945410464,0.5654754278618694,0.0,0.0,0.20220588235294118,17786
0.4319048467718818,0.09814502102244904,0.3134921025042481,0.48043619403287674,0.4897024751079551,0.0,0.0,0.16964285714285715,14851
0.26142564254602063,0.5710903389418314,0.7040837620167162,0.6518754718029851,0.5872297699760067,0.33027522935779813,0.2564102564102564,0.24652777777777785,13183
0.5940395063613914,0.8180609933483898,0.8719441816757971,0.704068794545353,0.8374143803665011,0.5069340729677833,0.05211726384364821,0.18376764386536376,14952
0.5940395063613914,0.1742722136142913,0.3570475514004292,0.4645210304734875,0.5687391126992583,0.0,0.0,0.1875,15886
0.9124488547259779,0.0,0.13024638552691958,0.28653609272799674,0.09752729486805156,0.0,0.0,0.5694444444444444,16489
0.7690883304144399,0.663862683062538,0.5040318326913336,0.20434744089864143,0.6944912735428794,0.5137614678899082,0.5637254901960784,0.024918300653594738,17969
0.2963044763173342,0.7855451694709157,0.7589934731489127,0.5354995672257061,0.7763175955485768,0.38532110091743116,0.06437768240343347,0.1823140200286123,13999
0.726887557809818,0.2890623861656048,0.2881257262308454,0.2113539114083327,0.5293451723666571,0.28309305373525556,0.08928571428571429,0.2849702380952382,17615
0.7924276445163021,0.3748002968969332,0.48464627733296406,0.4662900856286578,0.6268724672347086,0.7621736062103035,0.0,0.45547385620915043,15658
0.4245075050062308,0.7739793861965301,0.677506516865467,0.40240891908913845,0.44587191293026723,0.0683328060740272,0.05737704918032787,0.34357923497267756,18061
0.748095134573827,0.2890623861656048,0.33672902553514916,0.2973090085327026,0.5482636980460824,0.0,0.0,0.19953051643192488,14958
0.6884340726654826,0.1742722136142913,0.2598176520838116,0.2921728376434545,0.6170795045998114,0.0,0.7037037037037037,0.12294238683127573,13301
0.7242134851179807,0.09814502102244904,0.18431563745166302,0.251401367352289,0.671374964212994,0.0,0.0,0.27852852852852855,16324
0.12047681019954858,0.2364726589596911,0.37957831597209757,0.4322082642504175,0.5553356514826076,0.33027522935779813,0.0,0.08589743589743593,13882
0.7594593967377011,0.09814502102244904,0.15652753548816545,0.20221889194971654,0.5958442047095882,0.0,0.29591836734693877,0.1564625850340136,15334
0.8357040124002005,0.0,0.11997576730142723,0.26832362829498435,0.42643946792633786,0.0,1.0,0.03125,13508
0.26142564254602063,0.2890623861656048,0.3407451429382071,0.3044173863219046,0.5901446497062202,0.0,0.0,0.20220588235294118,15028
0.8570409647476336,0.2890623861656048,0.25895355023922884,0.1598358478421129,0.5719479430861123,0.0,0.16455696202531644,0.23154008438818569,17639
0.8269752513238847,0.0,0.19748016967598558,0.4058338986552974,0.3888833588003309,0.6605504587155963,0.0,0.1576086956521739,17718
0.9908014887831347,0.09814502102244904,0.6784983597788166,1.0,0.5958442047095882,0.0,0.0,0.32187499999999997,13935
0.9322606724688938,0.33461767998214015,0.5181036739745295,0.5689361610580836,0.6769632923482158,0.4403669724770642,0.18309859154929578,0.0994718309859155,17465
0.24095362039909712,0.2890623861656048,0.4787549447976349,0.5490799859120203,0.6195752383575654,0.0,0.0,0.1792534722222222,17086
0.4706897167575288,0.09814502102244904,0.3596802340629488,0.5624416781340336,0.7166059896069179,0.0,0.0,0.1915467625899281,16386
0.8650125446877427,0.0,0.17327949320371938,0.36287930202477026,0.41229070616488733,0.0,0.0,0.4316666666666668,17171
0.7711575369551622,0.2364726589596911,0.6002875241046945,0.82414073681637,0.7639230964855688,0.0,0.8636363636363636,0.07415501165501165,15665
0.7924276445163021,0.0,0.23585878561012508,0.47397922627802314,0.45780835661455593,0.0,0.0,0.04047619047619044,16230
0.39129994657903455,0.2364726589596911,0.4120004330521265,0.4897183403404677,0.6514693568509644,0.5661861074705111,0.0,0.3283333333333333,15106
0.458697976307051,0.525535045125296,0.5902205847351125,0.4962067769990559,0.8182646555590196,0.2642201834862385,0.8313953488372093,0.23401162790697677,17211
0.7594593967377011,0.1742722136142913,0.14179837125878358,0.08360745968984462,0.09752729486805156,0.6605504587155963,0.0,0.3541666666666667,17440
0.6154587313790155,0.0,0.24413355065350562,0.4886756015404776,0.5482636980460824,0.0,0.6153846153846154,0.3541666666666667,16667
0.35021290655798015,0.2364726589596911,0.4095028661717408,0.4852870936117346,0.43961164999444796,0.0,0.3076923076923077,0.20512820512820518,15186
0.9096898873274686,0.1742722136142913,0.3327257223156459,0.42137789372818246,0.6472264952691258,0.0,0.0,0.06712962962962965,14605
0.7027279831513678,0.2890623861656048,0.5370788993457127,0.6526364731584917,0.27995441307322305,0.0,0.0,0.24652777777777785,15797
0.5372580967164313,0.09814502102244904,0.41247103412746156,0.6562170957953164,0.6170795045998114,0.4954128440366972,0.0,0.4925595238095238,14412
0.8512998862518628,0.2364726589596911,0.5693393186148377,0.7691364075661249,0.7377627696877789,0.0,0.0,0.39166666666666666,13707
0.46479724410345,0.2364726589596911,0.42663631934103385,0.5156890392624884,0.6292441861041964,0.7431192660550459,0.0,0.2657894736842105,13310
0.7721829753077689,0.0,0.26130835653806495,0.5191825444566556,0.45780835661455593,0.0,0.0,0.16421568627450983,15258
0.9334775593294888,0.09814502102244904,0.3801584599776784,0.5988130977128383,0.6013785317374574,0.0,0.0,0.22500000000000003,16307
0.6454607759945838,0.1742722136142913,0.23586215135995636,0.24976968003688182,0.45780835661455593,0.0,0.4,0.0,15675
0.9129044547158507,0.09814502102244904,0.31748693285893204,0.48752708373099773,0.42643946792633786,0.0,0.0,0.5545977011494252,14202
0.2963044763173342,0.44326069645145666,0.6019227234009077,0.6020418652335888,0.6384469754290434,0.33027522935779813,0.012658227848101266,0.12526371308016876,14824
0.6077325128896673,0.1742722136142913,0.25186493647410013,0.27809274285618324,0.3970088792749929,0.0,0.0,0.400297619047619,17483
0.9425343301004165,0.0,0.06900643368265746,0.1779983426503564,0.3072753569027837,0.0,0.0,0.07738095238095238,15401
0.15926168018519554,0.8282455685321597,0.8161031600724231,0.5949359808407408,0.7795627883607901,0.11323722149410222,0.12280701754385964,0.05148287385129491,14110
0.5411641329307647,0.33461767998214015,0.5299395155384778,0.5899470370670872,0.5751037325186668,0.5944954128440366,0.18095238095238095,0.11428571428571427,16232
0.8601503731928798,0.6112729558566243,0.731007171498647,0.6590674075708374,0.8646825033591572,0.3774574049803407,0.146484375,0.1826171875,13715
0.48190724079819425,0.33461767998214015,0.4570196481546438,0.4605562340171705,0.7443242715898262,0.0,0.0,0.33777495769881566,16205
0.8419744385527418,0.2364726589596911,0.37377143806744684,0.4219115087968297,0.5872297699760067,0.33027522935779813,0.0,0.18133802816901412,13462
0.48190724079819425,0.5917729095724684,0.5337885414200145,0.32899968159915893,0.5293451723666571,0.0,0.052083333333333336,0.08506944444444448,13695
0.9913818275413702,0.0,0.13876639076573416,0.3016468165838391,0.41229070616488733,0.6605504587155963,0.0,0.22500000000000003,15682
0.8038725214953578,0.09814502102244904,0.17811615182517415,0.24042547654392443,0.5621549804512151,0.0,0.0,0.23375706214689268,18048
0.3614304305986457,0.3748002968969332,0.50751224046343,0.50684825675817,0.27995441307322305,0.2201834862385321,0.0,0.3541666666666667,15793
0.8595329256639201,0.09814502102244904,0.25728485061734596,0.38071091887069297,0.49453617414304446,0.0,0.0,0.47008547008547014,17325
0.497482846292698,0.1742722136142913,0.24920303316598114,0.2733805886256475,0.7390932344013892,0.0,0.6611111111111111,0.1819444444444444,16445
0.5629189010962606,0.2890623861656048,0.33896172712230155,0.3012607063998467,0.5127328807631524,0.4954128440366972,0.14,0.30250000000000005,17420
0.63676839995014,0.09814502102244904,0.2800583048059937,0.4211060689203985,0.5212196518919954,0.0,0.0,0.3822463768115942,14880
0.48190724079819425,0.2890623861656048,0.540240425842585,0.6582517405265378,0.49453617414304446,0.0,0.0,0.1895424836601307,15043
0.4245075050062308,0.7967316776285425,0.8634980868052866,0.7100172307263599,0.3888833588003309,0.6305254378648874,0.05673758865248227,0.36790780141843965,16656
0.8113763326650222,0.3748002968969332,0.5575984130572027,0.5957371227221404,0.6823926889454288,0.0,0.0,0.23674242424242425,12976
0.8371171201563901,0.09814502102244904,0.3345883754487169,0.5178864489615356,0.44587191293026723,0.0,0.0,0.125,14924
0.0,0.09814502102244904,0.26639081737615866,0.3968610602801741,0.3072753569027837,0.0,0.15,0.3541666666666667,13318
0.4390001705699397,0.09814502102244904,0.5445315193982307,0.8909508569041074,0.745609939167265,0.0,0.0,0.3852495543672014,14544
0.6023840509977428,0.0,0.38977093345800484,0.747486249284179,0.16176688174300935,0.0,0.0,0.1388888888888889,13689
0.2963044763173342,0.5917729095724684,0.5795543595938251,0.4100403252676941,0.7696568881811783,0.0,0.0,0.4510416666666666,15024
0.48190724079819425,0.0,0.283402355090987,0.5584339494721411,0.4744206482180607,0.0,0.0,0.2619047619047619,15103
0.21774435590795382,0.7620077040849871,0.7791247387745512,0.594395409187312,1.0000000000000002,0.4954128440366972,0.36055923473142015,0.2643487858719647,16033
0.9243493316949063,0.09814502102244904,0.4330513376375391,0.6927860344749108,0.6384469754290434,0.0,0.0,0.015873015873015872,17853
0.21774435590795382,0.7967316776285425,0.8093772262894185,0.6139156239546053,0.7752234898966017,0.1238532110091743,0.6032171581769437,0.0,17858
0.6596988972658616,0.0,0.4590368113669405,0.8706459001582822,0.4847432115081472,0.0,0.0,0.7739583333333333,17919
0.7887489612403589,0.47294531791938227,0.31591683967712036,0.06528795164468049,0.0,0.16513761467889906,0.18181818181818182,1.0,12891
1.0,0.0,0.2089895366182375,0.4262668954883768,0.3420843551263963,0.0,0.0,0.24019607843137253,17294
0.566293983776904,0.1742722136142913,0.3889760596988818,0.5211816837105354,0.5553356514826076,0.8492791612057666,0.38571428571428573,0.2065476190476191,15664
0.9087604129380458,0.0,0.26126149793097464,0.5190993048877957,0.47965168540649755,0.6605504587155963,0.0,0.23824786324786323,16781
0.12047681019954858,0.47294531791938227,0.6599620277079594,0.6741747287985844,0.90142748926262,0.528440366972477,0.3806706114398422,0.2229618671926364,14572
0.15926168018519554,0.7496005937938663,0.6416035915955185,0.36281070533767723,0.9835029222759033,0.07339449541284403,0.11592632719393282,0.11696460816179127,17346
0.497482846292698,0.0,0.18454307399466163,0.38286969484674294,0.5371389448624995,0.0,1.0,0.11356209150326796,16243
0.5206921107838413,0.1742722136142913,0.28204017657387603,0.33153256598122693,0.5332818255207508,0.0,0.26785714285714285,0.23883928571428575,16018
0.2797384903847442,0.9238728074081577,0.9104025360759287,0.6690064048127788,0.7239218621942243,0.27199136535348084,0.07428571428571429,0.30250000000000005,16839
0.8216734063818487,0.09814502102244904,0.3525440583877877,0.549768847324982,0.4331391347702052,0.9908256880733944,0.0,0.20220588235294118,16227
0.39129994657903455,0.2364726589596911,0.7440594593287204,1.0,0.0,0.0,0.0,0.7847222222222223,16532
0.4458171735773554,0.6797333554111478,0.7562908400097741,0.6353927035274263,0.7494157976914757,0.4403669724770642,0.013888888888888888,0.23307291666666669,15981
0.6616409431303133,0.44326069645145666,0.5656139892793641,0.5375991736622252,0.7719030424859472,0.5661861074705111,0.17699115044247787,0.21699852507374634,13611
0.21774435590795382,0.0,0.2638788027415693,0.5237487338160958,0.6514693568509644,0.0,1.0,0.08506944444444448,13822
0.9138120875700761,0.0,0.15327260211216576,0.3273794325299657,0.46904223864579303,0.0,1.0,0.3367117117117117,15519
0.35021290655798015,0.33461767998214015,0.5716159328467705,0.6639533022193254,0.7390932344013892,0.0,0.0,0.3038922155688623,13437
0.9165068903348841,0.0,0.1804690879687325,0.37563890479205253,0.38039658767148815,0.6605504587155963,0.0,0.69,14358
0.4706897167575288,0.44326069645145666,0.5278350406657379,0.4705842555619,0.719566063067671,0.7431192660550459,0.0,0.1388888888888889,14748
0.9260450651121828,0.0,0.21634098679433644,0.43931963648243877,0.4331391347702052,0.6605504587155963,0.0,0.3764367816091954,13733
0.7384364666917951,0.33461767998214015,0.6215765457393563,0.7527088004068863,0.6339010246229115,0.2477064220183486,0.9186046511627907,0.053779069767441845,12916
0.919598913620258,0.09814502102244904,0.3133027197111873,0.48010004563624675,0.5038512368694057,0.0,0.0,0.3541666666666667,15617
0.6884340726654826,0.3748002968969332,0.43364196630626917,0.3758855028983583,0.7650837135173396,0.2201834862385321,0.21428571428571427,0.3368675595238095,15325
0.37196767472347614,0.6472175315336735,0.8351851775921686,0.8080237095692078,0.6145507138055673,0.4128440366972477,0.17567567567567569,0.11852477477477474,15482
0.5594769807694883,0.33461767998214015,0.5423888146698939,0.6120501538114018,0.5083437009364926,0.5944954128440366,0.0,0.16837899543378992,14233
0.7572452101496886,0.0,0.29853264201267704,0.5853178081559729,0.463507911617924,0.6605504587155963,0.0,0.1970720720720721,13699
0.3614304305986457,0.0,0.18629507281062385,0.3859793836792662,0.4744206482180607,0.0,0.0,0.1388888888888889,17767
0.15926168018519554,0.7855451694709157,0.9244324566862343,0.8292866521250133,0.8817520907831402,0.2914193200215866,0.29545454545454547,0.21429367201426025,15640
0.878278216973033,0.0,0.2277342482413327,0.45955085223143866,0.4744206482180607,0.0,0.0,0.0233739837398374,13600
0.7087220701296603,0.1742722136142913,0.2507514691929553,0.2761216185718116,0.4194961240694642,0.0,0.0,0.24019607843137253,15624
0.0,0.09814502102244904,0.24308832529205437,0.35553756566415684,0.38039658767148815,0.7926605504587156,0.0,0.10576923076923078,15344
0.0,1.0,1.0,0.6962163143942783,0.9064593712170266,0.4403669724770642,0.0967741935483871,0.21874999999999994,17675
0.9984771513394279,0.3748002968969332,0.4445749207492511,0.39525577512241217,0.7627553808345569,0.3963302752293578,0.0,0.20897932816537473,15911
0.9433000198700534,0.0,0.39366161655380405,0.7544032986889246,0.6596822753192666,0.0,1.0,0.2314049586776859,16608
0.4706897167575288,0.2890623861656048,0.5474062542284677,0.6709797705848262,0.6493597120291801,0.6605504587155963,0.0,0.4806701030927835,14226
0.5449843152057794,0.2364726589596911,0.6099653454909695,0.8413431483696168,0.6841687102527929,0.0,0.0,0.36366421568627455,18079
0.9866839389477895,0.09814502102244904,0.06980136864830011,0.04902605939205218,0.16176688174300935,0.0,0.0,0.2619047619047619,15591
0.696519776901627,0.6297184172751005,0.7452439509722242,0.6657995264169547,0.8626110083853913,0.7516608668142992,0.0,0.15143487858719645,16550
0.45237686891880524,0.09814502102244904,0.20189016233149415,0.2825258550620473,0.41229070616488733,0.0,0.4074074074074074,0.1388888888888889,14784
0.3382211661075024,0.6112729558566243,0.7045299411326715,0.6120571844231761,0.8979976800112113,0.3774574049803407,0.9159519725557461,0.30874785591766724,17769
0.4706897167575288,0.44326069645145666,0.44620280392678247,0.32595208780747753,0.6315868033939045,0.18015012510425354,0.16346153846153846,0.11818910256410253,17162
0.5206921107838413,0.500252522571941,0.6264237125638039,0.586394845708637,0.8200082376659363,0.6605504587155963,0.2318840579710145,0.34012681159420294,18257
0.5117767567785831,0.41074487257398257,0.47604742799861977,0.41289994297547894,0.7795627883607901,0.1981651376146789,0.058577405857740586,0.18392608089260815,16221
0.3614304305986457,0.44326069645145666,0.4319426235128443,0.30071734405277906,0.7763175955485768,0.33027522935779813,0.0,0.06678628389154706,17345
1.0,0.0,0.0,0.05548311707664455,0.2298635879597159,0.9908256880733944,0.0,0.0,13457
0.5249839657950353,0.2890623861656048,0.30465164506163633,0.2405643742038066,0.8200082376659363,0.28309305373525556,0.25630252100840334,0.16964285714285715,13544
1.0,0.0,0.2095112309923315,0.427193144650863,0.40480265177083524,0.0,0.7307692307692307,0.10576923076923078,14369
0.5487223366205466,0.2364726589596911,0.4967300181311143,0.6401348283934443,0.6994505371426873,0.0,0.0,0.166371158392435,13652
0.6746596366221932,0.47294531791938227,0.6283378418991656,0.6180184551783856,0.795996231320047,0.16513761467889906,0.9570200573065902,0.3782234957020057,17050
0.4458171735773554,0.525535045125296,0.7639363039378688,0.8046567820104604,0.915616713229112,0.810675562969141,0.1205564142194745,0.30126223596084495,13735
0.5372580967164313,0.0,0.10031298085388918,0.23346647065376414,0.43961164999444796,0.0,0.0,0.3345959595959596,15014
0.9470786751357636,0.1742722136142913,0.1720763062663988,0.13702434671687258,0.5842696965152536,0.3963302752293578,0.0,0.0640096618357488,17753
0.7791964863028962,0.5917729095724684,0.5730812009710153,0.39857217064482064,0.8111265937721894,0.5404503753127605,0.08264462809917356,0.2634297520661157,18168
0.4390001705699397,0.5710903389418314,0.6536464544660896,0.5623402624139571,0.5842696965152536,0.0,0.4505928853754941,0.04528985507246375,16008
0.21774435590795382,0.7855451694709157,0.6708637240179351,0.3792865318034673,0.795996231320047,0.18577981651376146,0.16129032258064516,0.2541666666666667,18065
0.26142564254602063,0.5917729095724684,0.5565290077296063,0.3692556979190127,0.5812630058124735,0.7133944954128439,0.0,0.24566666666666664,15602
0.12047681019954858,0.500252522571941,0.6090974429789733,0.5556442776599084,0.7239218621942243,0.1524347212420607,0.12796208530805686,0.5408767772511849,14868
0.4763889583782348,0.0,0.29345114375832004,0.5762885433488785,0.5782082060219316,0.0,0.0,0.4054232804232804,17038
0.5760429667020784,0.47294531791938227,0.5817378816993131,0.5353083210472598,0.5446269992565518,0.3048694424841214,0.2,0.1905555555555556,13750
0.8378193889768806,0.0,0.2990740759885806,0.58627989639673,0.45780835661455593,0.0,0.0,0.4128787878787879,13712
0.6228560731446663,0.2890623861656048,0.5433519487593099,0.6637783601507894,0.8766605646814905,0.0,0.26216216216216215,0.20405405405405408,13764
0.6746596366221932,0.2364726589596911,0.5943322225008543,0.8135555871071234,0.7337148248291214,0.5661861074705111,0.0,0.1765625,14565
0.9073568147590225,0.2364726589596911,0.5486840632529033,0.7324318114267889,0.7105444991135959,0.0,0.672316384180791,0.32132768361581926,16718
0.0,0.47294531791938227,0.6247532930194395,0.6116544862970843,0.7784871747339903,0.6994063680518079,0.1453287197231834,0.10164359861591699,13510
0.4458171735773554,0.09814502102244904,0.14592955389457174,0.18347220469053083,0.319597110331925,0.0,0.0,0.24019607843137253,16478
0.8328428564914604,0.1742722136142913,0.32924965565594366,0.4152133568551468,0.45780835661455593,0.8492791612057666,0.0,0.31828703703703703,17746
0.7371905022407321,0.33461767998214015,0.27887846799050076,0.14535698292455312,0.5751037325186668,0.2477064220183486,0.03125,0.45507812500000006,17935
0.9671765070485678,0.0,0.09962630639715009,0.23224942234258905,0.27995441307322305,0.0,0.0,0.10576923076923078,14876
0.3253403633778068,0.3748002968969332,0.5633714078452952,0.605986327927841,0.42643946792633786,0.8492791612057666,0.0,0.2563131313131313,17924
0.6917136283876251,0.2364726589596911,0.3389713002963366,0.36022887185652874,0.673255973652656,0.0,0.0,0.26805555555555555,17189
0.5911665269570773,0.44326069645145666,0.5282317772819267,0.4712877897530796,0.5930156949938641,0.18015012510425354,0.0,0.20897932816537473,16086
0.39129994657903455,0.663862683062538,0.7162802994888926,0.5801969741840531,1.0000000000000002,0.18015012510425354,0.1650485436893204,0.3118426375404531,14030
0.5940395063613914,0.41074487257398257,0.6741544268430661,0.7645312519065195,1.0000000000000002,0.3603002502085071,0.0,0.1122727272727273,14535
0.9338813023603156,0.33461767998214015,0.46696124910382886,0.4781882387392249,0.6040866752116578,0.5944954128440366,0.10869565217391304,0.19972826086956524,14492
0.3819024527455691,0.2890623861656048,0.5245728990202208,0.6304259617843535,0.63618752996107,0.4954128440366972,0.0,0.10374149659863946,15814
0.5629189010962606,0.2890623861656048,0.32931829483344965,0.28419446795324754,0.6119879784981619,0.0,0.0,0.10919540229885061,13573
0.7515831037276318,0.09814502102244904,0.4223835387344572,0.6738298470015258,0.47965168540649755,0.4954128440366972,0.32558139534883723,0.18895348837209303,16450
0.9133588635932801,0.0,0.26621130648012237,0.5278923253696959,0.45780835661455593,0.0,0.0,0.2824074074074074,12880
0.5911665269570773,0.44326069645145666,0.5556207437174521,0.519868459131559,0.3420843551263963,0.0,0.0,0.16421568627450983,15199
0.07047441617323603,0.5917729095724684,0.6242764281740667,0.489315588093737,0.6268724672347086,0.7133944954128439,0.06521739130434782,0.3878623188405797,14032
0.07047441617323603,0.09814502102244904,0.4177509580734615,0.6655984162813757,0.7627553808345569,0.0,0.29081632653061223,0.24213435374149667,17590
0.9256226802223777,0.0,0.2829476884557862,0.5576261343811038,0.5038512368694057,0.0,0.0,0.24390243902439018,14324
0.21774435590795382,0.44326069645145666,0.4434790322439701,0.321131296680204,0.8968405800223123,0.0,1.0,0.2275641025641026,13838
0.37196767472347614,0.2364726589596911,0.4521035805456972,0.5608920988645676,0.6406799940281567,0.33027522935779813,0.0,0.13470873786407772,15594
0.45237686891880524,0.09814502102244904,0.3350290803736675,0.5186688940274278,0.7555950073831259,0.0,1.0,0.27666666666666667,15787
0.6129212951225733,0.47294531791938227,0.6112905925934937,0.5877554392250359,0.7615804791958605,0.891743119266055,0.0,0.1576086956521739,16875
0.7772213366774423,0.0,0.18239120812623644,0.37905036618205723,0.41229070616488733,0.6605504587155963,0.28,0.17333333333333334,16484
0.9106144176808055,0.2364726589596911,0.3329296658471754,0.3495249233496909,0.6978117209535337,0.5661861074705111,0.3728813559322034,0.43079096045197734,17322
0.4706897167575288,0.1742722136142913,0.3373192279904522,0.4295247045001602,0.463507911617924,0.6605504587155963,0.0,0.16041666666666665,18217
0.2797384903847442,0.0,0.02277464974790433,0.09616786527672017,0.20974806203473212,0.0,0.0,0.09583333333333333,17737
0.6833957112958092,0.09814502102244904,0.39044971956895447,0.6170940438327466,0.5212196518919954,0.4954128440366972,0.0,0.5694444444444444,16842
0.45237686891880524,0.33461767998214015,0.4799805461131801,0.501283203817245,0.7481555890646834,0.0,0.6297709923664122,0.3590966921119592,16726
0.7594593967377011,0.0,0.22593080686889655,0.45634828413156314,0.41229070616488733,0.0,0.0,0.2824074074074074,16829
0.4763889583782348,0.2890623861656048,0.5568826850313777,0.6878131961697362,0.7058686511943799,0.6605504587155963,0.1437908496732026,0.10511982570806105,17702
0.6129212951225733,0.6112729558566243,0.7278313422220282,0.6534279912527783,0.8667317636105727,0.5779816513761468,0.0912863070539419,0.23089557399723376,16556
0.7811494427663043,0.09814502102244904,0.3523590988742964,0.5494403982039056,0.5482636980460824,0.0,0.0,0.16154970760233917,17749
0.5791747865065997,0.09814502102244904,0.17284763789662239,0.23109929459152245,0.5409196805609917,0.0,0.8064516129032258,0.22916666666666669,15440
0.8771640381794457,0.09814502102244904,0.24116949278493127,0.3521355993479751,0.5812630058124735,0.0,0.0,0.251207729468599,17223
0.8440152991425289,0.1742722136142913,0.4662746528408408,0.658447275194987,0.05492452414859644,0.0,0.0,0.22500000000000003,16692
0.8493432656277181,0.0,0.18827950157107232,0.38950170790227756,0.4331391347702052,0.0,0.0,0.26805555555555555,14762
0.24095362039909712,0.09814502102244904,0.3741619344424856,0.5881619168057344,0.5518324171611284,0.0,0.25862068965517243,0.3541666666666667,14788
0.8766042589625276,0.0,0.28176023458473476,0.5555163753837755,0.49925051030224016,0.6605504587155963,0.0,0.48333333333333334,14497
0.31142803657233314,0.500252522571941,0.5532471628083362,0.456577487305875,0.16176688174300935,0.1524347212420607,0.06666666666666667,0.3972222222222222,17929
0.26142564254602063,0.3748002968969332,0.5566791714987616,0.5941051938009474,0.6596822753192666,0.2201834862385321,0.0,0.298228346456693,14897
0.49244448492302473,0.8477456148163154,0.9460001797763593,0.8065376777892812,0.8653680369997314,0.2899977623629447,0.18281535648994515,0.31284277879341865,15513
0.35021290655798015,0.1742722136142913,0.24677783798148067,0.2690877649506309,0.4331391347702052,0.0,0.0,0.1511904761904762,17557
0.4245075050062308,0.1742722136142913,0.34247564212343895,0.43867063177044496,0.5986314208350632,0.0,0.7073170731707317,0.3226626016260163,16009
0.848026507082967,0.2364726589596911,0.4328681637886551,0.5267488159731482,0.6428871968049372,0.33027522935779813,0.17204301075268819,0.1111111111111111,13239
0.24095362039909712,0.7739793861965301,0.7350964083014668,0.504486936731726,1.0000000000000002,0.3963302752293578,0.4397482014388489,0.17644634292565953,17611
0.4245075050062308,0.500252522571941,0.5849234005281083,0.5127532610939367,0.951038339251546,0.6605504587155963,0.09165302782324058,0.14804964539007093,14593
0.4763889583782348,0.0,0.3258852150828342,0.633925738464215,0.6145507138055673,0.0,0.0,0.09234234234234234,17537
0.9931113074487274,0.09814502102244904,0.1657460755642879,0.21853050718077505,0.4897024751079551,0.4954128440366972,0.4090909090909091,0.03125,14172
0.9467044849016444,0.0,0.0,0.0,0.09752729486805156,0.0,0.0,0.48333333333333334,15094
0.8916343471547108,0.41074487257398257,0.445510426337115,0.35880021785120153,0.6616814654583214,0.6097388849682428,0.0,0.09938837920489302,15607
0.37196767472347614,0.525535045125296,0.579195690825749,0.47665486371710863,0.8619154851616329,0.2642201834862385,0.0,0.42691570881226054,15858
0.41678128651688284,0.1742722136142913,0.41198502507471413,0.5620285299485963,0.6145507138055673,0.8492791612057666,0.0,0.3384146341463415,16463
0.784990732734176,0.09814502102244904,1.0,1.0,0.0,0.7926605504587156,0.0,1.0,15098
0.39129994657903455,0.47294531791938227,0.5915570524100517,0.5527319524770984,0.7543750612912838,0.4246395806028833,0.0,0.4038461538461538,16128
0.7027279831513678,0.500252522571941,0.518721976281207,0.3953890062263583,0.6145507138055673,0.5828386400431732,0.05,0.21577380952380948,14745
0.5852740543029985,0.2890623861656048,0.31008421709059286,0.25017043920458026,0.49453617414304446,0.0,0.0,0.31617647058823534,14624
0.5162915897505914,0.09814502102244904,0.19969641535851568,0.27863998022444925,0.3420843551263963,0.4954128440366972,0.35294117647058826,0.08823529411764708,18270
0.4245075050062308,0.500252522571941,0.5736027378463426,0.49267317437785096,0.6805999911377467,0.3963302752293578,0.0748663101604278,0.08823529411764708,13313
0.15926168018519554,0.1742722136142913,0.5792861951794885,0.8592879487270739,0.4331391347702052,0.0,0.0,0.33981481481481485,14737
0.7421216498946895,0.1742722136142913,0.2737042358227988,0.316765716406485,0.7430298875554828,0.3963302752293578,0.0,0.04007285974499092,17962
0.5117767567785831,0.5917729095724684,0.5392735093759511,0.338707030531364,0.6170795045998114,0.0,0.0,0.20452235772357724,13728
0.9803187338055035,0.1742722136142913,0.21972867058352774,0.22122910170141385,0.43961164999444796,0.0,0.0,0.6436781609195403,15278
0.26142564254602063,0.0,0.4716974586543943,0.8931604816731711,0.7989260215047,0.0,0.0,0.1565829528158295,15531
0.5629189010962606,0.2890623861656048,0.46981505653875577,0.5332133734689668,0.7026865623040013,0.0,0.3442622950819672,0.23770491803278687,13761
0.6411689209833898,0.2890623861656048,0.4455125640462809,0.4900913468495305,0.6339010246229115,0.28309305373525556,0.0707070707070707,0.07365319865319864,17731
0.6103462658527656,0.2364726589596911,0.44738306411986617,0.5525122969883944,0.6751186314881541,0.5661861074705111,0.0,0.17379879879879878,15730
0.529172392480287,0.1742722136142913,0.3026774699935313,0.36810298026359645,0.7639230964855688,0.0,1.0,0.31158424908424914,17255
0.4245075050062308,0.2364726589596911,0.3192591747521303,0.32531066012403254,0.3970088792749929,0.33027522935779813,0.0,0.3541666666666667,15287
0.8426573914810048,0.1742722136142913,0.3691004223160379,0.48590712758294297,0.7166059896069179,0.0,0.8705035971223022,0.39598321342925663,14479
0.8038725214953578,0.2364726589596911,0.27512430231782536,0.24719626109868886,0.3970088792749929,0.0,0.0,0.37500000000000006,16226
0.7721829753077689,0.0,0.32537444257687387,0.633017971887579,0.42643946792633786,0.0,0.0,0.20833333333333331,17704
0.9525969575557232,0.09814502102244904,0.3405478428050859,0.5284674626300678,0.38039658767148815,0.4954128440366972,0.0,0.5303030303030303,15268
0.6389825865381525,0.2364726589596911,0.5945054324684262,0.813863451237657,0.7719030424859472,0.33027522935779813,0.21468926553672316,0.518361581920904,15067
0.5629189010962606,0.47294531791938227,0.6594498156867235,0.67326502602495,0.8619154851616329,0.4246395806028833,0.0,0.23554421768707484,17092
0.8644121596465009,0.0,0.24004134798077414,0.48140750602623306,0.4331391347702052,0.6605504587155963,0.0,0.3972222222222222,18056
0.12047681019954858,0.44326069645145666,0.4945101308226252,0.41150846078581615,0.6067569413097249,0.18015012510425354,0.12403100775193798,0.27906976744186046,16076
0.2963044763173342,0.47294531791938227,0.45530039884553775,0.3112413720390099,0.8714295274930537,0.0,0.25,0.11197916666666669,14723
0.4319048467718818,0.33461767998214015,0.42896327634287545,0.41081420226144205,0.6535559449836597,0.5944954128440366,0.0,0.22500000000000003,13939
0.2963044763173342,0.47294531791938227,0.6038371704712278,0.5745258545961851,0.6406799940281567,0.16513761467889906,0.1409090909090909,0.22500000000000003,17682
0.2797384903847442,0.47294531791938227,0.5457276186906452,0.47143317760217096,0.6616814654583214,0.528440366972477,0.0,0.08823529411764708,13012
0.4245075050062308,0.5710903389418314,0.7688200691863456,0.7668645963956684,0.5083437009364926,0.2331354560172693,0.26595744680851063,0.0,13941
0.37196767472347614,0.33461767998214015,0.22944339214936282,0.0582729846955119,0.24806029457982387,0.0,0.0,0.6630434782608696,13277
0.5523816569714304,0.0,0.42568097588763054,0.8113330310118472,0.6428871968049372,0.6605504587155963,0.0,0.40613026819923376,16491
0.7616457311829384,0.0,0.282635262067912,0.557071041970765,0.5127328807631524,0.0,1.0,0.3541666666666667,13833
0.5411641329307647,0.0,0.24534547318240407,0.4908281328643651,0.5654754278618694,0.0,0.5483870967741935,0.31249999999999994,15821
0.8619896633365633,0.0,0.1627430104016061,0.34418223069521026,0.49453617414304446,0.0,0.0,0.172008547008547,16078
0.15926168018519554,0.9458906358387644,0.7593305012824909,0.37968834454999056,0.9910901821353069,0.4293577981651376,0.1675347222222222,0.2566189236111111,17811
0.48190724079819425,0.41074487257398257,0.4337616870788372,0.3379968542118541,0.6535559449836597,0.0,0.0,0.43715083798882687,17515
0.6077325128896673,0.3748002968969332,0.32886560854394165,0.1905556274805833,0.3311716185262597,0.0,0.0,0.2824074074074074,17382
1.0,0.3748002968969332,0.036411285071988764,0.0,0.24806029457982387,0.2201834862385321,0.0,0.19270833333333331,15359
0.9306247893661157,0.09814502102244904,0.476090834041917,0.7692785130528002,0.40480265177083524,0.4954128440366972,0.0,0.46180555555555564,13696
0.7321153593035494,0.2890623861656048,0.5145743001171585,0.6126706274926452,0.5332818255207508,0.28309305373525556,0.09090909090909091,0.013636363636363613,13414
0.5117767567785831,0.33461767998214015,0.44236674683288313,0.43457425814662676,0.7010754057909225,0.4403669724770642,0.013986013986013986,0.2683566433566434,15551
0.9474520615234332,0.0,0.037649947926111205,0.12248532359547681,0.3420843551263963,0.0,0.0,0.31617647058823534,16819
0.6454607759945838,0.0,0.5077519145337961,0.9572807084302934,0.3888833588003309,0.6605504587155963,0.0,0.24652777777777785,15341
0.19095122637278455,0.3748002968969332,0.4374581199691252,0.3826461494773834,0.6769632923482158,0.0,0.14728682170542637,0.1789405684754522,17006
0.8486861332887645,0.0,0.31128666876951283,0.6079817377742003,0.4744206482180607,0.0,0.0,0.30448717948717957,16135
0.8055682549126341,0.2890623861656048,0.41334999916779847,0.43304862632549335,0.5170234189375158,0.0,0.0,0.1216666666666667,13531
0.40869558228073843,0.44326069645145666,0.5171961110359935,0.45172015090559325,0.7390932344013892,0.33027522935779813,0.39800995024875624,0.37023217247097845,15906
0.8986885273150771,0.1742722136142913,0.38365066318603414,0.5117294247786297,0.5719479430861123,0.8492791612057666,0.0,0.15544871794871795,13304
0.7995593647748882,0.2890623861656048,0.18753567120150905,0.03401497711235235,0.42643946792633786,0.28309305373525556,0.4745762711864407,0.2556497175141243,16356
0.3614304305986457,0.2364726589596911,0.3708648659419851,0.41675799715818873,0.5986314208350632,0.33027522935779813,0.3037974683544304,0.3132911392405064,17302
0.696519776901627,0.0,0.2570512110744929,0.5116202972016528,0.3970088792749929,0.0,0.0,0.4384057971014493,13933
0.4458171735773554,1.0,1.0,0.8844645107548228,0.822594113499856,0.6605504587155963,0.0,0.09867216117216115,14680
0.5411641329307647,0.33461767998214015,0.47403129421744006,0.4907291980851747,0.7010754057909225,0.0,0.3389830508474576,0.13159133709981163,15990
0.7457303185486923,0.33461767998214015,0.4679565558730183,0.47995363990381357,0.6450691738548169,0.5944954128440366,0.0,0.10757575757575755,16859
0.39129994657903455,0.1742722136142913,0.2215430900554478,0.22443813035180527,0.3524069184164829,0.0,0.56,0.5350000000000001,13247
0.0,1.0,0.8968537132468264,0.49903910326203316,0.9140322982125086,0.2724770642201835,0.4902143522833178,0.051413482447965175,17243
0.4319048467718818,0.7496005937938663,0.7432602716968599,0.54299185811053,0.7741230781253621,0.2642201834862385,0.03762376237623762,0.1943069306930693,16186
0.15926168018519554,0.41074487257398257,0.48384987263016344,0.42672881377555494,0.8309691805316421,0.1981651376146789,0.0,0.14693665628245067,13755
0.40869558228073843,0.33461767998214015,0.4714388708010906,0.48613054429905134,0.18726081724026072,0.5944954128440366,0.21428571428571427,0.44642857142857145,14477
1.0,0.09814502102244904,0.27054125717875555,0.40422302558286893,0.2941031748346736,0.7926605504587156,0.0,0.31111111111111117,14558
0.8607656350622969,0.1742722136142913,0.3858563712966303,0.5156443432735287,0.4519334034235893,0.3963302752293578,0.0,0.08092948717948717,16159
0.12047681019954858,0.7967316776285425,0.7363086628873725,0.48427790301010587,0.9604158046304561,0.1238532110091743,0.16714285714285715,0.2619047619047619,15984
0.15926168018519554,0.3748002968969332,0.42277493047343784,0.35663701498228106,0.8909474913847613,0.0,0.0,0.21551987767584097,16910
0.6276183243742786,0.2364726589596911,0.44180914615056266,0.5426181920608346,0.5958442047095882,0.0,0.0,0.0863821138211382,17656
0.07047441617323603,0.09814502102244904,0.26080399582487357,0.3869520926444352,0.6145507138055673,0.0,0.0,0.15324074074074073,16368
0.9730689797026466,0.3748002968969332,0.4443943414866174,0.3949357975934349,0.6013785317374574,0.0,0.2736842105263158,0.2793859649122807,12932
0.26142564254602063,0.44326069645145666,0.43933728011889506,0.31380155912529917,0.8436490866576436,0.0,0.4061032863849765,0.07218309859154931,16813
0.5071415141747299,0.0,0.27141336068775246,0.5371338437678956,0.3970088792749929,0.0,0.0,0.10576923076923078,14150
0.8697423956382757,0.2364726589596911,0.29668643241246806,0.2853467469619959,0.463507911617924,0.33027522935779813,0.0,0.37162162162162166,14176
0.7995593647748882,0.09814502102244904,0.3650288403228181,0.5719406482246698,0.6067569413097249,0.4954128440366972,0.0,0.3367117117117117,14009
0.6276183243742786,0.41074487257398257,0.531911472689115,0.511957912145869,0.5751037325186668,0.4954128440366972,0.05434782608695652,0.19972826086956524,15841
0.63676839995014,0.2364726589596911,0.4987492193651881,0.6437211782772263,0.7151085629991754,0.5661861074705111,0.7083333333333334,0.2016782407407407,16485
0.9133588635932801,0.09814502102244904,0.25166130796328323,0.3707384318622704,0.24806029457982387,0.0,0.0,0.0,17098
0.8306656510305271,0.2890623861656048,0.42501857832735124,0.4537400015459969,0.49925051030224016,0.28309305373525556,0.2982456140350877,0.34283625730994155,17990
0.3382211661075024,0.0,0.2760640200900786,0.5453961394171258,0.671374964212994,0.0,1.0,0.3012295081967213,18156
0.5071415141747299,0.500252522571941,0.664076754372475,0.6532444079626387,0.9008601161443988,0.0,0.2864516129032258,0.06,16409
0.8551482640491418,0.0,0.13542688854821372,0.2957237477149963,0.4331391347702052,0.0,0.0,0.07738095238095238,13226
0.919598913620258,0.09814502102244904,0.38900227150279565,0.6145227597070624,0.5212196518919954,0.0,0.0,0.41081871345029247,15441
0.6917136283876251,0.0,0.2842334148713539,0.5599105169735685,0.49453617414304446,0.6605504587155963,0.0,0.5079365079365079,16309
0.49244448492302473,0.0,0.17952329989081495,0.37396031219748327,0.5293451723666571,0.0,0.0,0.2849702380952382,15522
0.4706897167575288,0.0,0.4230760824500994,0.8067013277115151,0.6596822753192666,0.6605504587155963,0.0,0.06850961538461542,17977
0.6746596366221932,0.2364726589596911,0.5775324317854977,0.7836970475050022,0.7639230964855688,0.5661861074705111,0.1206896551724138,0.26508620689655166,17722
0.7527303771776803,0.0,0.21626232281986701,0.4391799602546693,0.41229070616488733,0.0,0.0,0.22500000000000003,13675
0.9973611841245846,0.0,0.10093371919297378,0.23456667024149014,0.5038512368694057,0.0,0.0,0.2754065040650407,16502
0.9607320329885114,0.0,0.26116481409619197,0.5189275559570046,0.3888833588003309,0.0,0.0,0.3541666666666667,14115
0.9928242532189613,0.09814502102244904,0.3488306001241197,0.5431746524047427,0.4194961240694642,0.0,0.0,0.44642857142857145,15771
0.37196767472347614,0.0,0.38284974542366124,0.7351817079898457,0.5958442047095882,0.6605504587155963,0.0,0.213768115942029,16653
0.26142564254602063,0.5917729095724684,0.7536375771769122,0.718937988271922,0.8598135823123876,0.31289232254949295,0.07293666026871401,0.1694657709532949,14367
0.7594593967377011,0.1742722136142913,0.3615172223865606,0.47245136970508694,0.5170234189375158,0.0,0.0,0.3953900709219858,14352
0.9054675429337244,0.1742722136142913,0.3747406092404941,0.49591613622063657,0.5812630058124735,0.0,0.0,0.19029850746268662,17978
0.4763889583782348,0.33461767998214015,0.5012016663168313,0.5389374784571541,0.6384469754290434,0.2477064220183486,0.0,0.2973333333333334,16628
0.39129994657903455,0.1742722136142913,0.40281538025629615,0.5457486712380129,0.4847432115081472,0.0,0.0,0.22500000000000003,15116
0.9256226802223777,0.09814502102244904,0.1513213851946178,0.19300898296215774,0.6170795045998114,0.0,0.0,0.33137254901960783,16259
0.458697976307051,0.500252522571941,0.46426968077846276,0.298988976141388,0.5518324171611284,0.1524347212420607,0.26136363636363635,0.08996212121212122,13984
0.9021110825594811,0.2890623861656048,0.47073354354653385,0.5348434246378861,0.6893997474412297,0.28309305373525556,0.2608695652173913,0.1295289855072464,15789
0.07047441617323603,0.8477456148163154,0.9906394115037553,0.8858712927035053,0.7417266680668597,0.10711629060252914,0.0,0.12711588541666669,16210
1.0,0.09814502102244904,0.16141254413747652,0.21086203671537596,0.5930156949938641,0.0,0.0,0.17476851851851855,17945
1.0,0.09814502102244904,0.2530850293227491,0.3732630860599324,0.47965168540649755,0.0,0.8421052631578947,0.4221491228070176,17209
0.5372580967164313,0.33461767998214015,0.6090528910762854,0.730456990051283,0.7058686511943799,0.2477064220183486,0.1870967741935484,0.2750000000000001,18287
0.6129212951225733,0.41074487257398257,0.47655319155803855,0.4137962770089991,0.8173868567080087,0.0,0.0,0.19213780918727913,14651
0.937077922052481,0.09814502102244904,0.29402250978485456,0.4458828299171549,0.4897024751079551,0.0,0.0,0.18421052631578944,14228
0.15926168018519554,0.3748002968969332,0.4202151591872023,0.3521037180795059,0.7869270423092811,0.0,0.015306122448979591,0.13010204081632648,17290
0.5728536791183538,0.2364726589596911,0.3063508566287634,0.3024541329197199,0.4847432115081472,0.0,0.0,0.2123983739837399,15637
0.3253403633778068,0.0,0.20676543771390854,0.422318153065679,0.6911120541096665,0.0,0.652542372881356,0.2447033898305085,14954
0.31142803657233314,0.500252522571941,0.4666844450101142,0.30326079728144717,0.6769632923482158,0.1524347212420607,0.0,0.5469527363184079,14901
0.5911665269570773,0.5710903389418314,0.6912704134461687,0.6291242700019859,0.8667317636105727,0.2331354560172693,0.029197080291970802,0.2771695052716951,12836
0.3614304305986457,0.44326069645145666,0.4330513376375391,0.3026789320169978,0.5293451723666571,0.0,0.0,0.20980392156862743,15134
0.9064147458044252,0.09814502102244904,0.31072442338929607,0.47552373588144126,0.5253256362445706,0.0,0.0,0.22996794871794873,15180
0.3614304305986457,0.0,0.26294668930527876,0.5220928980590107,0.13233629309166428,0.0,0.0,0.1388888888888889,13525
0.6228560731446663,0.41074487257398257,0.572644025528732,0.5842421600581402,0.6195752383575654,0.1981651376146789,0.0,0.15544871794871795,14409
0.5728536791183538,0.3748002968969332,0.2887593219787712,0.11980974306293302,0.44587191293026723,0.2201834862385321,0.0,0.05102040816326531,14798
0.9285580432954659,0.09814502102244904,0.3069426665553361,0.4688116467995631,0.5332818255207508,0.0,0.0,0.2619047619047619,17023
0.7255556639620995,0.47294531791938227,0.6781041843963089,0.7063985792386607,0.806525867205024,0.528440366972477,0.12,0.28404761904761905,18178
0.9289733631982546,0.0,0.49087140556811915,0.927259229565077,0.43961164999444796,0.0,0.0,0.10919540229885061,15934
0.37196767472347614,0.2890623861656048,0.4114603794849032,0.4296982715785529,0.6040866752116578,0.28309305373525556,0.0,0.2003968253968254,16173
0.12047681019954858,0.500252522571941,0.6246245657968981,0.5832013948877341,0.6841687102527929,0.4954128440366972,0.07174887892376682,0.11958146487294469,16143
0.0,0.3748002968969332,0.5830681161818219,0.6409603793945771,0.7858922380753239,0.5404503753127605,0.0,0.22397891963109356,17528
0.2963044763173342,0.3748002968969332,0.5508351430185121,0.5837307245766659,0.6675564186492879,0.2201834862385321,0.1223021582733813,0.05215827338129497,13647
0.5523816569714304,0.2364726589596911,0.4271546740823018,0.5166089368562004,0.669475237954164,0.0,0.3769230769230769,0.1256410256410257,16017
0.2963044763173342,0.5490725105112246,0.542763377199641,0.3880857877144721,0.2941031748346736,0.13211009174311925,0.046511627906976744,0.309108527131783,13784
0.6710384369637787,0.33461767998214015,0.45865127080041246,0.46344979967869393,0.5719479430861123,0.0,0.0,0.2619047619047619,16175
0.9768891619776612,0.0,0.2596729336443042,0.5162774016062541,0.3524069184164829,0.0,1.0,0.1388888888888889,15956
0.458697976307051,0.2890623861656048,0.4396708601737722,0.47972831455503995,0.6576619293362349,0.28309305373525556,0.6349206349206349,0.24140211640211634,17041
0.15926168018519554,0.09814502102244904,0.33008971954563027,0.5098995890155311,0.5719479430861123,0.7926605504587156,0.0,0.37373737373737376,15097
0.9621087633279468,0.2364726589596911,0.5456491517746955,0.7270391930716444,0.6994505371426873,0.7431192660550459,0.0,0.19609557109557108,16736
0.7433328833442149,0.09814502102244904,0.37075548808865655,0.5821115675536475,0.37151494377774147,0.4954128440366972,0.0,0.15544871794871795,17866
0.9092257714399075,0.0,0.21029099108039562,0.42857759044880295,0.4194961240694642,0.6605504587155963,0.0,0.453525641025641,14237
0.8030184102109524,0.09814502102244904,0.3288737020675101,0.5077407597396724,0.4847432115081472,0.0,0.6428571428571429,0.2003968253968254,17176
0.3614304305986457,0.09814502102244904,0.16046932049016904,0.20919307189656333,0.3311716185262597,0.0,0.0,0.18421052631578944,16856
0.48725570269011875,0.3748002968969332,0.6345283700246493,0.7323671400873644,0.5986314208350632,0.8492791612057666,0.0,0.22281073446327687,13329
0.7242134851179807,0.2364726589596911,0.4034501813714937,0.4745489843137689,0.6292441861041964,0.5661861074705111,0.0,0.1298245614035088,17429
0.40021530058429267,0.500252522571941,0.6403350498335565,0.6110896776242942,0.9360475503963228,0.0,0.5132575757575758,0.21961805555555552,17758
0.0,0.0,0.14357474759573585,0.3101756942348852,0.4331391347702052,0.0,0.0,0.26689189189189194,16322
0.12047681019954858,0.7739793861965301,0.8019718495784982,0.6231529634869353,0.8626110083853913,0.5589273112208891,0.02100840336134454,0.2971813725490196,15194
0.4706897167575288,0.33461767998214015,0.4059848156797612,0.3700965543366983,0.801811531045828,0.0,0.0,0.4138655462184873,14662
0.6023840509977428,0.2364726589596911,0.3682460304168278,0.41211490428065356,0.6994505371426873,0.0,0.0,0.27113095238095236,16354
0.9354869608609788,0.2890623861656048,0.2934093861104068,0.2206911713367694,0.5482636980460824,0.0,0.5,0.054315476190476164,15420
0.9289733631982546,0.09814502102244904,0.20523171095568626,0.28844527345937365,0.38039658767148815,0.0,0.3333333333333333,0.2345679012345679,13957
0.49244448492302473,0.44326069645145666,0.5985621677048629,0.5960760795557523,0.8817520907831402,0.0,0.20833333333333334,0.08190359477124187,16771
0.713085762834217,0.09814502102244904,0.11106273316302673,0.12184460064354385,0.319597110331925,0.0,0.0,0.1388888888888889,13307
0.5728536791183538,0.6297184172751005,0.6183901004446648,0.4407219374363718,0.7543750612912838,0.6097388849682428,0.14583333333333334,0.18732638888888892,14211
0.41678128651688284,0.41074487257398257,0.665543056966557,0.7492304933340508,0.8397763187019955,0.1981651376146789,0.0,0.19456417624521077,16279
0.5760429667020784,0.5490725105112246,0.6347410470959098,0.5511644345439985,0.7592087603263729,0.0,0.0962962962962963,0.12453703703703706,13875
0.0,0.2890623861656048,0.508231838617313,0.6014087974102804,0.6450691738548169,0.0,0.532608695652174,0.3260869565217392,16833
0.4706897167575288,0.1742722136142913,0.27867886694707233,0.3255777609522299,0.6093903749751954,0.0,0.0,0.06200396825396831,15184
0.6728584671709789,0.3748002968969332,0.4633752427837632,0.4285758721569495,0.6315868033939045,0.0,0.0,0.16556047197640117,16172
0.4319048467718818,0.2890623861656048,0.47698649180930075,0.5459411633141882,0.782753741420624,0.0,0.3882783882783883,0.2524420024420025,15506
0.7995593647748882,0.0,0.18447621026757433,0.38275101732561523,0.42643946792633786,0.0,0.75,0.19270833333333331,12974
0.5411641329307647,0.1742722136142913,0.5373125515642896,0.7846773229818815,0.7180917629712247,0.9908256880733944,0.0,0.31408045977011495,14842
0.9467044849016444,0.0,0.0922449614387626,0.2191680014145574,0.20974806203473212,0.0,0.0,0.3541666666666667,15378
0.2963044763173342,0.1742722136142913,0.4981331352002245,0.7150499802181778,0.7443242715898262,0.0,0.0,0.2619047619047619,14554
0.9641536256973884,0.09814502102244904,0.38408646058797546,0.6057904296066146,0.43961164999444796,0.7926605504587156,0.6285714285714286,0.11428571428571427,14430
0.5206921107838413,0.0,0.30720027014453066,0.6007199835437242,0.6170795045998114,0.0,0.4666666666666667,0.1388888888888889,16127
0.4390001705699397,0.3748002968969332,0.44967917737278285,0.4043007966910366,0.46904223864579303,0.0,0.13333333333333333,0.05277777777777776,14522
0.6596988972658616,0.09814502102244904,0.15963360354811207,0.2077143720865946,0.16176688174300935,0.0,0.0,0.8154761904761905,14500
0.4390001705699397,0.3748002968969332,0.43760996940178765,0.38291517641572326,0.8268275666345437,0.5404503753127605,0.0,0.30276816608996543,12933
0.5023792629451177,0.09814502102244904,0.36470814243092775,0.5713710836862347,0.7404144916729889,0.0,0.0,0.22500000000000003,14971
0.5332622587451961,0.3748002968969332,0.5384107842102024,0.5616772451328624,0.6859283624673551,1.0,0.11976047904191617,0.18013972055888222,16554
0.3614304305986457,0.09814502102244904,0.5259078847148053,0.8578385623300928,0.6751186314881541,0.4954128440366972,0.0,0.359593837535014,14756
0.5449843152057794,0.09814502102244904,0.41940813059324333,0.6685429417076918,0.6195752383575654,0.4954128440366972,0.0,0.11197916666666669,15630
0.5760429667020784,0.2364726589596911,0.40427977475713983,0.4760207106119436,0.6616814654583214,0.33027522935779813,0.6554621848739496,0.4572829131652662,13760
0.8291988803292089,0.0,0.11580417479189875,0.26092731508610445,0.2941031748346736,0.0,0.0,0.515625,14242
0.15926168018519554,0.09814502102244904,0.3429089980465698,0.5326598846950066,0.5482636980460824,0.7926605504587156,0.0,0.38592896174863395,12994
0.37196767472347614,0.5710903389418314,0.8341400735908893,0.8829486336070773,0.7350736982793029,0.33027522935779813,0.0219435736677116,0.291405433646813,14733
0.12047681019954858,1.0,1.0,1.0,1.0000000000000002,0.5828386400431732,0.0,0.1951284796573876,17511
0.49244448492302473,0.2890623861656048,0.5833871032487694,0.7349013672043272,0.7707832685207077,0.4954128440366972,0.2268041237113402,0.2210051546391752,16053
0.6850914447130855,0.41074487257398257,0.42808472948923004,0.3279470807066911,0.6841687102527929,0.0,0.49324324324324326,0.048704954954954915,14078
0.0,0.525535045125296,0.6086544990586089,0.5289063368797662,0.7979544117040793,0.2642201834862385,0.08678500986193294,0.1490795529257068,17673
0.8557814570868226,0.09814502102244904,0.20739972818935204,0.2922860799491771,0.5127328807631524,0.4954128440366972,0.0,0.1576086956521739,14727
0.9187210769228968,0.0,0.18012241042412858,0.3750236160710072,0.36219988105138007,0.6605504587155963,0.0,0.11622807017543857,13252
0.7878169949505681,0.2890623861656048,0.3597383475350746,0.3380452816327091,0.6944912735428794,0.0,0.0,0.15713276836158196,17854
0.45237686891880524,0.09814502102244904,0.2458560454704457,0.36044477668769015,0.6406799940281567,0.0,0.865979381443299,0.30756013745704475,13379
0.9496756905287573,0.0,0.2404586545790659,0.4821486643028734,0.4194961240694642,0.6605504587155963,0.0,0.16666666666666669,13024
0.9762582672863711,0.0,0.3695447523685287,0.7115290794249618,0.5332818255207508,0.0,0.0,0.20151515151515154,14671
0.45237686891880524,0.0,0.3160688149750239,0.6164801242593876,0.5293451723666571,0.0,0.0,0.16579861111111116,14862
0.26142564254602063,0.2890623861656048,0.5683295365396395,0.7081486132214594,0.5083437009364926,0.4954128440366972,0.4931506849315068,0.45148401826484014,17183
0.9106144176808055,0.0,0.28964920224478297,0.5695331302786337,0.3888833588003309,0.9908256880733944,0.0,0.37500000000000006,17547
0.9310352058416196,0.33461767998214015,0.3948825202295203,0.3504311655027421,0.5371389448624995,0.5944954128440366,0.0,0.4745762711864407,13440
1.0,0.0,0.37817315790304473,0.7268678510406357,0.43961164999444796,0.9908256880733944,0.0,0.4128787878787879,13526
0.9106144176808055,0.09814502102244904,0.34392363762782985,0.5344614934476954,0.5958442047095882,0.4954128440366972,0.0,0.41444444444444445,14510
1.0,0.09814502102244904,0.20374921153468284,0.2858190272021506,0.20974806203473212,0.0,0.0,0.5032051282051282,17067
0.4245075050062308,0.2890623861656048,0.5365119749548366,0.6516295624529147,0.7224809427978844,0.28309305373525556,0.10218978102189781,0.44373479318734793,16871
0.31142803657233314,0.2364726589596911,0.3976198900192973,0.4642064115552633,0.5518324171611284,0.33027522935779813,0.25,0.25919117647058826,14511
0.3382211661075024,0.41074487257398257,0.46534589101054524,0.3939365946836231,0.7592087603263729,0.1981651376146789,0.2996389891696751,0.09070397111913359,16942
0.4390001705699397,0.09814502102244904,0.2804885710388947,0.42186941311160364,0.6493597120291801,0.0,0.0,0.09852430555555552,17198
0.15926168018519554,0.2890623861656048,0.4271594011480193,0.45753670376828537,0.6472264952691258,0.4954128440366972,0.16129032258064516,0.18055555555555558,16790
0.9485674319602682,0.0,0.3391856080873761,0.6575647423449422,0.47965168540649755,0.6605504587155963,0.08333333333333333,0.46180555555555564,15430
0.7538701274690452,0.09814502102244904,0.22400527514179736,0.32171037130620594,0.7120780086736189,0.0,0.0,0.19480519480519481,14552
0.3382211661075024,0.41074487257398257,0.5149891632210748,0.48194068801454293,0.6994505371426873,0.1981651376146789,0.2916666666666667,0.21662808641975312,15747
0.4245075050062308,0.0,0.3184298391721849,0.6206760150470485,0.45780835661455593,0.0,0.0,0.29545454545454547,16070
0.2963044763173342,0.44326069645145666,0.5255281440808381,0.46649353067220356,0.7580117600808145,0.18015012510425354,0.14201183431952663,0.1974852071005917,13203
0.6389825865381525,0.0,0.15253072409860757,0.3260632656689646,0.36219988105138007,0.6605504587155963,0.0,0.5921052631578947,13519
1.0,0.0,0.1178569439406445,0.26456684017536225,0.27995441307322305,0.0,0.0,0.1388888888888889,15662
0.2963044763173342,0.47294531791938227,0.5871091082780346,0.5448389839721703,0.7998927117409524,0.16513761467889906,0.17045454545454544,0.08996212121212122,14540
0.6345256424248367,0.2890623861656048,0.3843256322860682,0.3816015628614946,0.6067569413097249,0.6605504587155963,0.27906976744186046,0.06879844961240311,13787
0.4458171735773554,0.6112729558566243,0.6381277882974237,0.49423370044272286,0.8027637570285964,0.4503753127606338,0.04296875,0.22298177083333331,17314
0.3382211661075024,0.33461767998214015,0.3308198697372031,0.2370763688809825,0.7627553808345569,0.0,0.4021164021164021,0.24140211640211634,17812
0.40021530058429267,0.7094179768790734,0.6608858026518447,0.43665139366637407,0.8259883524755203,0.511393903521752,0.1458966565349544,0.269756838905775,15527
0.8299338129109372,0.2364726589596911,0.33927355461320463,0.36076441425363703,0.5409196805609917,0.9908256880733944,0.0,0.36635220125786166,16947
0.9059417896034365,0.1742722136142913,0.3750567653370971,0.49647720686190033,0.43961164999444796,0.6605504587155963,0.0,0.6053240740740742,15347
0.7659375861941324,0.1742722136142913,0.43281546731320497,0.5990173127693423,0.6093903749751954,0.3963302752293578,0.22666666666666666,0.34555555555555556,16801
0.6228560731446663,0.1742722136142913,0.2581181249908413,0.2891636125152037,0.49453617414304446,0.0,0.0,0.4715909090909091,16589
0.6228560731446663,0.09814502102244904,0.4608777414273597,0.7422385907050137,0.6636599382283828,0.7926605504587156,0.0,0.3603174603174603,14305
0.7605560016157585,0.6797333554111478,0.8570067540283008,0.814297234578647,0.18726081724026072,0.38108680310515175,0.11538461538461539,0.1802884615384615,12980
0.8466996968490192,0.2364726589596911,0.512114899625935,0.6674619795097576,0.671374964212994,0.8807339449541284,0.0,0.2716165413533835,14256
0.45237686891880524,0.6112729558566243,0.647970086782947,0.511690130544646,0.7519115314492297,0.5169525329078579,0.0,0.15336134453781514,17663
0.40869558228073843,0.09814502102244904,0.30387149197834384,0.4633609959046736,0.7180917629712247,0.4954128440366972,1.0,0.15721040189125296,13212
0.6673401847510195,0.0,0.23782389683794736,0.4774692483471714,0.6535559449836597,0.0,0.0,0.24872448979591838,16031
0.8595329256639201,0.09814502102244904,0.2492562150323756,0.36647368340819075,0.7592087603263729,0.0,0.0,0.12686219739292365,14670
0.9386544525582095,0.2890623861656048,0.3782071444632342,0.370760327277712,0.4744206482180607,0.0,0.3541666666666667,0.11197916666666669,17021
0.9260450651121828,0.0,0.11436386313939662,0.25837375307872845,0.42643946792633786,0.0,1.0,0.0,14183
0.8842817156906868,0.0,0.21424297198554876,0.4355944309758153,0.46904223864579303,0.0,0.0,0.39215686274509803,15174
0.5911665269570773,0.500252522571941,0.654375725536652,0.6360183203538017,0.753147269833051,0.0,0.3058823529411765,0.37696078431372554,17863
0.5968657685777834,0.6112729558566243,0.6499072511634889,0.5151262569013768,0.6384469754290434,0.20859488169966198,0.2689655172413793,0.33189655172413796,15606
0.40021530058429267,0.09814502102244904,0.2923969191158058,0.4429982683334741,0.6961587157031146,0.0,1.0,0.16041666666666665,15988
0.9908014887831347,0.0,0.20261829022877165,0.41495544089751424,0.4519334034235893,0.0,0.0,0.3881578947368421,13698
0.6103462658527656,0.1742722136142913,0.2603217940822806,0.2930655100681421,0.7603983025780725,0.3963302752293578,0.0,0.39044943820224715,15276
0.6949324480921609,0.47294531791938227,0.4481548052615789,0.2985990742015818,0.4194961240694642,0.0,0.03333333333333333,0.009722222222222243,17268
0.31142803657233314,0.0,0.2957138397094019,0.580309064715324,0.6195752383575654,0.0,0.0,0.31204710144927544,13030
0.848026507082967,0.0,0.17743166367980012,0.37024813602662654,0.5621549804512151,0.0,0.0,0.27485380116959063,15437
0.9768891619776612,0.0,0.0,0.05061942365311256,0.4194961240694642,0.0,1.0,0.2873563218390805,18137
0.15926168018519554,0.2364726589596911,0.5259319795414874,0.692007539465592,0.7506677425957238,0.5661861074705111,0.0,0.15871710526315785,15157
0.48725570269011875,0.5710903389418314,0.7008149150527303,0.6460710431626242,0.7603983025780725,0.2331354560172693,0.1152542372881356,0.11115819209039551,16187
0.7201236188530716,0.0,0.2081650322183859,0.4248030297505374,0.41229070616488733,0.0,0.19230769230769232,0.30448717948717957,13248
0.19095122637278455,0.2890623861656048,0.5738724815528291,0.7179963863129224,0.9171880876450631,0.4954128440366972,0.2248427672955975,0.232311320754717,16360
0.31142803657233314,0.6297184172751005,0.6787768798895628,0.5478127416221301,0.8055922667443203,0.1981651376146789,0.0,0.33904682274247494,17419
0.9600395567872244,0.1742722136142913,0.1362762077317461,0.07387351800557251,0.05492452414859644,0.3963302752293578,0.0,0.7847222222222223,15873
0.7840383396848578,0.0,0.0552427607389927,0.15362554012327068,0.3420843551263963,0.0,0.4117647058823529,0.39215686274509803,18281
0.9285580432954659,0.0,0.41025105971215314,0.7838980870345416,0.6093903749751954,0.0,0.0,0.1905555555555556,16854
0.19095122637278455,0.0,0.09272433948970882,0.2200175046385795,0.42643946792633786,0.0,1.0,0.19827586206896552,14658
0.9803187338055035,0.0,0.14580289086143638,0.3141281212264806,0.5293451723666571,0.0,0.5686274509803921,0.24019607843137253,15878
0.6154587313790155,0.1742722136142913,0.5482629771063692,0.8041407570732053,0.7281804978012527,0.6605504587155963,0.0,0.4099794238683127,13635
0.9493070556151415,0.0,0.0,0.0,0.26467258618332856,0.0,0.0,0.4038461538461538,16375
0.4319048467718818,0.09814502102244904,0.2916369718872236,0.4416497885973816,0.6787903006805251,0.0,0.0,0.1470125786163522,17461
0.9470786751357636,0.2890623861656048,0.4796075193070235,0.550593244615641,0.44587191293026723,0.4954128440366972,0.44,0.27666666666666667,18258
0.7027279831513678,0.0,0.25802870766255226,0.5133566633651097,0.4194961240694642,0.0,0.0,0.0,15232
0.6252535083491437,0.41074487257398257,0.7678051758030637,0.9309844829152367,0.37151494377774147,0.0,0.0784313725490196,0.16421568627450983,16182
0.8021600810759429,0.0,0.22332525610414677,0.4517214311072464,0.5083437009364926,0.0,1.0,0.24652777777777785,14647
0.6933304893179024,0.1742722136142913,0.3534802070873202,0.45819204385975887,0.5654754278618694,0.3963302752293578,0.0,0.2708333333333333,13000
0.9925367241267289,0.0,0.0,0.03683938408730447,0.2298635879597159,0.6605504587155963,0.0,0.1388888888888889,16840
0.9182804903837698,0.09814502102244904,0.379168504515339,0.5970546729613058,0.707440025610331,0.0,0.0,0.12282338308457708,18057
0.2963044763173342,0.7496005937938663,0.5481484101977572,0.19760925396765971,0.5127328807631524,0.37155963302752293,0.20212765957446807,0.161790780141844,15611
0.9529586877520853,0.0,0.20506049968855478,0.4192912169300176,0.45780835661455593,0.6605504587155963,0.6875,0.3541666666666667,14011
0.26142564254602063,0.6112729558566243,0.5533917534128743,0.34409049996448426,0.6841687102527929,0.11009174311926605,0.23809523809523808,0.2824074074074074,15373
0.24095362039909712,0.2364726589596911,0.6286355635629188,0.8745320305721505,0.7468870068972315,0.0,0.0,0.44945355191256825,15123
0.40869558228073843,0.2364726589596911,0.32684112915985875,0.33873942202217777,0.7323462102674929,0.0,0.9556962025316456,0.3786919831223629,16784
0.31142803657233314,0.33461767998214015,0.5524593896727963,0.6299322440343897,0.7364229683033221,0.2477064220183486,0.0,0.49844858156028365,13196
0.8169965871011756,0.41074487257398257,0.45420294658274973,0.37419599989650876,0.6292441861041964,0.7926605504587156,0.043478260869565216,0.213768115942029,13711
0.7333981053221219,0.1742722136142913,0.42265869102539555,0.5809807977563115,0.6450691738548169,0.0,0.0,0.3260869565217392,15261
0.6299513969427243,0.1742722136142913,0.33257707643166157,0.42111427385620326,0.5812630058124735,0.0,0.0,0.11197916666666669,14272
0.5791747865065997,0.09814502102244904,0.37719410839081435,0.5935476670387785,0.6576619293362349,0.7926605504587156,1.0,0.2824074074074074,15994
0.8328428564914604,0.0,0.317411548307601,0.6188663530576102,0.5812630058124735,0.0,0.0,0.17803030303030304,13221
0.45237686891880524,0.2890623861656048,0.41296214040111345,0.43236093075499227,0.8612174188856967,0.0,0.7469135802469136,0.23191015089163242,14684
0.49244448492302473,0.41074487257398257,0.5407286385902423,0.5276012772187864,0.5719479430861123,0.0,0.06349206349206349,0.05687830687830686,18170
0.8038725214953578,0.2364726589596911,0.3840086623500889,0.44006489176284425,0.7662373177145758,0.0,0.0,0.39512195121951227,13243
0.8619896633365633,0.2890623861656048,0.4544127846540893,0.5058819555685605,0.6220387681996193,0.4954128440366972,0.0,0.09583333333333333,17165
0.3819024527455691,0.500252522571941,0.6575681491409542,0.6416868954302373,0.7120780086736189,0.28309305373525556,0.0,0.19107744107744112,17685
0.5071415141747299,0.09814502102244904,0.3942157828889623,0.6237843259408073,0.5901446497062202,0.0,0.0,0.3641025641025641,14856
0.6537390689447445,0.09814502102244904,0.4208095362002502,0.6710330391086492,0.49453617414304446,0.7926605504587156,0.0,0.24184782608695649,14894
0.3253403633778068,0.0,0.174272205119395,0.3646410233546524,0.5986314208350632,0.0,0.5975609756097561,0.14939024390243905,17595
0.6616409431303133,0.0,0.12991617406229317,0.2859504892264493,0.3311716185262597,0.0,0.3157894736842105,0.18421052631578944,18255
0.458697976307051,0.33461767998214015,0.3907499539948269,0.3431125788330749,0.719566063067671,0.2477064220183486,0.7559523809523809,0.11582341269841268,14487
0.919598913620258,0.0,0.22435688405247278,0.4535533473265301,0.3970088792749929,0.6605504587155963,0.0,0.1216666666666667,12907
0.3819024527455691,0.2364726589596911,0.39011570711822463,0.4508959360112339,0.6961587157031146,0.0,0.0,0.16478696741854637,17759
0.6691991468200952,0.2364726589596911,0.1944405286859212,0.10470432167044064,0.24806029457982387,0.0,0.0,0.17803030303030304,15488
0.529172392480287,0.2890623861656048,0.25892685195614495,0.15978872744509243,0.5127328807631524,0.0,0.03571428571428571,0.12351190476190482,14077
0.9169519899292555,0.0,0.12010262623135448,0.268548560819164,0.18726081724026072,0.0,0.5714285714285714,0.44642857142857145,17497
0.07047441617323603,0.2364726589596911,0.3601156353811925,0.3977015552031944,0.5719479430861123,0.0,0.1095890410958904,0.13299086757990863,17522
0.6050788537625509,0.0,0.24519841928865205,0.49056694477814533,0.4744206482180607,0.6605504587155963,0.0,0.26689189189189194,15315
0.15926168018519554,0.7233447241255158,0.9521852942044562,0.9400925934582731,0.38039658767148815,0.1524347212420607,0.0,0.400297619047619,17857
0.9101527672191922,0.0,0.3628812680416016,0.699683798023893,0.673255973652656,0.0,0.0,0.2649051490514906,16223
0.37196767472347614,0.3748002968969332,0.732123157643175,0.9058166072288691,0.8156190578392761,0.2201834862385321,0.10943396226415095,0.22012578616352202,13139
0.6557484704762346,0.33461767998214015,0.4299435647210932,0.41255171908094357,0.6013785317374574,0.4403669724770642,0.0,0.2039728682170543,13539
0.4458171735773554,0.09814502102244904,0.15372156327123587,0.19725481667495126,0.37151494377774147,0.4954128440366972,0.0,0.09583333333333333,15781
0.6228560731446663,0.09814502102244904,0.3958009425985851,0.6266003717013287,0.6428871968049372,0.0,0.0,0.15891472868217055,16574
0.6616409431303133,0.0,0.4541998889080434,0.8620445630731286,0.5812630058124735,0.6605504587155963,0.0,0.3814553990610328,13375
0.798683739262452,0.41074487257398257,0.5154876541738451,0.4828248012225118,0.8451764621138644,0.1981651376146789,0.6978193146417445,0.19924714434060226,17550
0.40021530058429267,0.2890623861656048,0.3899173244126668,0.39151067211226076,0.5332818255207508,0.0,0.9259259259259259,0.043209876543209846,14984
0.37196767472347614,0.09814502102244904,0.3058099275893702,0.46680126065630656,0.18726081724026072,0.7926605504587156,0.5714285714285714,0.6309523809523809,18084
0.8644121596465009,0.1742722136142913,0.6089261645394191,0.9119836714443754,0.941176381525695,0.0,0.0,0.3091650973006906,16072
0.5372580967164313,0.2364726589596911,0.47857574562623917,0.6078938403855969,0.6315868033939045,0.7431192660550459,0.40869565217391307,0.19130434782608696,14232
0.5487223366205466,0.41074487257398257,0.6110453241961353,0.6524239835320937,0.5751037325186668,0.1981651376146789,0.0,0.32281553398058255,14001
0.6833957112958092,0.1742722136142913,0.5038089830708701,0.7251356410462195,0.5782082060219316,0.0,0.0,0.23591549295774655,16083
0.39129994657903455,0.09814502102244904,0.44709507074019417,0.7177431992444325,0.6244709146416239,0.0,0.0,0.3668300653594771,13363
0.6179596564922467,0.2364726589596911,0.3777834058388485,0.429025411296315,0.7468870068972315,0.0,1.0,0.2849702380952382,16693
0.5372580967164313,0.09814502102244904,0.27529527326127323,0.41265622540752833,0.4847432115081472,0.4954128440366972,0.0,0.26689189189189194,16648
0.4245075050062308,0.09814502102244904,0.3806712474770442,0.5997239512408001,0.7239218621942243,0.0,0.0,0.4505597014925374,17397
0.6389825865381525,0.41074487257398257,0.5214787405504744,0.49345106165268326,0.40480265177083524,0.4954128440366972,0.06666666666666667,0.1388888888888889,14147
0.48190724079819425,0.500252522571941,0.7355180808860242,0.7801516699670286,0.6220387681996193,0.4954128440366972,0.03759398496240601,0.22305764411027568,14676
0.6816832708763944,0.09814502102244904,0.3679815810932876,0.5771848473809407,0.5409196805609917,1.0,0.0,0.3659090909090909,16278
0.3614304305986457,0.663862683062538,0.7141422079410011,0.576402425205736,0.6961587157031146,0.703166617342409,0.0,0.32468879668049794,16570
0.7915152471633273,0.0,0.22359900712478753,0.45220754326994816,0.4331391347702052,0.0,0.0,0.03125,13885
0.2797384903847442,0.5710903389418314,0.5608878872142113,0.39786173920462087,0.6893997474412297,0.4954128440366972,0.25257731958762886,0.3741408934707903,12951
0.919598913620258,0.0,0.18785545163959072,0.38874901945202245,0.3420843551263963,0.0,0.0,0.3541666666666667,15011
0.6276183243742786,0.1742722136142913,0.20036384825417408,0.18699227041160982,0.4519334034235893,0.0,0.0,0.2563131313131313,17370
0.458697976307051,0.44326069645145666,0.5529861361866055,0.5151944121985765,0.9893108503955224,0.18015012510425354,0.8111380145278451,0.20717312348668276,14044
0.5968657685777834,0.41074487257398257,0.30607830013969717,0.1124447295425941,0.20974806203473212,0.3603002502085071,0.0,0.6770833333333333,15304
0.48190724079819425,0.1742722136142913,0.3556705510467,0.46207799004542593,0.5371389448624995,0.3963302752293578,0.0,0.20512820512820518,14108
0.7321153593035494,0.2890623861656048,0.42049359278442644,0.4457155183058843,0.47965168540649755,0.4954128440366972,0.0,0.07462686567164178,18268
0.4319048467718818,0.41074487257398257,0.597509403145559,0.6283874483775267,0.8259883524755203,0.1981651376146789,0.0,0.12399077277970011,15051
0.3382211661075024,0.7496005937938663,0.6239082958671778,0.3314908792102689,0.8548172358895489,0.0,0.2823179791976226,0.22461614660723134,13571
0.40021530058429267,0.41074487257398257,0.43121128539105835,0.33348174843576683,0.7719030424859472,0.1981651376146789,0.0,0.07738095238095238,14587
0.6322535669781317,0.09814502102244904,0.3595707938465402,0.562247320840815,0.6119879784981619,0.4954128440366972,0.0,0.11197916666666669,15626
0.9737115360596538,0.09814502102244904,0.17818076818805362,0.24053986716254472,0.4744206482180607,0.0,0.0,0.18089430894308944,16538
0.7087220701296603,0.1742722136142913,0.30687877940939035,0.37554992186783864,0.5083437009364926,0.0,0.0,0.45930232558139544,13720
0.9169519899292555,0.0,0.2050883822216898,0.41934071890980396,0.6220387681996193,0.0,1.0,0.3786919831223629,14599
0.0,0.875052819468874,0.7547556780158575,0.44039861537794955,1.0000000000000002,0.18872870249017035,0.27360308285163776,0.20484104046242774,13069
0.9455770563219281,0.0,0.31170944323646377,0.6087330425214952,0.6268724672347086,0.0,0.0,0.38352272727272724,16246
0.5882452599301117,0.09814502102244904,0.3056744448143305,0.4665608077908181,0.5842696965152536,0.4954128440366972,0.09090909090909091,0.3541666666666667,15831
0.15926168018519554,0.3748002968969332,0.5147009807791205,0.5196023193476011,0.6576619293362349,0.5404503753127605,0.0,0.16884057971014493,15932
0.41678128651688284,0.0,0.2883632664307443,0.5672482811655897,0.20974806203473212,0.0,0.0,0.03125,15368
0.9217743024250988,0.2364726589596911,0.43011225031922895,0.5218577240110236,0.6428871968049372,0.5661861074705111,0.0,0.09827044025157233,14136
0.878278216973033,0.33461767998214015,0.45201901973765124,0.45168851003464083,0.719566063067671,0.4403669724770642,0.46153846153846156,0.47008547008547014,14850
0.48190724079819425,0.09814502102244904,0.31455866321340387,0.4823293207601851,0.5127328807631524,0.7926605504587156,0.0,0.2579787234042554,16863
0.6728584671709789,0.3748002968969332,0.4644624985998642,0.43050323279418024,0.4847432115081472,0.0,0.0,0.13106060606060604,17560
0.0,0.6112729558566243,0.6478217423427248,0.5114270029986627,0.7323462102674929,0.4503753127606338,0.5324232081911263,0.18885096700796355,15796
0.7732023993246039,0.1742722136142913,0.2958932632881135,0.35607916540823736,0.6911120541096665,0.0,0.0,0.23533333333333334,14998
0.956888812566917,0.0,0.12958536492953132,0.285363829285048,0.4847432115081472,0.6605504587155963,0.0,0.0863821138211382,14043
0.4319048467718818,0.41074487257398257,0.56010331623443,0.5619829299788281,0.669475237954164,0.8669724770642201,0.0,0.36366421568627455,17147
0.37196767472347614,0.6948984268207701,0.926511757577885,0.922722711595672,0.6823926889454288,0.36697247706422015,0.059113300492610835,0.10283251231527096,14607
0.7960300801353356,0.0,0.32128878200573574,0.6257568660971606,0.46904223864579303,0.0,0.2571428571428571,0.22500000000000003,16567
0.8371171201563901,0.47294531791938227,0.4439960068754598,0.2912424425466713,0.7089985723369723,0.16513761467889906,0.6539792387543253,0.3117070357554787,16010
0.9579454194476476,0.09814502102244904,0.11626450073760397,0.1310337734957645,0.5170234189375158,0.0,0.0,0.09583333333333333,13679
0.9217743024250988,0.1742722136142913,0.3569417288639485,0.46433328085309555,0.8533653588260455,0.0,0.0,0.20120614035087725,16391
0.6129212951225733,0.47294531791938227,0.5513438231040235,0.48139263374752495,0.7058686511943799,0.16513761467889906,0.0,0.24886775362318841,15241
0.7333981053221219,0.2890623861656048,0.46287924280898185,0.5209049749063392,0.669475237954164,0.28309305373525556,0.009433962264150943,0.232311320754717,18151
0.0,0.41074487257398257,0.44806945121157904,0.36333229507185516,0.5482636980460824,0.6097388849682428,0.47560975609756095,0.0,13026
0.24095362039909712,0.663862683062538,0.68461076596081,0.5240040715586645,0.90142748926262,0.25847626645392896,0.13973799126637554,0.3569868995633187,18245
0.7333981053221219,0.1742722136142913,0.27120820757718,0.31234466272566475,0.18726081724026072,0.0,0.0,0.3541666666666667,16696
0.566293983776904,0.0,0.14982397157520677,0.3212613437911813,0.37151494377774147,0.0,0.0,0.04528985507246375,14799
0.88852122578457,0.0,0.18167277980583973,0.3777752583663303,0.38039658767148815,0.0,0.0,0.2699275362318841,16315
0.9334775593294888,0.0,0.1110094274401685,0.25242687528303764,0.38039658767148815,0.6605504587155963,0.47619047619047616,0.2619047619047619,13861
0.5696047752429739,0.3748002968969332,0.687553606211031,0.8265930013308269,0.914561898867698,0.5404503753127605,0.0,0.12109167991520936,16940
0.4245075050062308,0.5710903389418314,0.613208102882135,0.49060102468845557,0.7696568881811783,0.41718976339932395,0.0,0.2881481481481482,16293
0.3253403633778068,0.6297184172751005,0.7212838883998787,0.6232563721601694,0.5621549804512151,0.1981651376146789,0.0,0.08976510067114096,17739
0.19095122637278455,0.8921142711499286,0.7020471343003596,0.3304609102666052,0.8842478245408938,0.09436435124508517,0.2857142857142857,0.30803571428571436,12841
0.9346859857263632,0.0,0.3612258982279104,0.6967412060911689,0.7058686511943799,0.6605504587155963,0.4351145038167939,0.12245547073791346,17366
0.901626252965853,0.0,0.0720007176491485,0.18330177281547533,0.27995441307322305,0.0,0.0,0.8012820512820513,13033
0.9169519899292555,0.09814502102244904,0.0,0.0,0.2298635879597159,0.4954128440366972,0.1111111111111111,0.2824074074074074,15283
0.7791964863028962,0.2890623861656048,0.31514415629624715,0.25911916886365516,0.6636599382283828,0.28309305373525556,0.06140350877192982,0.10489766081871349,14037
0.3614304305986457,0.1742722136142913,0.29819791656842964,0.36016356349821055,0.49453617414304446,0.0,0.0,0.11931818181818182,15428
0.3253403633778068,0.44326069645145666,0.504898899854066,0.42992057614009815,0.8891435008249524,0.18015012510425354,0.24380165289256198,0.13799931129476584,16005
0.15926168018519554,0.6112729558566243,1.0,1.0,1.0000000000000002,0.9908256880733944,0.0,0.27645437944303136,14096
0.6103462658527656,0.6472175315336735,0.6892073425450385,0.5487887186900602,0.822594113499856,0.7670908552826279,0.11627906976744186,0.19270833333333331,13317
0.5911665269570773,0.5490725105112246,0.5143720149091477,0.3378134564767208,0.669475237954164,0.0,0.0,0.20285714285714285,14541
0.7333981053221219,0.09814502102244904,0.3923982024244843,0.6205554298039395,0.6119879784981619,0.4954128440366972,0.0,0.3391472868217054,16951
0.5206921107838413,0.2890623861656048,0.6080458344309079,0.77871892493435,0.44587191293026723,0.4954128440366972,0.08064516129032258,0.125,13461
0.2797384903847442,0.0,0.20329124686799793,0.416150161647884,0.40480265177083524,0.6605504587155963,0.0,0.16421568627450983,18158
0.0,0.5490725105112246,0.5438369244887606,0.3899874246953954,0.671374964212994,0.7206005004170142,0.07514450867052024,0.14884393063583817,13890
0.4390001705699397,0.09814502102244904,0.3847523735250771,0.6069733193321958,0.463507911617924,0.0,0.5142857142857142,0.1511904761904762,15269
0.717342578777332,0.2890623861656048,0.4648744465675976,0.5244455684087848,0.6636599382283828,0.0,0.452991452991453,0.1830484330484331,14127
0.39129994657903455,0.525535045125296,0.7155528972134719,0.718691798538003,0.8251454331647115,0.4662709120345386,0.10509554140127389,0.17728237791932056,15179
0.3253403633778068,0.7739793861965301,0.7710541521596517,0.5682770765311942,0.6119879784981619,0.0,0.15422885572139303,0.38308457711442784,18229
0.8201284069056967,0.2890623861656048,0.43907507006093005,0.47867145372326414,0.6093903749751954,0.7926605504587156,0.012048192771084338,0.2530120481927712,16634
0.599646808653523,0.41074487257398257,0.40941693975437166,0.2949115075220896,0.8326009931473544,0.0,0.9744408945686901,0.17878061767838127,13259
0.9239228006916127,0.1742722136142913,0.252409913727917,0.2790575152263455,0.18726081724026072,0.0,0.0,0.8564814814814814,14746
0.9658394904817809,0.09814502102244904,0.3033254908597902,0.46239198968834483,0.6961587157031146,0.0,0.27972027972027974,0.2231934731934732,13595
0.9129044547158507,0.0,0.12877083128946887,0.2839193427503779,0.3420843551263963,0.0,0.0,0.9384920634920635,16437
0.7752234836856473,0.09814502102244904,0.1793078722521797,0.2425352168416388,0.5332818255207508,0.0,0.38333333333333336,0.11736111111111108,15280
0.717342578777332,0.33461767998214015,0.5300950160536009,0.5902231005444531,0.5409196805609917,0.2477064220183486,0.25961538461538464,0.29206730769230776,15985
0.4763889583782348,0.41074487257398257,0.6366365730334216,0.6978768697302948,0.9086538886402409,0.1981651376146789,0.33980582524271846,0.048717059639389715,17059
0.5162915897505914,0.09814502102244904,0.10671426486758917,0.11416427227511572,0.2941031748346736,0.4954128440366972,0.6428571428571429,0.2619047619047619,15423
0.9459536789971699,0.0,0.09704783535053774,0.2276795492703887,0.3420843551263963,0.6605504587155963,1.0,0.32017543859649117,13250
0.8012974922255504,0.2890623861656048,0.34191318816875493,0.30648493484001205,0.20974806203473212,0.0,0.3076923076923077,0.20512820512820518,13223
0.9366815449214769,0.09814502102244904,0.37777876092359985,0.5945861449328718,0.6067569413097249,0.4954128440366972,0.0,0.3872863247863248,13797
0.7594593967377011,0.1742722136142913,0.5453120406803884,0.7988956052468787,0.6119879784981619,0.0,0.0,0.1044444444444444,13253
1.0,0.0,0.24903086809030994,0.49737402375769624,0.5332818255207508,0.0,0.0,0.09827044025157233,16802
0.07047441617323603,0.7094179768790734,0.7503190987226251,0.5952784552900174,0.801811531045828,0.40999683644416324,0.1388235294117647,0.24627450980392157,15298
0.8154092582917095,0.0,0.0966373624225727,0.22695208355306185,0.43961164999444796,0.0,0.0,0.09583333333333333,15552
0.9470786751357636,0.0,0.4697008567997878,0.8896098466650506,0.36219988105138007,0.6605504587155963,0.0,0.12351190476190482,16993
0.9518712308370099,0.0,0.14479749319646174,0.31234466272566475,0.3420843551263963,0.9908256880733944,0.0,0.16421568627450983,16286
0.31142803657233314,0.5710903389418314,0.6912784922281661,0.629138613528416,0.8027637570285964,0.8383909668313337,0.2088607594936709,0.23154008438818569,13883
0.6710384369637787,0.1742722136142913,0.4161941024487561,0.5695019391783025,0.5038512368694057,0.0,0.0,0.4498456790123457,15071
0.9281417286135167,0.1742722136142913,0.48258023105760484,0.6874154961289394,0.7058686511943799,0.0,0.0,0.4387931034482759,14469
0.0,0.0,0.38683000714352445,0.7422578019252435,0.6119879784981619,0.6605504587155963,0.0,0.21820175438596495,12985
0.40869558228073843,0.3748002968969332,0.48867246553804566,0.4734303238672777,0.7042842361777766,0.0,0.25735294117647056,0.10723039215686275,14595
0.5071415141747299,0.500252522571941,0.4731586756452957,0.31471556310846105,0.5212196518919954,0.0,0.014492753623188406,0.1576086956521739,17351
0.6596988972658616,0.33461767998214015,0.40730297607160826,0.37243174942259927,0.7350736982793029,0.2477064220183486,0.44508670520231214,0.3578998073217727,15996
0.8321201473561745,0.2364726589596911,0.6746310618236273,0.9563072018690812,0.8027637570285964,0.8807339449541284,0.3906810035842294,0.4398148148148148,14105
0.41678128651688284,0.09814502102244904,0.3662780054159971,0.5741592024753361,0.5842696965152536,0.0,0.0,0.1970720720720721,15933
0.07047441617323603,0.5710903389418314,0.6116927588642154,0.4879136827221864,0.6944912735428794,0.41718976339932395,0.1889763779527559,0.1812664041994751,12935
0.7087220701296603,0.0,0.34280778604806916,0.6640028150075667,0.4744206482180607,0.0,0.0,0.1030092592592593,17958
0.9213413973529478,0.0,0.33514251225110225,0.6503786863031911,0.5654754278618694,0.0,0.0,0.07090643274853797,15792
0.07047441617323603,0.9162060143708388,0.7608556667726587,0.41117950477112863,0.9273458508267101,0.24265118891593332,0.049531459170013385,0.18384649709950918,17315
0.48190724079819425,0.2890623861656048,0.4791359387612384,0.549756220798719,0.46904223864579303,0.7926605504587156,0.0,0.1653846153846154,14188
0.8916343471547108,0.09814502102244904,0.1736157280395787,0.2324588615099159,0.3420843551263963,0.4954128440366972,0.0,0.18421052631578944,12829
0.40869558228073843,0.0,0.20854844001794404,0.4254837490972678,0.6978117209535337,0.0,1.0,0.3701790633608815,14052
0.7228608611972914,0.09814502102244904,0.36309951330932777,0.5685141603285744,0.5872297699760067,0.4954128440366972,0.0,0.15174129353233828,15254
0.7469167483882408,0.0,0.020667431587997886,0.09244075768195392,0.09752729486805156,0.0,0.3333333333333333,0.5694444444444444,13967
0.2963044763173342,0.09814502102244904,0.04941840272883535,0.01310694050753991,0.20974806203473212,0.0,0.0,0.19270833333333331,17468
0.6103462658527656,0.6948984268207701,0.7018032476455411,0.5236050823268654,0.7627553808345569,0.6192660550458715,0.0,0.3448067632850242,13552
0.5882452599301117,0.09814502102244904,0.3742266730175703,0.5882769039226787,0.5872297699760067,0.9908256880733944,0.0,0.22500000000000003,17169
0.19095122637278455,0.2890623861656048,0.44124108636654924,0.48251375874011715,0.5654754278618694,0.28309305373525556,0.0,0.22835497835497837,13417
0.9440623513404363,0.2364726589596911,0.4518508130835184,0.5604433767597106,0.6787903006805251,0.0,0.41007194244604317,0.2565947242206235,15972
0.8162047347219283,0.0,0.043546962195555206,0.13292161914240475,0.3888833588003309,0.0,0.0,0.0,14697
0.9976408483789942,0.0,0.27904330709905145,0.5506892620764525,0.3524069184164829,0.0,1.0,0.2824074074074074,14809
0.9106144176808055,0.1742722136142913,0.09066520704097081,0.0,0.5482636980460824,0.0,0.0,0.1470125786163522,18002
0.5249839657950353,0.09814502102244904,0.2850247093961775,0.4299173818735582,0.42643946792633786,0.0,0.0,0.5303030303030303,13103
0.9354869608609788,0.09814502102244904,0.26759438956855797,0.3989958790876518,0.13233629309166428,0.4954128440366972,0.0,0.8708333333333333,17380
0.5162915897505914,0.47294531791938227,0.5369551563263113,0.455878668433898,0.6928091400730472,0.3048694424841214,0.050955414012738856,0.17728237791932056,13477
0.8130007491299401,0.0,0.07220684375191966,0.18366687466573506,0.2941031748346736,0.0,0.0,0.5032051282051282,12821
0.9200361749744368,0.0,0.4280153451027171,0.8154837577387539,0.6067569413097249,0.9908256880733944,0.0,0.1223290598290599,13377
0.8810328118153072,0.1742722136142913,0.4521767662415759,0.6334044484573895,0.5842696965152536,0.6605504587155963,0.3170731707317073,0.2911585365853659,16124
0.0,0.663862683062538,0.6774485354482624,0.5112996229248816,0.63618752996107,0.09436435124508517,0.12135922330097088,0.19741100323624594,16954
0.49244448492302473,0.525535045125296,0.5953709117856003,0.5053418331346562,0.7639230964855688,0.7549148099606814,0.3438914027149321,0.12330316742081454,15696
0.726887557809818,0.1742722136142913,0.5894562989955301,0.8773682162550682,0.0,0.0,0.0,0.3541666666666667,17553
0.3819024527455691,0.09814502102244904,0.267515152334995,0.3988553318507482,0.49453617414304446,0.0,0.0,0.16041666666666665,16185
0.46479724410345,0.0,0.2716404238738126,0.5375372336853974,0.45780835661455593,0.0,0.0,0.40952380952380946,15492
0.6299513969427243,0.0,0.3338554354678436,0.6480911168567376,0.5621549804512151,0.0,0.0,0.3224043715846994,15243
0.48190724079819425,0.41074487257398257,0.492998873766773,0.4429471252553778,0.5930156949938641,0.1981651376146789,0.09090909090909091,0.03451178451178455,18177
0.5117767567785831,0.09814502102244904,0.4025086466120624,0.63851705879529,0.7989260215047,0.0,0.5829596412556054,0.18329596412556054,16367
0.49244448492302473,0.1742722136142913,0.3195638853767946,0.39803845451256015,0.7166059896069179,0.0,0.3916083916083916,0.19609557109557108,15870
0.566293983776904,0.5710903389418314,0.5870430930603263,0.4442101945678878,0.5986314208350632,0.41718976339932395,0.10526315789473684,0.25899122807017544,14776
0.0,0.8282455685321597,0.764837663536819,0.503980753571563,0.833411698882587,0.7240649258997882,0.0,0.2520195578231293,13599
0.9655036231374294,0.0,0.0,0.012670971005056764,0.2298635879597159,0.0,0.0,0.0,17847
0.9425343301004165,0.0,0.08218854265709497,0.20134917990441958,0.24806029457982387,0.0,0.0,0.29545454545454547,13129
0.7457303185486923,0.33461767998214015,0.5398995574319647,0.6076303452762624,0.6535559449836597,0.0,0.0,0.458639705882353,14758
0.9222061319555901,0.0,0.07762216520345044,0.19325944469038325,0.20974806203473212,0.0,0.0,0.6770833333333333,14363
0.7638049054911383,0.2364726589596911,0.510226069329466,0.6641067673312833,0.63618752996107,0.0,0.0,0.25285947712418305,17505
0.6322535669781317,0.6297184172751005,0.6896409720575807,0.5670906968450276,0.0,0.0,0.0,1.0,12823
0.15926168018519554,0.500252522571941,0.4925639546368803,0.34906211834234924,0.7673839933162938,0.28309305373525556,0.0,0.15904255319148936,15550
0.8371171201563901,0.0,0.13194799091989506,0.28955380790854224,0.2298635879597159,0.0,0.0,0.1388888888888889,13718
0.5249839657950353,0.33461767998214015,0.3863888939383673,0.3353901859849564,0.7468870068972315,0.0,0.645320197044335,0.42733990147783246,17796
0.31142803657233314,0.6472175315336735,0.6790388921423232,0.5307480297036142,0.753147269833051,0.7266055045871559,0.05537459283387622,0.13748642779587406,13266
0.9068864185406045,0.2890623861656048,0.28012172051412176,0.19721281824397208,0.5371389448624995,0.6605504587155963,0.0,0.011067708333333315,16658
0.4319048467718818,0.525535045125296,0.6220543951404633,0.5526821422483965,0.8626110083853913,0.14154652686762778,0.12551440329218108,0.07510288065843618,17596
0.927306095770217,0.2364726589596911,0.31851122919211905,0.3239860764991871,0.7879562680566636,0.33027522935779813,0.0,0.16248097412480972,14686
0.6673401847510195,0.0,0.2878980044648882,0.5664216097548249,0.463507911617924,0.0,0.0,0.32017543859649117,13441
0.45237686891880524,0.2364726589596911,0.32537856742444693,0.33614881249838513,0.8234483472013308,0.33027522935779813,0.23107569721115537,0.13545816733067728,16898
0.9213413973529478,0.0,0.20881400621263446,0.4259552489773717,0.5212196518919954,0.0,0.0,0.3673469387755102,12958
0.31142803657233314,0.47294531791938227,0.6550766305869062,0.6654983171383377,0.7350736982793029,0.7706422018348623,0.5133928571428571,0.37723214285714296,13014
0.8749140223367831,0.6797333554111478,0.8672280837318631,0.8324617387042319,0.9081076195586297,0.2477064220183486,0.17487046632124353,0.1768134715025907,15808
0.717342578777332,0.7739793861965301,0.7240308705552359,0.4848641335734982,0.9397912176714827,0.2477064220183486,0.795339412360689,0.21871833839918947,17085
0.9230665856763338,0.1742722136142913,0.37121347288789,0.48965682717484915,0.7730162871198212,0.0,0.41899441340782123,0.11243016759776536,15879
0.9896349656352366,0.09814502102244904,0.3714219977204978,0.5832953711135467,0.44587191293026723,0.4954128440366972,0.0,0.11622807017543857,15586
1.0,0.0,0.31632905041901904,0.6169425981707544,0.0,0.0,0.0,1.0,17638
0.48190724079819425,0.938708098287135,0.9451349506733815,0.7162619970857054,0.9302907047957436,0.511393903521752,0.039603960396039604,0.24801980198019796,17865
0.6050788537625509,0.09814502102244904,0.3138549047110224,0.4810801586751703,0.38039658767148815,0.4954128440366972,0.0,0.30448717948717957,15766
0.4390001705699397,0.2364726589596911,0.3791500644282926,0.4314488508530445,0.7337148248291214,0.5661861074705111,0.0,0.07116104868913858,18181
0.8440152991425289,0.09814502102244904,0.21312960572577744,0.3024379251778937,0.4331391347702052,0.4954128440366972,0.0,0.4209770114942529,15589
0.07047441617323603,0.7739793861965301,0.8003655128881952,0.620301329130408,0.782753741420624,0.5589273112208891,0.14824797843665768,0.216644204851752,16523
0.39129994657903455,0.0,0.34240613456703106,0.6632889116695151,0.5901446497062202,0.0,0.0,0.3243589743589744,17100
0.2797384903847442,0.09814502102244904,0.05611772273605464,0.024908310477061102,0.2941031748346736,0.0,0.0,0.16964285714285715,14385
0.9187210769228968,0.09814502102244904,0.17326527246876156,0.23183852988041198,0.5293451723666571,0.0,0.78,0.07000000000000006,16868
0.704245995390975,0.2890623861656048,0.498214865774087,0.5836240742028662,0.6769632923482158,0.4954128440366972,0.0,0.44642857142857145,13655
0.8162047347219283,0.3748002968969332,0.3589265057864397,0.24366185255490325,0.40480265177083524,0.0,0.22,0.2508333333333333,17849
0.19095122637278455,0.09814502102244904,0.2809441286675709,0.4226776329233757,0.5371389448624995,0.0,0.0,0.2699275362318841,15053
0.39129994657903455,0.5710903389418314,0.5582317585357075,0.39315647606941884,0.6656181186124153,0.1238532110091743,0.0,0.09375,16365
0.48190724079819425,0.500252522571941,0.5457053795212183,0.4432075058588414,0.7685238230527343,0.28309305373525556,0.12698412698412698,0.21577380952380948,13110
0.31142803657233314,0.1742722136142913,0.20772979057422947,0.2000124754658641,0.3970088792749929,0.0,0.0,0.2824074074074074,13928
0.6537390689447445,0.5490725105112246,0.7502028978932371,0.756189061268675,0.8208740936342149,0.0,0.16556291390728478,0.3883830022075056,16709
0.8306656510305271,0.0,0.26342491888699837,0.522942438528988,0.4897024751079551,0.0,0.5,0.4901315789473684,16193
0.2797384903847442,0.500252522571941,0.5750338106384305,0.4952113339844104,0.6428871968049372,0.1524347212420607,0.21686746987951808,0.32304216867469876,15712
0.26142564254602063,0.6112729558566243,0.5891170494179394,0.4073565701495807,0.745609939167265,0.0,0.0,0.05670816044260024,17293
0.5206921107838413,0.33461767998214015,0.5734345428275485,0.6671833983418365,0.7364229683033221,0.2477064220183486,0.0,0.06794507575757575,15974
0.2963044763173342,0.5917729095724684,0.6005526855486543,0.44725338652624025,0.9771320553510259,0.0,0.3264033264033264,0.17424636174636177,16241
0.7732023993246039,0.0,0.12146082756073895,0.27095681016260564,0.6675564186492879,0.0,0.0,0.3665865384615385,15041
0.37196767472347614,0.44326069645145666,0.44691696551084514,0.32721614138570754,0.6675564186492879,0.18015012510425354,0.5384615384615384,0.15996503496503495,17135
0.21774435590795382,0.44326069645145666,0.5117232167969505,0.44201755112945884,0.719566063067671,0.18015012510425354,0.33974358974358976,0.24652777777777785,17629
0.7690883304144399,0.1742722136142913,0.34994825391903284,0.45192619848677396,0.5038512368694057,0.0,0.0,0.23770491803278687,17980
0.4319048467718818,0.09814502102244904,0.40709998832238736,0.6466742600300477,0.40480265177083524,0.9908256880733944,0.0,0.231981981981982,18167
0.31142803657233314,0.47294531791938227,0.45014871469096174,0.3021265060412177,0.8915450534180374,0.0,0.2681318681318681,0.16254578754578758,14704
0.5249839657950353,0.1742722136142913,0.27839905877311044,0.3250820817419775,0.4519334034235893,0.3963302752293578,0.24242424242424243,0.5303030303030303,15669
0.9607320329885114,0.1742722136142913,0.3858963643586921,0.5157153281513451,0.5901446497062202,0.0,0.3023255813953488,0.15891472868217055,13201
0.7504282071422729,0.1742722136142913,0.3430363705175459,0.43966524344666724,0.5253256362445706,0.9908256880733944,0.0,0.11736111111111108,12915
0.8557814570868226,0.09814502102244904,0.3424606157022312,0.5318637370162991,0.5587757610180022,0.4954128440366972,0.0,0.16807909604519772,14350
0.6276183243742786,0.44326069645145666,0.5596413706327519,0.5270018098536156,0.5986314208350632,0.4573041637261821,0.02247191011235955,0.30337078651685395,13397
0.9213413973529478,0.0,0.14329570632633648,0.3096807227787981,0.5687391126992583,0.6605504587155963,0.0,0.4209770114942529,13646
0.5071415141747299,0.09814502102244904,0.15265811724124712,0.19537357693901147,0.3072753569027837,0.0,0.0,0.39215686274509803,18081
0.4390001705699397,0.2364726589596911,0.30778934049538265,0.30500084237176806,0.7685238230527343,0.0,0.0,0.09450171821305842,16469
0.6433280952915899,0.33461767998214015,0.4859205481319169,0.5118217933746165,0.6220387681996193,0.4403669724770642,0.25225225225225223,0.1970720720720721,16493
0.566293983776904,0.2364726589596911,0.4233320944320338,0.509825360095417,0.7151085629991754,0.0,0.0,0.2804809843400448,17764
0.8532347258601053,0.09814502102244904,0.2967443342570206,0.450712778482389,0.7135992989041378,0.0,0.0,0.08506944444444448,16392
0.4763889583782348,0.44326069645145666,0.6628145380261474,0.7101776374003648,0.7430298875554828,0.0,0.2019704433497537,0.4209770114942529,16003
0.0,1.0,1.0,0.7051311655676136,1.0000000000000002,0.455045871559633,0.03808639108221087,0.06589642359498377,15311
0.2797384903847442,0.47294531791938227,0.42687082617534267,0.26095974885964335,0.5553356514826076,0.0,0.0,0.039977477477477485,16915
0.5629189010962606,0.2364726589596911,0.3720892802270146,0.418928916002699,0.6472264952691258,0.0,0.0,0.47635135135135137,14585
0.529172392480287,0.2364726589596911,0.44332008454958594,0.5453001462104579,0.8548172358895489,0.0,0.6612021857923497,0.08595173041894355,13566
0.9617656017226621,0.0,0.49958361600828227,0.9427534837765492,0.6170795045998114,0.9908256880733944,0.0,0.25588768115942034,13371
0.15926168018519554,0.5490725105112246,0.5544784407056449,0.40883998805345056,0.8350228553956656,0.2477064220183486,0.1291139240506329,0.1824894514767933,15031
0.5728536791183538,0.2364726589596911,0.454997226203659,0.5660291042365455,0.5958442047095882,0.0,0.07246376811594203,0.1388888888888889,16249
0.5071415141747299,0.41074487257398257,0.44900196609979837,0.3649838676898465,0.6292441861041964,0.1981651376146789,0.1111111111111111,0.2563131313131313,15605
0.48725570269011875,0.09814502102244904,0.2439404408278827,0.3570483520463379,0.43961164999444796,0.0,0.3783783783783784,0.5810810810810811,18150
0.15926168018519554,0.0,0.25396201634876525,0.506132937774713,0.41229070616488733,0.0,0.0,0.05608974358974356,13311
0.458697976307051,0.44326069645145666,0.6119027575547673,0.6197602255334043,0.7494157976914757,0.8159740960604425,0.10980392156862745,0.20980392156862743,16571
0.4706897167575288,0.09814502102244904,0.36033379939723176,0.5636023637398164,0.5371389448624995,0.7926605504587156,0.0,0.17333333333333334,15238
0.9302134014897641,0.0,0.2044939623022055,0.41828540361900757,0.42643946792633786,0.6605504587155963,0.0,0.2345679012345679,14296
0.5372580967164313,0.47294531791938227,0.6841195154230737,0.7170841089239199,0.8540926774723998,0.0,0.44072948328267475,0.32079533941236077,13654
0.21774435590795382,0.1742722136142913,0.25272323196043134,0.27961218853943715,0.7105444991135959,0.0,0.7159763313609467,0.2127712031558186,13558
0.6252535083491437,0.09814502102244904,0.3745531741910082,0.588856828609418,0.3524069184164829,0.0,0.0,0.6412037037037037,17513
0.19095122637278455,0.500252522571941,0.5980822393408163,0.5360984845856953,0.5958442047095882,0.4954128440366972,0.06521739130434782,0.28396739130434784,17526
0.41678128651688284,0.2890623861656048,0.33210655926165256,0.289128436776777,0.42643946792633786,0.6605504587155963,0.06060606060606061,0.2563131313131313,14342
0.9092257714399075,0.1742722136142913,0.3111395811191193,0.3831029677015436,0.44587191293026723,0.6605504587155963,0.0,0.6053240740740742,16048
0.26142564254602063,0.0,0.03307335286072999,0.1143871063342472,0.27995441307322305,0.6605504587155963,0.0,0.24652777777777785,18282
0.3614304305986457,0.500252522571941,0.8263046813770765,0.9415159107463689,0.8891435008249524,0.7926605504587156,0.0,0.22540875527426169,15382
0.0,1.0,1.0,1.0,0.9258562132532491,0.10361575822989746,0.016346153846153847,0.14551282051282055,18102
0.12047681019954858,0.2890623861656048,0.5096129214567027,0.6038610139988985,0.7120780086736189,0.0,0.1125,0.3541666666666667,13949
0.48725570269011875,0.1742722136142913,0.3738695358549502,0.4943702871509601,0.5930156949938641,0.3963302752293578,0.0,0.3073671497584541,16637
0.9444422668941377,0.0,0.24404345812498018,0.48851558654448457,0.3970088792749929,0.0,0.0,0.03125,15627
0.21774435590795382,0.7233447241255158,0.6311719661102966,0.37023785655628805,0.8397763187019955,0.1524347212420607,0.841541755888651,0.10108850820842258,16326
0.529172392480287,0.6112729558566243,0.5045750052157052,0.25774674556742716,0.8444143017652832,0.0,0.5189504373177842,0.2280126336248785,15860
0.9951075214766743,0.0,0.13052809426847145,0.2870356832831096,0.5038512368694057,0.0,0.0,0.1388888888888889,14990
0.6322535669781317,0.0,0.1300843562650551,0.28624874641753206,0.3420843551263963,0.0,1.0,0.09583333333333333,14806
0.9054675429337244,0.09814502102244904,0.47985038333614183,0.7759611284986141,0.8836269429733048,0.7926605504587156,0.0,0.3272569444444445,16795
0.7538701274690452,0.41074487257398257,0.47573151955844706,0.41234008259735644,0.8766605646814905,0.3603002502085071,0.7348314606741573,0.2888576779026217,17126
0.4245075050062308,1.0,1.0,1.0,0.4847432115081472,0.3907481586768316,0.009174311926605505,0.15271406727828746,12931
0.4458171735773554,0.2890623861656048,0.33815770826844127,0.29983763012729336,0.7673839933162938,0.0,0.15458937198067632,0.3385668276972625,17081
0.497482846292698,0.44326069645145666,0.5468410528729126,0.5042932120060681,0.8293233003922975,0.33027522935779813,0.17134831460674158,0.4811563670411985,12838
0.6454607759945838,0.09814502102244904,0.19327157000679174,0.2672605939717152,0.463507911617924,0.4954128440366972,0.0,0.23824786324786323,15888
0.37196767472347614,0.5490725105112246,0.7327507768094421,0.7251841566848962,0.9420942723022252,0.34970318402590395,0.0425531914893617,0.36619015957446804,15034
0.6154587313790155,0.09814502102244904,0.38247739498041944,0.6029322064386586,0.5371389448624995,0.0,0.0,0.4348958333333333,14193
0.2963044763173342,0.0,0.30241808464994335,0.5922220349215621,0.5332818255207508,0.6605504587155963,0.0,0.1828231292517007,15239
0.8378193889768806,0.09814502102244904,0.16272292391138565,0.21318073590674969,0.3888833588003309,0.0,0.0,0.3822463768115942,16378
0.9191605494620005,0.0,0.2646509906498844,0.5251204829032732,0.5409196805609917,0.0,0.0,0.39215686274509803,14365
0.8826648547604097,0.1742722136142913,0.42371182855664435,0.5828508804134673,0.6576619293362349,0.3963302752293578,0.7314814814814815,0.1508487654320988,14068
0.4245075050062308,0.2364726589596911,0.4870523515193219,0.6229470856482806,0.6406799940281567,0.5661861074705111,0.0,0.24281609195402304,16134
0.26142564254602063,0.09814502102244904,0.24928749125613425,0.36652914167495587,0.5842696965152536,0.4954128440366972,0.0,0.3541666666666667,17014
0.0,0.500252522571941,0.5351654752797448,0.424525934993901,0.9140322982125086,0.1524347212420607,0.0880503144654088,0.21741788958770086,17530
0.717342578777332,0.44326069645145666,0.7274726802672558,0.8250652205403495,0.9778926974478803,0.0,0.37589498806682575,0.2678500397772475,13869
0.31142803657233314,0.6472175315336735,0.9017005294016611,0.9262471100283411,0.49925051030224016,0.09908256880733946,0.029411764705882353,0.23069852941176477,14866
0.49244448492302473,0.2364726589596911,0.3941846467448671,0.4581129706306559,0.860516790892917,0.33027522935779813,0.35555555555555557,0.34801587301587306,16372
0.8321201473561745,0.0,0.18630831507906254,0.3860028881557227,0.6013785317374574,0.0,0.0,0.30034722222222227,17601
0.9087604129380458,0.09814502102244904,0.5954156315992924,0.981432430688856,0.7543750612912838,0.9908256880733944,0.0,0.35000000000000003,15823
0.19095122637278455,0.2364726589596911,0.3660172961771686,0.4081636319840891,0.4744206482180607,0.7431192660550459,0.08620689655172414,0.15373563218390807,14102
0.7433328833442149,0.1742722136142913,0.050293758130066535,0.0,0.319597110331925,0.0,0.0,0.27343750000000006,16112
0.956180822599749,0.09814502102244904,0.19525353336188545,0.2707707605071692,0.4897024751079551,0.0,1.0,0.18089430894308944,16939
0.994539510197902,0.33461767998214015,0.7369270878078973,0.9577421031891062,0.6292441861041964,0.0,0.514018691588785,0.20327102803738317,14160
0.529172392480287,0.41074487257398257,0.4790781286517456,0.41827121499430264,0.6292441861041964,0.3603002502085071,0.0782608695652174,0.34855072463768116,16235
0.9704747330856343,0.0,0.09605246842946369,0.22591550904167645,0.319597110331925,0.0,0.3333333333333333,0.31111111111111117,16453
0.9848889698460495,0.0,0.14214154176615157,0.3076334568681103,0.319597110331925,0.6605504587155963,0.0,0.03125,13834
0.6129212951225733,0.2364726589596911,0.3511003274476987,0.38172224820564393,0.5958442047095882,0.33027522935779813,0.0,0.37696078431372554,16441
0.9558257432186126,0.1742722136142913,0.4267417662072357,0.5882313346242467,0.09752729486805156,0.0,0.0,1.0,13783
0.26142564254602063,0.9731978404913231,1.0,1.0,0.7404144916729889,0.32486088133553914,0.0,0.26805555555555555,17450
0.9182804903837698,0.2364726589596911,0.1768190039866553,0.07365249935800988,0.24806029457982387,0.0,0.0,0.03125,16827
0.12047681019954858,0.2364726589596911,0.3452696372311004,0.3713891908407583,0.49925051030224016,0.0,0.0,0.23770491803278687,18237
0.6050788537625509,0.0,0.16853040484052584,0.3544516526108139,0.5446269992565518,0.0,0.4807692307692308,0.08092948717948717,14067
0.40869558228073843,0.2364726589596911,0.40682018134152265,0.4805275975639647,0.5782082060219316,0.0,0.1111111111111111,0.425925925925926,14116
0.37196767472347614,0.0,0.06776952159335103,0.17580765824239353,0.2298635879597159,0.0,0.0,0.17803030303030304,16189
0.12047681019954858,0.44326069645145666,0.5710661033403666,0.5472738168970677,0.7784871747339903,0.18015012510425354,0.3277591973244147,0.2396878483835006,16271
0.24095362039909712,0.0,0.16291365649985678,0.344485020459979,0.5332818255207508,0.0,0.0,0.25480769230769235,14594
0.8473643680093665,0.1742722136142913,0.28598664923876194,0.3385246265967585,0.4519334034235893,0.0,0.0,0.1388888888888889,13512
0.9518712308370099,0.09814502102244904,0.11893218937537453,0.13574709107178884,0.3420843551263963,0.0,0.0,0.0482456140350877,16890
0.6103462658527656,0.41074487257398257,0.598613051421464,0.6303471299287202,0.7350736982793029,0.4954128440366972,0.0,0.24184782608695649,17667
0.3614304305986457,0.1742722136142913,0.23377021087302863,0.24606817140029347,0.24806029457982387,0.0,0.0,0.7019230769230771,13207
0.48190724079819425,0.2364726589596911,0.3484383464202543,0.3770045651489373,0.5872297699760067,0.5661861074705111,0.0,0.17101990049751242,14214
0.21774435590795382,0.0,0.30099309651778294,0.5896898841311522,0.5253256362445706,0.0,0.2127659574468085,0.42287234042553196,15773
0.24095362039909712,0.9238728074081577,0.6784120010381796,0.2578750954913822,0.5751037325186668,0.086158755484643,0.255,0.26375,14560
0.19095122637278455,0.33461767998214015,0.47711691121496647,0.496202973433747,0.5446269992565518,0.7206005004170142,0.323943661971831,0.27230046948356806,13630
0.8519472288869857,0.0,0.16260235859071437,0.34393266255501054,0.37151494377774147,0.6605504587155963,0.0,0.29545454545454547,14840
0.8378193889768806,0.1742722136142913,0.4235045794586878,0.5824828613222697,0.4194961240694642,0.0,0.0,0.5921052631578947,14220
0.529172392480287,0.09814502102244904,0.27643101057908304,0.414671018653223,0.5751037325186668,0.0,0.9710144927536232,0.213768115942029,16601
0.9087604129380458,0.2890623861656048,0.4526923579560642,0.5028294362039323,0.6596822753192666,0.0,0.6607142857142857,0.2503720238095238,16510
0.9213413973529478,0.3748002968969332,0.4513017754898838,0.40717634142092773,0.6616814654583214,0.5404503753127605,0.20754716981132076,0.18356918238993708,13648
0.4706897167575288,0.1742722136142913,0.39945254554382714,0.5397787162242522,0.40480265177083524,0.0,0.625,0.3541666666666667,14712
0.6322535669781317,0.41074487257398257,0.6310457460946008,0.6879459988196559,0.6841687102527929,0.1981651376146789,0.0472972972972973,0.231981981981982,14235
1.0,0.0,0.3234629051518101,0.6296207318827933,0.44587191293026723,1.0,0.3333333333333333,0.21717171717171718,13768
0.9402168118115117,0.0,0.3346099457464733,0.6494321339482789,0.46904223864579303,0.0,1.0,0.16421568627450983,13465
0.3819024527455691,0.0,0.16360964549066725,0.3457199722769624,0.27995441307322305,0.0,0.0,0.3881578947368421,15949
0.9064147458044252,0.0,0.0947313942401935,0.22357429222588565,0.6292441861041964,0.0,0.4827586206896552,0.4209770114942529,16893
0.37196767472347614,0.1742722136142913,0.3013321562797817,0.3657185105083207,0.5719479430861123,0.0,0.0,0.2039728682170543,15743
0.45237686891880524,0.0,0.25299924388657,0.5044227893762456,0.3420843551263963,0.6605504587155963,0.0,0.32017543859649117,17658
0.4390001705699397,0.0,0.5875597390162,1.0,0.7151085629991754,1.0,0.0,0.3015432098765432,16240
0.5940395063613914,0.0,0.32726619476239094,0.6363800884187496,0.5482636980460824,0.0,0.0,0.25480769230769235,15211
0.9182804903837698,0.0,0.6228784233824509,1.0,0.13233629309166428,0.0,0.0,1.0,17308
0.15926168018519554,0.7496005937938663,0.6934421223638378,0.45464434334964676,0.8413348654286366,0.2642201834862385,0.22795341098169716,0.20264836383804768,14562
0.9631342016805533,0.525535045125296,0.6156159236786556,0.5412575837313474,0.6220387681996193,0.5504587155963303,0.19318181818181818,0.3541666666666667,15633
1.0,0.0,0.1542693845234644,0.3291478499088911,0.5621549804512151,0.0,0.0,0.06830601092896171,13234
0.9603861397467619,0.525535045125296,0.5040845935061102,0.34356962422366855,0.7580117600808145,0.6935779816513761,0.06462585034013606,0.22675736961451248,15015
0.9500435452620788,0.0,0.2641500163866086,0.5242305288083733,0.5812630058124735,0.0,0.5522388059701493,0.19029850746268662,15666
0.5023792629451177,0.09814502102244904,0.07712550186534128,0.06194181503330887,0.3072753569027837,0.4954128440366972,0.0,0.3541666666666667,13651
0.6276183243742786,0.7739793861965301,0.5817865713973294,0.233086967954788,0.7120780086736189,0.6605504587155963,0.05069124423963134,0.3630952380952382,15827
0.3382211661075024,0.47294531791938227,0.5759848126681928,0.5251009802427637,0.7494157976914757,0.16513761467889906,1.0,0.36255411255411246,16983
0.84333767139684,0.09814502102244904,0.3451789778935921,0.53669052198052,0.7239218621942243,0.0,0.0,0.16467065868263475,13439
0.7087220701296603,0.1742722136142913,0.4735212448537758,0.671320972880753,0.4847432115081472,0.8492791612057666,0.5471698113207547,0.04952830188679247,14301
0.3819024527455691,0.6112729558566243,0.7999509533719342,0.7815351153657111,1.0000000000000002,0.2972477064220183,0.0,0.20817369093231164,17338
0.9156132570212903,0.0,0.2292236408753323,0.46219577544429247,0.5409196805609917,0.0,0.0,0.22012578616352202,13605
0.3253403633778068,0.8180609933483898,0.8184683800353969,0.609116181697116,0.9488412964361215,0.4349966435444171,0.8910433979686058,0.20210064635272396,16923
0.7101888408309786,0.33461767998214015,0.4806696591446644,0.5025057590865489,0.6472264952691258,0.7206005004170142,0.04950495049504951,0.09199669966996699,17048
0.3614304305986457,0.1742722136142913,0.4298585812915596,0.5937662432211226,0.6535559449836597,0.0,0.2268041237113402,0.20103092783505155,17624
0.41678128651688284,0.2890623861656048,0.5586800131834733,0.6910060324226261,0.5782082060219316,0.4954128440366972,0.030303030303030304,0.5694444444444444,17621
0.19095122637278455,0.41074487257398257,0.3166559877557422,0.13108334346918826,0.40480265177083524,0.1981651376146789,0.0,0.39215686274509803,16500
0.566293983776904,0.09814502102244904,0.029725315115791573,0.0,0.18726081724026072,0.4954128440366972,0.0,0.07738095238095238,14495
0.8313944206374613,0.09814502102244904,0.30237364843550485,0.46070274109692977,0.5212196518919954,0.0,0.0,0.6707516339869282,15246
0.6454607759945838,0.0,0.30929768414777103,0.6044471781710354,0.5170234189375158,0.0,0.0,0.11197916666666669,16624
0.7878169949505681,0.3748002968969332,0.25720400918506847,0.0642503678277504,0.2298635879597159,0.2201834862385321,0.3333333333333333,0.24652777777777785,17707
0.3614304305986457,0.9796962833032292,0.8702558301520276,0.543556268206816,0.7784871747339903,0.346002621231979,0.0863157894736842,0.4071929824561404,18172
0.6050788537625509,0.2890623861656048,0.3745515982918539,0.36428385805326724,0.4194961240694642,0.28309305373525556,0.0,0.08148148148148143,16184
0.48725570269011875,0.44326069645145666,0.4757813408149725,0.3783260125527108,0.795996231320047,0.33027522935779813,0.0,0.1938534278959811,14623
0.9147150054271733,0.09814502102244904,0.3254816583709086,0.5017189396360309,0.5212196518919954,0.4954128440366972,0.0,0.1867283950617284,16228
0.9899273312157228,0.0,0.15166849002005134,0.32453359438779494,0.3311716185262597,0.0,0.7222222222222222,0.2106481481481482,16585
0.4245075050062308,0.1742722136142913,0.28247102417547265,0.3322958779282741,0.42643946792633786,0.0,0.0,0.48333333333333334,17163
0.8335625730337656,0.33461767998214015,0.45115570830346163,0.4501576632016018,0.43961164999444796,0.4403669724770642,0.0,0.436965811965812,15777
0.9234952204105011,0.0,0.18041895163706312,0.37554992186783864,0.5872297699760067,0.0,0.30434782608695654,0.3448067632850242,15501
0.2963044763173342,0.3748002968969332,0.5349251283889833,0.5554907888908411,0.6978117209535337,0.2201834862385321,0.0,0.33385744234800846,15073
0.8130007491299401,0.2364726589596911,0.5756473850920125,0.7803469126991591,0.6876719445742718,0.5661861074705111,0.421875,0.33398437500000006,17597
0.07047441617323603,0.0,0.2175727092852484,0.44150670636852474,0.7089985723369723,0.6605504587155963,0.0,0.2926587301587302,15877
0.39129994657903455,0.33461767998214015,0.5603435463315551,0.6439333081409304,0.3311716185262597,0.0,0.25806451612903225,0.20833333333333331,16107
0.8557814570868226,0.09814502102244904,0.309731819437997,0.47376196971838214,0.5654754278618694,0.0,0.5245901639344263,0.3224043715846994,17194
0.8162047347219283,0.09814502102244904,0.33174241798816007,0.512833720510935,0.27995441307322305,0.4954128440366972,0.0,0.5694444444444444,14423
0.12047681019954858,0.0,0.11160157981703556,0.2534766380910132,0.3311716185262597,0.0,0.0,0.4348958333333333,16313
0.4458171735773554,0.09814502102244904,0.23151967967226716,0.3350290603875836,0.6823926889454288,0.0,0.0,0.3822463768115942,18043
0.19095122637278455,0.6472175315336735,0.5917170619758061,0.3759631245143238,0.9689568223611051,0.5335215243472123,0.23553162853297444,0.13251458052938542,17954
0.5449843152057794,0.500252522571941,0.6207691492144702,0.5763583607116678,0.7267714809722479,0.7926605504587156,0.14732142857142858,0.15234375,15240
0.6728584671709789,0.09814502102244904,0.13999318709635755,0.17297423196357853,0.463507911617924,0.0,0.0,0.1030092592592593,17309
0.9470786751357636,0.0,0.25202213054086897,0.5026871830465494,0.40480265177083524,0.0,0.0,0.16964285714285715,13472
0.4319048467718818,0.525535045125296,0.6698629687760731,0.637545856587197,0.801811531045828,1.0,0.13496932515337423,0.16794478527607365,14112
0.40869558228073843,0.09814502102244904,0.3953627008711398,0.6258218288779545,0.7506677425957238,0.0,0.2391304347826087,0.3036231884057971,16464
0.786880004559474,0.0,0.09569048622298038,0.2252739950171221,0.2298635879597159,0.6605504587155963,0.0,0.22500000000000003,14501
0.15926168018519554,0.47294531791938227,0.568636599564522,0.5120648051163195,0.319597110331925,0.16513761467889906,0.09302325581395349,0.5193798449612403,14608
0.5696047752429739,0.2890623861656048,0.5352217506699046,0.649338024214192,0.40480265177083524,0.28309305373525556,0.0,0.30034722222222227,12863
0.19095122637278455,0.8570929921998565,0.8824318706598999,0.6844640812555114,0.949282732271562,0.6605504587155963,0.1407563025210084,0.13843662464985995,14194
0.6728584671709789,0.0,0.24409172750224606,0.48860131865549583,0.46904223864579303,0.0,0.7142857142857143,0.22500000000000003,14208
0.6050788537625509,0.47294531791938227,0.6006766618873569,0.5689164499778785,0.6911120541096665,0.3048694424841214,0.06829268292682927,0.48963414634146346,16455
0.6299513969427243,0.2890623861656048,0.3737255355390039,0.3628204132950088,0.6450691738548169,0.0,0.0,0.1802884615384615,14818
0.8440152991425289,0.3748002968969332,0.7859092844672713,1.0,0.49453617414304446,0.3963302752293578,0.0,0.06184210526315792,15032
0.45237686891880524,0.525535045125296,0.7236016532563623,0.7329901065142508,0.9171880876450631,0.37155963302752293,0.4561904761904762,0.2323809523809524,12867
0.5071415141747299,0.3748002968969332,0.6041896737512802,0.6784724844696868,0.7784871747339903,0.0,0.0,0.21558704453441296,14913
0.5162915897505914,0.33461767998214015,0.6459882594440074,0.7960888466287854,0.0,0.0,0.0,1.0,16308
0.48190724079819425,0.09814502102244904,0.3381307825176625,0.5241758929263354,0.5409196805609917,0.0,0.0,0.19270833333333331,13046
0.21774435590795382,0.09814502102244904,0.272840271508928,0.4083011894904649,0.46904223864579303,0.0,0.7567567567567568,0.3018018018018019,14720
0.37196767472347614,0.2364726589596911,0.47507169377989866,0.6016715369722039,0.5553356514826076,0.5661861074705111,0.0,0.5522222222222222,17671
0.7228608611972914,0.500252522571941,0.5468342991279176,0.44520871274106155,0.6514693568509644,0.28309305373525556,0.1111111111111111,0.29835390946502055,17692
0.5940395063613914,0.5490725105112246,0.5774384580019112,0.449531333289906,0.9420942723022252,0.34970318402590395,0.13249211356466878,0.16469505783385913,16395
0.5760429667020784,0.2364726589596911,0.2523145830360958,0.20686740757484956,0.6384469754290434,0.0,0.0,0.3012295081967213,16412
0.9671765070485678,0.0,0.31216450051323164,0.6095417188162251,0.46904223864579303,1.0,0.0,0.6580882352941178,15137
0.15926168018519554,0.0,0.3392831114687891,0.6577380434851636,0.7253519880855284,0.6605504587155963,0.5533333333333333,0.1905555555555556,14629
0.2963044763173342,0.736725181531632,0.7678216696511624,0.5992975773537939,0.8200082376659363,0.33027522935779813,0.18526315789473685,0.29298245614035096,14755
0.9467044849016444,0.0,0.0,0.0,0.09752729486805156,0.0,0.0,0.3541666666666667,15564
1.0,0.2364726589596911,0.35062312506703264,0.380876508729062,0.5038512368694057,0.5661861074705111,0.3409090909090909,0.08996212121212122,13641
0.15926168018519554,0.0,0.0871986274841392,0.21022596909968927,0.36219988105138007,0.0,0.0,0.32017543859649117,15690
0.7201236188530716,0.0,0.2600064996771956,0.5168699403490706,0.2941031748346736,0.0,0.9230769230769231,0.30448717948717957,14079
0.5882452599301117,0.0,0.14938693077087306,0.3204860298536585,0.319597110331925,0.0,0.0,0.08823529411764708,13930
0.5791747865065997,0.09814502102244904,0.29677327830204847,0.45076414146825994,0.5083437009364926,0.0,0.8409090909090909,0.38352272727272724,13034
0.07047441617323603,0.7496005937938663,0.7469959447302121,0.549619725897093,0.6406799940281567,0.37155963302752293,0.1606425702811245,0.0,12747
0.6833957112958092,0.2364726589596911,0.3390918793470967,0.3604425166465899,0.5782082060219316,0.33027522935779813,0.057971014492753624,0.04528985507246375,17298
0.8216734063818487,0.0,0.30510155268568195,0.5969905259142085,0.5212196518919954,0.0,0.0,0.17553191489361708,14022
0.7924276445163021,0.09814502102244904,0.2702347563133447,0.40367934310612186,0.5872297699760067,0.4954128440366972,0.0,0.17275280898876405,16117
0.8121904385871737,0.47294531791938227,0.5829119416970756,0.5373914986137625,0.7042842361777766,0.6994063680518079,0.0,0.2946217494089835,15079
0.6103462658527656,0.33461767998214015,0.45711095564011806,0.4607181590559155,0.7627553808345569,0.7206005004170142,0.0,0.3482954545454546,15339
0.4458171735773554,0.44326069645145666,0.5885422482072558,0.5782898372696961,0.9425515681227032,0.33027522935779813,0.4959481361426256,0.11237169097784983,15532
0.26142564254602063,0.09814502102244904,0.031618056205723666,0.0,0.2298635879597159,0.4954128440366972,0.0,0.1388888888888889,14287
0.5760429667020784,0.09814502102244904,0.2679505326299223,0.3996275910351754,0.7662373177145758,0.0,0.0,0.07351657940663181,15012
0.9133588635932801,0.2364726589596911,0.30619286918748734,0.3021744360930636,0.5212196518919954,0.33027522935779813,0.22916666666666666,0.24652777777777785,16155
0.6154587313790155,0.0,0.4062460293877652,0.776777262444194,0.6170795045998114,0.6605504587155963,0.0,0.4171747967479676,12886
0.5372580967164313,0.0,0.14216964194546589,0.3076833007110522,0.36219988105138007,0.0,0.0,0.8154761904761905,18261
0.4245075050062308,0.2364726589596911,0.4558688843732017,0.5675765692045895,0.6911120541096665,0.0,0.0,0.54518779342723,15530
0.6299513969427243,0.09814502102244904,0.30403149792278916,0.4636449651281076,0.4897024751079551,0.0,0.24444444444444444,0.1388888888888889,16468
0.4245075050062308,0.2890623861656048,0.45093586961625287,0.4997130164835708,0.833411698882587,0.0,0.16447368421052633,0.24794407894736842,16511
0.40869558228073843,0.3748002968969332,0.632581166472191,0.7289076494057163,0.8191384370099277,0.5404503753127605,0.23728813559322035,0.251271186440678,13988
0.0,0.0,0.15492565810452996,0.33031217690947234,0.3072753569027837,0.0,0.0,0.3972222222222222,17668
0.12047681019954858,0.6112729558566243,0.8485845569402657,0.8679641043718385,1.0000000000000002,0.3774574049803407,0.7138769670958512,0.3282963757749166,14769
0.7057508645025471,0.09814502102244904,0.2699500864091451,0.4031743876734135,0.44587191293026723,0.0,0.0,0.4221491228070176,17398
0.9515072279885433,0.09814502102244904,0.14712576024551938,0.1855878458056175,0.2941031748346736,0.4954128440366972,0.0,0.3972222222222222,16234
0.6884340726654826,0.44326069645145666,0.5567431573163557,0.521859787680832,0.6514693568509644,0.18015012510425354,0.20161290322580644,0.3333333333333333,15095
0.9582961991764292,0.0,0.5096701153126992,0.9606922459738336,0.4331391347702052,0.9908256880733944,0.0,0.03125,15077
0.5629189010962606,0.0,0.38287685064247245,0.7352298951174054,0.44587191293026723,0.0,0.0,0.31111111111111117,13918
0.8532347258601053,0.2364726589596911,0.42282092150666584,0.5089182571812643,0.5812630058124735,0.5661861074705111,0.2535211267605634,0.5269953051643192,16037
0.6537390689447445,0.1742722136142913,0.4289047597176645,0.5920724066853973,0.812936284229411,0.0,0.0,0.2703562340966921,15466
0.7228608611972914,0.663862683062538,0.5478903717815469,0.281826865606295,0.7350736982793029,0.0,0.0,0.2193840579710145,14344
0.07047441617323603,0.9529250692281428,0.9294730866129737,0.6746320238912062,0.6978117209535337,0.2201834862385321,0.14447592067988668,0.0852219074598678,16525
0.7905980350263077,0.2890623861656048,0.4234816712426208,0.45101441991645386,0.6268724672347086,0.0,0.023255813953488372,0.18895348837209303,14682
0.9289733631982546,0.0,0.1918597351045248,0.3958567858916866,0.5654754278618694,0.0,1.0,0.1388888888888889,14877
0.9156132570212903,0.0,0.19736387079271545,0.40562744360690917,0.3888833588003309,0.6605504587155963,0.0,0.515625,13964
0.5629189010962606,0.3748002968969332,0.4955356692841737,0.48560302607544603,0.6268724672347086,0.6605504587155963,0.0,0.2009180790960452,16177
0.31142803657233314,0.33461767998214015,0.3944109705337824,0.3495960335992401,0.8008545319805518,0.0,0.847457627118644,0.1297669491525424,16744
0.566293983776904,0.1742722136142913,0.4676964037154565,0.6609729785901752,0.5332818255207508,0.0,0.0,0.2148692810457516,15803
0.5968657685777834,0.0,0.14216964194546589,0.3076833007110522,0.5751037325186668,0.0,1.0,0.3333333333333333,16685
0.19095122637278455,0.2890623861656048,0.45937696124313376,0.5146902415000003,0.6859283624673551,0.0,0.0,0.2619047619047619,18180
0.4763889583782348,0.0,0.15838824717960054,0.33645552214739527,0.41229070616488733,0.0,0.0,0.27666666666666667,15986
0.2797384903847442,0.33461767998214015,0.43350504647219945,0.4188645815716594,0.7940177585499857,0.0,0.16037735849056603,0.28917714884696016,14178
0.39129994657903455,0.09814502102244904,0.0792389574609772,0.06566963735031428,0.2298635879597159,0.0,0.0,0.2824074074074074,13403
0.7942381952276248,0.7739793861965301,0.6992943297683742,0.44101329764529185,0.8191384370099277,0.13211009174311925,0.15404699738903394,0.25805047867711056,18231
0.8726344972491789,0.2890623861656048,0.5251206486257403,0.6313986998708958,0.5293451723666571,0.28309305373525556,0.0,0.1431518151815182,13819
0.9338813023603156,0.47294531791938227,0.5954024521598111,0.5595561001553533,0.6944912735428794,0.7706422018348623,0.17708333333333334,0.16579861111111116,13446
0.3382211661075024,0.33461767998214015,0.3994910467280317,0.3585935546397341,0.7443242715898262,0.0,0.6386138613861386,0.271039603960396,13232
0.8277196263229246,0.0,0.0014226181160619245,0.058413997154551645,0.3524069184164829,0.0,0.0,0.22500000000000003,17946
0.37196767472347614,0.8477456148163154,0.7639436043612555,0.4833268665550128,0.9351000501202607,0.10711629060252914,0.14759535655058043,0.26098673300165837,13018
0.8512998862518628,0.1742722136142913,0.37012529200120414,0.4877257888388362,0.5587757610180022,0.0,0.0,0.7372881355932204,15695
0.7811494427663043,0.0,0.3144514109986942,0.613605794138304,0.5812630058124735,0.0,0.0,0.3333333333333333,16644
0.6782069290629034,0.1742722136142913,0.30381116352921356,0.3701124208474149,0.18726081724026072,0.0,0.0,0.515625,14463
0.4390001705699397,0.0,0.2924784194903245,0.5745601571917218,0.7506677425957238,0.0,0.0,0.3077342047930283,15720
1.0,0.0,0.06121131995893314,0.16419363343898552,0.16176688174300935,0.0,1.0,0.1388888888888889,16964
0.7721829753077689,0.09814502102244904,0.39350398898403527,0.62251983205233,0.5170234189375158,0.7926605504587156,0.0,0.2719696969696969,13300
0.9746709384769052,0.0,0.27294746029768224,0.5398592686352195,0.3072753569027837,0.0,0.4117647058823529,0.08823529411764708,16132
0.40021530058429267,0.0,0.10242751854624732,0.23721434601682656,0.43961164999444796,0.0,0.0,0.020114942528735635,13189
0.37196767472347614,0.2364726589596911,0.3922080063291098,0.4546069620490827,0.5371389448624995,0.5661861074705111,0.0,0.3541666666666667,17034
0.8900847562375098,0.2364726589596911,0.4446049999549446,0.5475809450064253,0.6596822753192666,0.9908256880733944,0.0,0.10885012919896642,15326
0.15926168018519554,1.0,0.8538113959216624,0.43227050517750487,0.5782082060219316,0.05743917032309533,0.014778325123152709,0.21100164203612487,13199
0.7087220701296603,0.41074487257398257,0.53594133152815,0.5191073985587622,0.5872297699760067,0.6097388849682428,0.04716981132075472,0.26886792452830194,13799
0.6252535083491437,0.09814502102244904,0.45463255060756724,0.7311390068918682,0.671374964212994,0.0,0.0,0.27964743589743585,18235
0.5594769807694883,0.41074487257398257,0.6651925241419152,0.7486076845794298,0.7752234898966017,0.1981651376146789,0.23107569721115537,0.4339309428950863,13157
0.9096898873274686,0.2364726589596911,0.37196145311141215,0.41870227277861916,0.7806323761093319,0.5661861074705111,0.0,0.1430288461538462,17908
0.3819024527455691,0.2364726589596911,0.3023970372634792,0.2954547596685919,0.4331391347702052,0.33027522935779813,0.0,0.17803030303030304,13502
0.0,0.7233447241255158,0.7679303085864944,0.6127330556710564,0.5587757610180022,0.34166403037013604,0.02097902097902098,0.3857808857808858,15694
0.37196767472347614,0.47294531791938227,0.5813611127054801,0.5346398138885793,0.7468870068972315,0.891743119266055,0.15609756097560976,0.15569105691056906,17422
0.8113763326650222,0.0,0.42443655481048403,0.8091203480671658,0.6472264952691258,0.0,0.0,0.13415750915750918,16244
0.5594769807694883,0.0,0.2766250017481402,0.546392792614353,0.5127328807631524,0.9908256880733944,0.0,0.18895348837209303,13974
0.40021530058429267,0.09814502102244904,0.30862080855115814,0.4717900717080721,0.6119879784981619,0.7926605504587156,1.0,0.2063253012048193,15533
0.7669941930748629,0.0,0.22431745143019177,0.4534833243643126,0.0,0.0,0.0,1.0,17391
0.848026507082967,0.0,0.23155758880618404,0.46634057634744797,0.319597110331925,0.0,0.0,0.05277777777777776,18191
0.9138120875700761,0.1742722136142913,0.3827126519199935,0.5100645806037905,0.319597110331925,0.3963302752293578,0.0,0.2619047619047619,15377
0.5249839657950353,0.0,0.23569041904459231,0.4736802117806349,0.463507911617924,0.0,0.2222222222222222,0.31828703703703703,17447
0.5487223366205466,0.09814502102244904,0.41564114623736303,0.6618496771435329,0.5293451723666571,0.0,0.0,0.05102040816326531,13165
0.5071415141747299,0.1742722136142913,0.09331996399029863,0.0,0.319597110331925,0.0,0.375,0.27343750000000006,13592
0.07047441617323603,0.5710903389418314,0.6659850785595542,0.5842381853286522,0.7592087603263729,0.33027522935779813,0.0954356846473029,0.4265214384508991,13870
0.3253403633778068,0.2364726589596911,0.349354107836753,0.3786274883848231,0.43961164999444796,0.0,0.0,0.38352272727272724,13258
0.4245075050062308,0.0,0.21753178532282602,0.4414340405204229,0.2941031748346736,0.0,0.0,0.2619047619047619,14416
0.3382211661075024,0.2364726589596911,0.4451541486588011,0.5485557270471328,0.5446269992565518,0.33027522935779813,0.22727272727272727,0.1976010101010101,14859
0.647567605385473,0.525535045125296,0.6865232178336413,0.6671303779678359,0.5587757610180022,0.2642201834862385,0.2698412698412698,0.2106481481481482,18094
0.848026507082967,0.09814502102244904,0.20236781797903314,0.28337197367521516,0.3311716185262597,0.0,0.0,0.5890151515151514,12831
0.26142564254602063,0.0,0.32216615491617207,0.6273161325957115,0.6944912735428794,0.0,0.0,0.1904342723004695,17566
0.12047681019954858,0.8180609933483898,0.7116015734418188,0.41958060834785593,0.9717209790126982,0.0,0.0,0.21751536435469715,17238
0.8162047347219283,0.33461767998214015,0.35608421850949035,0.2817536196623882,0.5654754278618694,0.5944954128440366,0.27692307692307694,0.18525641025641026,17578
0.647567605385473,0.2364726589596911,0.6810167081312353,0.9676613805907781,0.8842478245408938,0.33027522935779813,0.10970464135021098,0.1361638537271449,13334
0.4390001705699397,0.0,0.2101593249123932,0.42834381936971466,0.5332818255207508,0.6605504587155963,0.0,0.1388888888888889,13066
0.878278216973033,0.33461767998214015,0.5047752846700495,0.5452795725505359,0.5872297699760067,0.5944954128440366,0.08490566037735849,0.19575471698113212,14496
0.12047681019954858,0.2364726589596911,0.48420137566048993,0.617884010446268,0.6428871968049372,0.33027522935779813,0.0,0.19791666666666669,16201
0.726887557809818,0.2890623861656048,0.4629832133779397,0.5210894736012168,0.37151494377774147,0.6605504587155963,0.0,0.27666666666666667,14403
0.3253403633778068,0.2890623861656048,0.43996527406833286,0.4802505736338234,0.879223299988896,0.0,0.0,0.10144927536231885,18096
0.39129994657903455,0.500252522571941,0.6143794930547961,0.5650180538557388,0.7879562680566636,0.28309305373525556,0.045081967213114756,0.30652322404371585,14482
0.0,0.5710903389418314,0.47898826433945296,0.2529384190631532,0.8413348654286366,0.2331354560172693,0.4063745019920319,0.24867197875166008,16794
0.4458171735773554,0.2364726589596911,0.5551520071754712,0.743924848532957,0.63618752996107,0.7431192660550459,0.3229166666666667,0.5559895833333333,13692
0.458697976307051,0.5490725105112246,0.5788991810292978,0.4521207908036611,0.45780835661455593,0.13211009174311925,0.36923076923076925,0.24487179487179495,14882
0.9326672487867222,0.0,0.24469241810056186,0.48966821937971194,0.18726081724026072,0.6605504587155963,0.0,0.2824074074074074,13406
0.15926168018519554,0.0,0.33537892823059945,0.6507988790931853,0.5751037325186668,0.6605504587155963,0.0,0.29545454545454547,14140
0.5411641329307647,0.09814502102244904,0.2816816691541908,0.42398614007171553,0.7058686511943799,0.0,0.0,0.1626436781609195,16415
0.8726344972491789,0.0,0.02170235252425945,0.09427122540736455,0.05492452414859644,0.0,0.0,0.48333333333333334,16405
0.9603861397467619,0.1742722136142913,0.39699792963613634,0.5354212549029942,0.5872297699760067,0.3963302752293578,0.0,0.2214611872146119,13855
0.3253403633778068,0.2890623861656048,0.31858616163304454,0.26520735219224534,0.5687391126992583,0.28309305373525556,0.7073170731707317,0.19664634146341464,13991
0.5852740543029985,0.0,0.21077424413009438,0.42943560120444757,0.41229070616488733,0.0,0.0,0.30448717948717957,14975
0.3253403633778068,0.8570929921998565,0.7962479015224047,0.5314880273072111,0.9425515681227032,0.43079377742321495,0.08588957055214724,0.13624744376278114,13004
0.48725570269011875,0.09814502102244904,0.22457540160059075,0.3227208014167915,0.2941031748346736,0.0,0.0,0.3972222222222222,13710
0.7924276445163021,0.09814502102244904,0.44342065935619224,0.7112131689665477,0.6576619293362349,0.0,0.0,0.39215686274509803,13294
0.9869813065081203,0.1742722136142913,0.37019147601540636,0.48784323523748574,0.5518324171611284,0.6605504587155963,0.0,0.1388888888888889,13393
0.3614304305986457,0.500252522571941,0.4277987905798062,0.23451258078992665,0.7696568881811783,0.28309305373525556,0.6827794561933535,0.13368580060422958,17323
0.37196767472347614,0.0,0.40183798757440226,0.7689400262057848,0.5751037325186668,0.6605504587155963,0.0,0.27454337899543374,15398
0.9021110825594811,0.1742722136142913,0.26547432162690443,0.30218964319091146,0.4847432115081472,0.3963302752293578,0.0,0.27906976744186046,17691
0.997920063373364,0.0,0.09883734596419136,0.2308511062014198,0.4897024751079551,0.0,0.45,0.22500000000000003,13825
0.9467044849016444,0.1742722136142913,0.26284798934794806,0.29753876252237355,0.47965168540649755,0.0,0.0,0.2754065040650407,14283
0.5940395063613914,0.2364726589596911,0.32458074204715825,0.33473567785052194,0.6596822753192666,0.0,0.0,0.2975146198830409,16385
0.8185695507470631,0.0,0.12095662863146206,0.27006279947207346,0.3524069184164829,0.0,0.0,0.425925925925926,17501
0.19095122637278455,0.44326069645145666,0.5191346859154213,0.4551571945139441,0.8891435008249524,0.18015012510425354,0.25948103792415167,0.22396872920825023,15033
0.7550024526243853,0.1742722136142913,0.4567615331668444,0.6415482681114009,0.6596822753192666,0.0,0.1171875,0.1826171875,17787
0.5968657685777834,0.2364726589596911,0.4930029951821586,0.6335153611463378,0.6961587157031146,0.33027522935779813,0.0,0.4006666666666668,17648
0.6077325128896673,0.2364726589596911,0.46467532598411254,0.5832116481594625,0.5332818255207508,1.0,0.0,0.1388888888888889,14389
0.4458171735773554,0.47294531791938227,0.5747157071589268,0.5228494015731076,0.6145507138055673,0.528440366972477,0.2808988764044944,0.1582397003745319,14533
0.0,0.0,1.0,1.0,0.05492452414859644,0.9908256880733944,0.0,0.5694444444444444,16446
0.6050788537625509,0.1742722136142913,0.28133033066131885,0.33027498293878366,0.4847432115081472,0.3963302752293578,0.3898305084745763,0.3651129943502825,14959
0.5372580967164313,0.44326069645145666,0.5873916203665068,0.5762475186572182,0.7180917629712247,0.0,0.2679738562091503,0.5103485838779958,15288
0.5629189010962606,0.33461767998214015,0.6681018312290634,0.835390940117672,0.7816960051208444,0.4403669724770642,0.0,0.3353559870550162,17672
0.8519472288869857,0.09814502102244904,0.3837570876358778,0.6052053528994727,0.5621549804512151,0.7926605504587156,0.0,0.4791666666666667,13299
0.3253403633778068,0.44326069645145666,0.6588949298074545,0.7032149745299723,0.7806323761093319,1.0,0.0,0.24309978768577495,13115
0.31142803657233314,0.5710903389418314,0.6218773332736591,0.5059765931921454,0.959163859726208,0.33027522935779813,0.1915966386554622,0.28578431372549024,14701
0.4390001705699397,0.0,0.1731846673975741,0.36271102021094603,0.5038512368694057,0.0,0.0,0.32481060606060613,17357
0.15926168018519554,0.0,0.07682042686495394,0.19183918570112835,0.5482636980460824,0.0,0.39622641509433965,0.19575471698113212,18005
0.39129994657903455,0.0,0.2190952469532812,0.4442101945678878,0.4331391347702052,0.0,0.0,0.2619047619047619,16352
0.6616409431303133,0.09814502102244904,0.3634749563888262,0.5691809426723173,0.4744206482180607,0.4954128440366972,0.0,0.425925925925926,16211
0.41678128651688284,1.0,0.5400124011032061,0.0,0.9717209790126982,0.038855909336211546,0.03492063492063492,0.11838624338624337,17961
0.5449843152057794,0.1742722136142913,0.45311219446238726,0.6350660010957767,0.9053525802114855,0.0,0.0,0.3061046511627907,16110
0.2963044763173342,0.0,0.31335999567220485,0.6116662291283688,0.5212196518919954,0.0,0.0,0.03125,12953
0.9213413973529478,0.1742722136142913,0.23293420842583856,0.24458900271626582,0.5872297699760067,0.0,0.0,0.22500000000000003,16707
0.35021290655798015,0.41074487257398257,0.6031098115452207,0.6383320007850721,0.7135992989041378,0.6097388849682428,0.1509433962264151,0.32248427672955976,13048
0.24095362039909712,0.0,0.10637281357272887,0.24420755507790282,0.319597110331925,0.0,0.0,0.27343750000000006,12962
0.5523816569714304,0.0,0.20576025845691204,0.42053355680346893,0.5170234189375158,0.0,1.0,0.03125,17111
0.7762252806757832,0.7094179768790734,0.7673576248419096,0.6255240667761401,0.8138347372463899,0.5573394495412843,0.25609756097560976,0.28485772357723577,18260
0.9182804903837698,0.2364726589596911,0.45519500452045447,0.5663802209695983,0.8727507847646532,0.8807339449541284,0.15326633165829145,0.35741206030150746,16797
0.7995593647748882,0.0,0.28452249269342467,0.5604241319689065,0.49925051030224016,0.6605504587155963,0.0,0.5479166666666668,16449
0.7732023993246039,0.2364726589596911,0.34891040055229494,0.3778411410625271,0.3524069184164829,0.0,0.19047619047619047,0.1388888888888889,16287
0.19095122637278455,0.09814502102244904,0.2096472495367585,0.2962679400642718,0.719566063067671,0.0,0.0,0.1916099773242631,17254
0.19095122637278455,0.500252522571941,0.8377033974824883,0.9617812860974464,0.846691715414887,0.5828386400431732,0.208984375,0.23055013020833331,16873
0.5162915897505914,0.1742722136142913,0.36015997102754027,0.47004320133725086,0.5872297699760067,0.0,0.0,0.039977477477477485,16884
0.6616409431303133,0.2364726589596911,0.49432691795540395,0.6358667179159325,0.5518324171611284,0.33027522935779813,0.14606741573033707,0.25983146067415736,18215
0.7605560016157585,0.09814502102244904,0.3298463573837702,0.5094675389462366,0.4744206482180607,0.4954128440366972,0.0,0.20512820512820518,17464
0.48190724079819425,0.09814502102244904,0.3955018721889736,0.6260690684443171,0.5719479430861123,0.4954128440366972,0.0,0.24813432835820898,14284
0.7859379356048766,0.09814502102244904,0.37783139638552177,0.5946796379426944,0.4847432115081472,0.0,0.0,0.1828231292517007,16614
0.6050788537625509,0.2364726589596911,0.48320223994719425,0.6161096710005667,0.463507911617924,0.0,0.0,0.1564625850340136,15815
0.8371171201563901,0.0,0.1676624056829279,0.3529113788303446,0.37151494377774147,0.6605504587155963,0.0,0.5890151515151514,14981
0.8426573914810048,0.2364726589596911,0.41203252883380403,0.48977528660244074,0.5371389448624995,0.33027522935779813,0.0,0.29049295774647893,17438
0.8105583956420711,0.0,0.146928760470328,0.31612531792606124,0.6170795045998114,0.0,0.0,0.30448717948717957,16006
0.2797384903847442,0.3748002968969332,0.3674711906826935,0.25876791626739015,0.42643946792633786,0.0,0.0,0.23554421768707484,13509
0.8551482640491418,0.0,0.37246106814812685,0.7167133623714523,0.3420843551263963,0.0,0.0,0.696078431372549,16766
0.5117767567785831,0.500252522571941,0.6011557643284777,0.541551941788945,0.7899982224278992,0.28309305373525556,0.0639269406392694,0.10939878234398781,16841
0.9948237478681425,0.1742722136142913,0.30643551831661364,0.3747641984503358,0.5371389448624995,1.0,0.0,0.16280864197530864,15309
0.31142803657233314,0.1742722136142913,0.34656539467039393,0.4459251873828134,0.6195752383575654,0.0,0.0,0.280590717299578,17237
0.5071415141747299,0.0,0.17246237897647765,0.3614292246052073,0.5212196518919954,0.0,0.0,0.11018518518518522,17403
0.7228608611972914,0.09814502102244904,0.34938485576170786,0.5441588583273818,0.49925051030224016,0.4954128440366972,0.0,0.5921052631578947,16572
0.6454607759945838,0.0,0.3858785907448088,0.7405663661289821,0.5930156949938641,0.0,0.0,0.27454337899543374,16527
1.0,0.2890623861656048,0.19339050135857705,0.04431062469213298,0.4897024751079551,0.4954128440366972,0.06976744186046512,0.36918604651162795,13413
0.4390001705699397,0.09814502102244904,0.2433081897348739,0.35592737921568096,0.41229070616488733,0.7926605504587156,0.0,0.1388888888888889,13894
0.9156132570212903,0.0,0.14568716529367132,0.31392283602701565,0.6145507138055673,0.6605504587155963,0.0,0.12812500000000004,17776
0.48190724079819425,0.6948984268207701,0.8487328102430589,0.7844871595207419,0.907559782988266,0.4246395806028833,0.0,0.12022144522144518,12949
0.7359355415785641,0.500252522571941,0.4461687265283818,0.26697828762904563,0.673255973652656,0.1524347212420607,0.07547169811320754,0.6181865828092243,14692
0.9334775593294888,0.2364726589596911,0.37395809507600775,0.42224247161516093,0.42643946792633786,0.0,0.13513513513513514,0.6159909909909911,17127
1.0,0.0,0.16777967998656962,0.35311948219742995,0.5446269992565518,0.6605504587155963,0.0,0.06060606060606061,17810
0.5852740543029985,0.2364726589596911,0.428304468832748,0.5186494426667583,0.5782082060219316,0.8807339449541284,0.0,0.3152610441767069,16394
0.8113763326650222,0.44326069645145666,0.42696430812342046,0.2919103123062414,0.5518324171611284,0.33027522935779813,0.0707070707070707,0.17803030303030304,15732
0.4319048467718818,0.5710903389418314,0.5060261132797732,0.3007424631976965,0.721029065734381,0.1238532110091743,0.07971014492753623,0.20440821256038644,16638
0.15926168018519554,0.6112729558566243,0.6374861792097324,0.4930958384742239,0.7673839933162938,0.5779816513761468,0.25680933852140075,0.11543450064850841,13021
0.4245075050062308,0.0,0.4344999401830678,0.827014151664379,0.671374964212994,0.0,0.0,0.21848739495798314,12847
0.4245075050062308,0.47294531791938227,0.4996368815604719,0.38974048274957207,0.6876719445742718,0.16513761467889906,0.0,0.3448067632850242,16531
0.40021530058429267,0.09814502102244904,0.2633641227526706,0.3914926980244371,0.6656181186124153,0.0,0.37272727272727274,0.08409090909090905,16399
0.6103462658527656,0.09814502102244904,0.17297587728680308,0.23132628416847578,0.3970088792749929,0.0,0.0,0.4384057971014493,13792
0.4706897167575288,0.09814502102244904,0.09778007292016211,0.09838885590589608,0.4897024751079551,0.0,0.0,0.10576923076923078,14765
0.26142564254602063,0.47294531791938227,0.5198392138173484,0.42553799377039114,0.6339010246229115,0.3048694424841214,0.1417910447761194,0.3541666666666667,15434
0.19095122637278455,0.09814502102244904,0.34246249407244367,0.5318670722420487,0.5958442047095882,0.0,0.43661971830985913,0.16314553990610325,16535
0.9124488547259779,0.0,0.3411731584185662,0.6610974053979279,0.4519334034235893,0.0,0.0,0.37500000000000006,15084
0.5696047752429739,0.0,0.3333269985783187,0.647151911327754,0.24806029457982387,0.0,0.0,0.006410256410256443,13805
0.07047441617323603,0.1742722136142913,0.4106860956960745,0.5597222941800821,0.6596822753192666,0.0,0.0,0.30850168350168355,15237
0.5968657685777834,0.3748002968969332,0.5261830650554924,0.5399764001710761,0.5901446497062202,0.3963302752293578,0.0,0.04047619047619044,13473
0.529172392480287,0.41074487257398257,0.5956498787193307,0.6250856577002313,0.7281804978012527,0.7077326343381389,1.0,0.38674579624134525,15708
0.8004306011685854,0.2890623861656048,0.33825576140097,0.30001117789629617,0.3311716185262597,0.0,0.0,0.29545454545454547,17955
0.5332622587451961,0.09814502102244904,0.4592173778866986,0.7392875846097535,0.5038512368694057,0.0,0.0,0.11622807017543857,16102
0.39129994657903455,0.1742722136142913,0.3131440156200187,0.3866564153247596,0.4847432115081472,0.0,0.5964912280701754,0.18421052631578944,13681
0.8662071287482409,0.47294531791938227,0.6360149540130837,0.6316492106590967,0.9124346243387331,0.3048694424841214,0.4951923076923077,0.2641225961538462,13044
0.0,0.2364726589596911,0.3877882234626604,0.4467679305477221,0.5687391126992583,0.33027522935779813,0.0,0.3541666666666667,13860
0.45237686891880524,0.09814502102244904,0.29723576073368196,0.4515848478543689,0.721029065734381,0.4954128440366972,0.6714285714285714,0.13273809523809527,16720
0.5372580967164313,0.44326069645145666,0.6792565028621163,0.7393871476341127,0.6406799940281567,0.0,0.0,0.14785879629629634,17669
0.3614304305986457,0.2890623861656048,0.4553044512599753,0.5074640535931692,0.5654754278618694,0.28309305373525556,0.0,0.3055555555555555,18161
0.4763889583782348,0.500252522571941,0.5711897443156482,0.4883936174871142,0.7494157976914757,0.0,0.05627705627705628,0.479978354978355,15114
0.3819024527455691,0.44326069645145666,0.5650630036755964,0.5366215064638034,0.7166059896069179,0.7431192660550459,0.0,0.22650193798449608,13650
0.41678128651688284,0.0,0.2621089513451005,0.5206047253002615,0.49453617414304446,0.6605504587155963,0.0,0.1388888888888889,14793
0.8821225413824869,0.47294531791938227,0.5791185210436685,0.5306608275326195,0.6675564186492879,0.6994063680518079,0.0,0.16696859903381644,15222
0.5852740543029985,0.09814502102244904,0.1898750522543895,0.2612455841505683,0.5518324171611284,0.0,0.36923076923076925,0.08589743589743593,16773
0.4245075050062308,0.33461767998214015,0.33971646721556636,0.25280470837629143,0.4194961240694642,0.2477064220183486,0.0,0.1388888888888889,17080
0.5449843152057794,0.2890623861656048,0.4274321820037805,0.4580204849492526,0.6893997474412297,0.28309305373525556,0.21323529411764705,0.2781862745098039,14754
0.786880004559474,0.09814502102244904,0.2118866572817748,0.30023563173049217,0.4194961240694642,0.0,0.0,0.3764367816091954,15780
0.8419744385527418,0.0,0.10072234060817009,0.2341920202186374,0.4744206482180607,0.0,0.918918918918919,0.4065315315315316,15894
0.8726344972491789,0.5490725105112246,0.4432833014459152,0.2121304517198659,0.8389922481389285,0.2477064220183486,0.3390804597701149,0.16115900383141768,16725
0.35021290655798015,0.5917729095724684,0.7712184585905759,0.7501702878031917,0.8727507847646532,0.3963302752293578,0.1402508551881414,0.05002850627137967,16327
0.5940395063613914,0.2890623861656048,0.3581282833840598,0.3351939718239847,0.6268724672347086,0.28309305373525556,0.18811881188118812,0.16872937293729373,17214
0.24095362039909712,0.5917729095724684,0.8010228853181522,0.803127530725233,0.8734080002631148,0.6605504587155963,0.0,0.25429553264604815,13458
0.5071415141747299,0.47294531791938227,0.6500123709205519,0.6565047017382319,0.6535559449836597,0.528440366972477,0.28651685393258425,0.1800093632958802,15722
0.19095122637278455,0.41074487257398257,0.5842071676961313,0.6047694074278502,0.921826070708351,0.3603002502085071,0.06641366223908918,0.08333333333333337,14649
0.7214976283531932,0.3748002968969332,0.6273402064561442,0.7195965912584255,0.9064593712170266,0.0,0.0,0.08564321250888413,17400
0.26142564254602063,0.33461767998214015,0.5952432824737934,0.7059228572989791,0.6093903749751954,0.8256880733944953,0.13592233009708737,0.159789644012945,14655
0.4706897167575288,0.7496005937938663,0.7385764581091003,0.5346823382059303,0.9574817262563757,0.5504587155963303,0.3800786369593709,0.24497597204019222,13148
0.9644921093420775,0.0,0.3458052738008808,0.6693306599383115,0.0,0.0,0.0,1.0,13559
0.48190724079819425,0.09814502102244904,0.3485673745663538,0.5427072381139286,0.5446269992565518,0.0,0.0,0.11736111111111108,13867
0.529172392480287,0.47294531791938227,0.46369968017052066,0.32610522585922297,0.8903480531724788,0.4246395806028833,0.5636363636363636,0.2619047619047619,17609
0.6933304893179024,0.33461767998214015,0.3850070478597709,0.3329434520467951,0.8008545319805518,0.0,0.21982758620689655,0.18157327586206895,15800
0.7680444155850216,0.1742722136142913,0.3614986050826563,0.4724183367241179,0.6315868033939045,0.8492791612057666,0.0,0.25766283524904215,13656
0.0,0.500252522571941,0.5812746815016627,0.506280908428927,0.860516790892917,0.0,0.19109947643979058,0.09042321116928448,14653
0.26142564254602063,0.47294531791938227,0.686071198915208,0.7205511660962012,0.8459355919958023,0.4246395806028833,0.20658682634730538,0.1337325349301397,14766
0.9756250742486905,0.0,0.0,0.0,0.16176688174300935,0.0,0.0,0.3541666666666667,17246
0.7027279831513678,0.47294531791938227,0.48301777468382623,0.36030503552150295,0.5482636980460824,0.0,0.0,0.19460784313725493,17742
0.3253403633778068,0.2364726589596911,0.27118324080958844,0.24022601380976294,0.6339010246229115,0.0,0.0,0.2584876543209877,17852
0.37196767472347614,0.663862683062538,0.6672231195415277,0.4931643618025765,0.8619154851616329,0.18015012510425354,0.0,0.12731925783749204,14099
0.7659375861941324,0.09814502102244904,0.13753130429597693,0.16862121095055937,0.18726081724026072,0.4954128440366972,0.0,0.3541666666666667,17408
0.8349931267604885,0.2364726589596911,0.23099849429093355,0.1692097388299052,0.05492452414859644,0.0,0.0,0.48333333333333334,14616
0.40021530058429267,0.09814502102244904,0.2238687547940914,0.32146841932365056,0.319597110331925,0.0,0.85,0.0,17384
0.3253403633778068,0.875052819468874,0.7279724679020851,0.3929483498332127,0.9628953318677831,0.09908256880733946,0.0889423076923077,0.22065304487179488,18041
0.7572452101496886,0.0,0.13693664166657693,0.29840146134327994,0.3311716185262597,0.0,0.0,0.1388888888888889,16091
0.9124488547259779,0.1742722136142913,0.38507698394172696,0.5142609929598931,0.4519334034235893,0.8492791612057666,0.0,0.2619047619047619,17342
0.5696047752429739,0.47294531791938227,0.5141797831880217,0.415508146457398,0.27995441307322305,0.0,0.0,0.0482456140350877,17262
0.19095122637278455,0.41074487257398257,0.44566854932165656,0.3590802478631665,0.673255973652656,0.0,0.14130434782608695,0.17866847826086957,17750
0.7457303185486923,0.2890623861656048,0.4063361079241308,0.4206133935459795,0.7580117600808145,0.28309305373525556,0.0,0.22753267973856212,13821
0.24095362039909712,0.2890623861656048,0.6526267568758726,0.8579548246772184,0.6406799940281567,0.28309305373525556,0.33064516129032256,0.25000000000000006,17584
0.5791747865065997,0.1742722136142913,0.5088269533691185,0.7340526232807671,0.6576619293362349,0.0,0.3431372549019608,0.32883986928104575,13878
0.3253403633778068,0.5490725105112246,0.5958941541213583,0.4822535738189744,0.953641846601647,0.0,0.43666666666666665,0.25944444444444453,15571
0.5728536791183538,0.1742722136142913,0.40673166262163685,0.5527014536411743,0.463507911617924,0.3963302752293578,0.0,0.20220588235294118,16389
0.8821225413824869,0.0,0.09053853300645542,0.21614412184245269,0.13233629309166428,0.0,0.0,0.22500000000000003,13551
0.5023792629451177,0.500252522571941,0.6143018315963296,0.5648802271068731,0.6596822753192666,0.0,0.0,0.14129422718808193,12928
0.2797384903847442,0.41074487257398257,0.5171773360093288,0.48582164278287765,0.7443242715898262,0.4954128440366972,0.20948616600790515,0.21887351778656122,14659
0.5487223366205466,0.09814502102244904,0.5221925763205648,0.8512331451639845,0.20974806203473212,0.7926605504587156,0.7777777777777778,0.1388888888888889,17317
0.15926168018519554,0.5917729095724684,0.7055435358238644,0.633525700088249,0.6195752383575654,0.958863569103285,0.0,0.26946721311475413,14113
1.0,0.0,0.0,0.05348537782686247,0.18726081724026072,0.0,0.0,0.2619047619047619,17794
0.12047681019954858,0.7496005937938663,0.8164805857223734,0.6729617089995035,0.8569745573038581,0.4662709120345386,0.03671328671328671,0.1802884615384615,18225
0.8991816093382967,0.09814502102244904,0.3212043997346363,0.4941259761471719,0.44587191293026723,0.7926605504587156,0.43333333333333335,0.3972222222222222,13922
0.9925367241267289,0.09814502102244904,0.30265178156571504,0.46119634569019974,0.5253256362445706,1.0,0.0,0.09827044025157233,13287
0.3819024527455691,0.5710903389418314,0.7564652571647401,0.7449140611086524,0.9466186762964084,0.0,0.31386861313868614,0.3155109489051095,15727
0.665461125405328,0.2364726589596911,0.40985915965232644,0.4859192281097504,0.6576619293362349,0.33027522935779813,0.0,0.22753267973856212,15652
0.6322535669781317,0.33461767998214015,0.4739937986801346,0.49066268402046154,0.6787903006805251,0.4403669724770642,0.15037593984962405,0.21334586466165412,14152
0.15926168018519554,0.6948984268207701,0.768704845570563,0.6423389972238183,0.7468870068972315,0.16513761467889906,0.041666666666666664,0.23845486111111108,13985
0.5696047752429739,0.47294531791938227,0.6371141427941582,0.6336009240847489,0.6751186314881541,0.3048694424841214,0.2923728813559322,0.23923022598870064,14107
0.9092257714399075,0.2364726589596911,0.357425236898425,0.3929326078446216,0.5371389448624995,0.33027522935779813,0.0,0.2708333333333333,13065
0.2797384903847442,0.0,0.2764283148070501,0.54604335345947,0.4897024751079551,0.0,0.4883720930232558,0.27906976744186046,13040
0.6252535083491437,0.44326069645145666,0.5550223065119144,0.518806756929979,0.7774054669464809,0.33027522935779813,0.0,0.0824712643678161,14978
0.679953790969037,0.0,0.01924166021299767,0.08991909256208919,0.18726081724026072,0.0,0.0,0.48333333333333334,13470
0.9338813023603156,0.0,0.21767312017951168,0.4416849991849554,0.5751037325186668,0.0,0.0,0.0692401960784314,14663
0.2963044763173342,0.5917729095724684,0.686428269260176,0.5995906001815152,0.7869270423092811,0.3963302752293578,0.05089058524173028,0.22434266327396096,14388
0.7384364666917951,0.09814502102244904,0.26739623203785134,0.3986443970358218,0.26467258618332856,0.0,0.7857142857142857,0.5386904761904763,17312
0.7978036801842211,0.47294531791938227,0.6223154010446872,0.6073264352811163,0.7685238230527343,0.7706422018348623,0.0,0.3104636591478696,14625
0.5940395063613914,0.1742722136142913,0.16787735112444424,0.1296120984491098,0.36219988105138007,0.0,0.0,0.3541666666666667,13283
0.9040369892070015,0.1742722136142913,0.279656160217703,0.32730905847003533,0.24806029457982387,0.0,0.0,0.09583333333333333,15361
0.7605560016157585,0.1742722136142913,0.3163333845387464,0.3923107956113703,0.5127328807631524,0.0,0.5434782608695652,0.4664855072463769,16344
0.4319048467718818,0.5490725105112246,0.6242016547411651,0.5324642406416216,0.812936284229411,0.34970318402590395,0.23529411764705882,0.08823529411764708,17613
0.4458171735773554,0.5710903389418314,0.5224277982731695,0.3297618921628347,0.6119879784981619,0.33027522935779813,0.0,0.4183222958057396,15660
0.9354869608609788,0.0,0.07713352328229428,0.19239382476898848,0.5621549804512151,0.0,0.0,0.03125,15451
0.852592169503098,0.0,0.33713753262115453,0.6539245441981372,0.20974806203473212,0.0,0.8888888888888888,0.2824074074074074,13261
0.9665092843611967,0.09814502102244904,0.1693846172214717,0.2249699032093182,0.47965168540649755,0.0,0.0,0.06060606060606061,13997
0.12047681019954858,0.2890623861656048,0.5787244475333908,0.7266168990721074,0.6944912735428794,0.0,0.21951219512195122,0.17301829268292684,14503
0.4763889583782348,0.47294531791938227,0.6375426296082471,0.6343617493775737,0.5901446497062202,0.0,0.0,0.10919540229885061,16986
0.8842817156906868,0.2364726589596911,0.3248105254805198,0.33514267500490713,0.5986314208350632,0.0,0.735632183908046,0.3022030651340996,16387
0.6077325128896673,0.0,0.30157899142762545,0.5907309944786843,0.5482636980460824,0.0,0.0,0.25480769230769235,15837
0.497482846292698,0.1742722136142913,0.3027265015140004,0.3681898863013777,0.5901446497062202,0.0,0.8333333333333334,0.2003968253968254,15952
0.7515831037276318,0.2364726589596911,0.18135105787197348,0.08163590386669495,0.0,0.5661861074705111,0.0,1.0,16998
0.7605560016157585,0.3748002968969332,0.4716048168954172,0.4431653405405227,0.5212196518919954,0.3963302752293578,0.0,0.10576923076923078,14905
0.6322535669781317,0.0,0.28466943728710703,0.5606852141686471,0.4847432115081472,0.6605504587155963,0.0,0.24390243902439018,13927
0.19095122637278455,0.2364726589596911,0.3511254088821958,0.38176669993949663,0.7105444991135959,0.0,1.0,0.25311791383219956,13956
0.8130007491299401,0.0,0.15823390934627746,0.3361816880863604,0.09752729486805156,0.9908256880733944,0.0,0.22500000000000003,12888
0.2797384903847442,0.663862683062538,0.7231021580811754,0.5923047165481055,0.7774054669464809,0.4573041637261821,0.0847457627118644,0.21916195856873827,15544
0.15926168018519554,0.1742722136142913,0.3892031038778221,0.5215846882241311,0.6013785317374574,0.3963302752293578,0.0,0.24390243902439018,17481
0.40869558228073843,0.0,0.17688872792130983,0.3692845666712852,0.5687391126992583,0.6605504587155963,1.0,0.37210648148148145,18110
0.822440786421363,0.2364726589596911,0.41141272676765883,0.48867560154047807,0.4194961240694642,0.33027522935779813,0.23529411764705882,0.31617647058823534,15223
0.925199266379328,0.0,0.415386727678672,0.7930293131683439,0.26467258618332856,0.0,0.0,0.4128787878787879,15876
0.6252535083491437,0.33461767998214015,0.3757297225642737,0.31651913211146976,0.7253519880855284,0.2477064220183486,0.14545454545454545,0.2563131313131313,17950
0.6635615294853092,0.0,0.4908280353763044,0.9271820985596015,0.3524069184164829,0.0,0.42857142857142855,0.1388888888888889,14212
0.2797384903847442,0.525535045125296,0.6112189460737472,0.5334561304362226,0.8804918821563477,0.0,0.0,0.38267754318618036,16712
0.7228608611972914,0.0,0.29040245851948265,0.5708715253058423,0.46904223864579303,0.0,0.0,0.40952380952380946,14778
0.3253403633778068,0.0,0.2622692329319265,0.5208894515509928,0.4331391347702052,0.6605504587155963,0.0,0.4128787878787879,13914
0.5071415141747299,0.41074487257398257,0.5043652111868646,0.46310012938669987,0.8111265937721894,0.0,0.10472972972972973,0.1970720720720721,17634
0.6389825865381525,0.2364726589596911,0.4005521313367073,0.46940790152400336,0.5253256362445706,0.0,0.018867924528301886,0.36635220125786166,13220
1.0,0.0,0.1554489855800476,0.3312406463021176,0.37151494377774147,0.0,0.0,0.07738095238095238,17577
1.0,0.09814502102244904,0.18928106604892725,0.260193727460591,0.463507911617924,0.0,0.0,0.25219298245614036,13442
0.4706897167575288,0.5710903389418314,0.8380432846573498,0.8898866993422958,0.7404144916729889,0.0,0.04461942257217848,0.4134951881014873,16126
0.6596988972658616,0.3748002968969332,0.6225265348239453,0.7110450063706937,0.7899982224278992,0.8492791612057666,0.0,0.38269745649263726,15764
0.6673401847510195,0.3748002968969332,0.5492254232865863,0.5808732415509761,0.05492452414859644,0.0,0.1,1.0,13848
0.6228560731446663,0.0,0.43706674988477534,0.8315783202541973,0.4331391347702052,0.0,0.0,0.33189655172413796,14164
0.9362842617848139,0.0,0.044671302528503265,0.13491163312004173,0.3072753569027837,0.0,0.0,0.0,17257
0.3819024527455691,0.09814502102244904,0.3181854514239002,0.4887670033423983,0.5083437009364926,0.0,0.0,0.3541666666666667,16020
0.3253403633778068,0.41074487257398257,0.5629575755939347,0.5670487944915013,0.7685238230527343,0.1981651376146789,0.0,0.19444444444444448,14215
0.9073568147590225,0.1742722136142913,0.2870071686251272,0.3403328086493336,0.7166059896069179,0.0,0.0,0.09104938271604934,17860
0.49244448492302473,0.09814502102244904,0.22069665164025798,0.3158467717319984,0.4331391347702052,0.4954128440366972,0.2413793103448276,0.10919540229885061,16488
0.39129994657903455,0.1742722136142913,0.39739472601101244,0.5361256432142687,0.5083437009364926,0.8492791612057666,0.0,0.5441176470588236,13282
0.19095122637278455,0.09814502102244904,0.43641634298408816,0.6987657849873217,0.6556199749649994,0.0,0.0,0.17687908496732024,14759
0.6129212951225733,0.41074487257398257,0.5869307138307607,0.609604750494257,0.7309677139267274,0.3603002502085071,0.17553191489361702,0.34729609929078015,15255
0.71451631656094,0.2364726589596911,0.5010163651413038,0.6477479905421162,0.7105444991135959,0.0,0.2602739726027397,0.1506849315068493,14346
0.6411689209833898,0.09814502102244904,0.3395333231930222,0.5266661354159576,0.49453617414304446,0.9908256880733944,0.358974358974359,0.27136752136752135,17172
0.7572452101496886,0.0,0.012741419189525094,0.07842406359632714,0.05492452414859644,0.0,0.0,0.5694444444444444,13302
0.9806271833924285,0.0,0.2600743191474695,0.5169904134512859,0.4897024751079551,1.0,0.0,0.27136752136752135,13020
0.9421502165813973,0.09814502102244904,0.2999318329730769,0.45636931867752195,0.5930156949938641,0.4954128440366972,0.5432098765432098,0.10699588477366251,17801
0.45237686891880524,0.0,0.379961203365043,0.7300465483432825,0.8268275666345437,0.6605504587155963,1.0,0.1203703703703704,14382
0.7572452101496886,0.33461767998214015,0.44632202481106353,0.4415869030641477,0.6384469754290434,0.0,0.0,0.38287037037037047,14021
0.9260450651121828,0.0,0.1330145836459682,0.2914454051986177,0.5332818255207508,0.0,0.0,0.10576923076923078,14181
0.6933304893179024,0.2364726589596911,0.22074418519353367,0.15110567331587066,0.37151494377774147,0.0,0.4838709677419355,0.37500000000000006,17256
0.9054675429337244,0.1742722136142913,0.26795335638828965,0.3065799666012681,0.40480265177083524,0.0,0.0,0.30803571428571436,15945
0.718738660954684,0.33461767998214015,0.431158108965918,0.4147044930080588,0.6170795045998114,0.0,0.3723404255319149,0.18927304964539005,13752
0.9362842617848139,0.09814502102244904,0.3439143203696038,0.5344449494961305,0.42643946792633786,0.0,0.0,0.2563131313131313,14230
0.39129994657903455,0.1742722136142913,0.41500190852824614,0.567385108126198,0.7377627696877789,0.0,0.3103448275862069,0.24281609195402304,17073
0.31142803657233314,0.0,0.1183249410291436,0.2653966112060422,0.47965168540649755,0.0,0.0,0.15021929824561403,17359
0.5940395063613914,0.6297184172751005,0.8276885946803085,0.812261412162071,1.0000000000000002,0.28309305373525556,0.31643625192012287,0.17559523809523808,17589
0.5728536791183538,0.6297184172751005,0.6555439925274273,0.5065976760355404,0.8147289820370931,0.8669724770642201,0.0,0.07683823529411765,17612
0.4763889583782348,0.33461767998214015,0.6346100520987636,0.7758686704583928,0.6292441861041964,0.2477064220183486,0.0,0.4154501216545012,15485
0.5449843152057794,0.09814502102244904,0.14813478443584938,0.18737249584066507,0.6220387681996193,0.0,0.30434782608695654,0.19972826086956524,17917
0.3819024527455691,0.6472175315336735,0.7997933277294103,0.7451395539017467,1.0000000000000002,0.5871559633027522,0.3688888888888889,0.04949735449735454,14505
0.7321153593035494,0.09814502102244904,0.3591529508179969,0.5615052661948452,0.5782082060219316,0.7926605504587156,0.0,0.3822463768115942,15639
0.6204251062922376,0.1742722136142913,0.46658827402755176,0.659004412431587,0.5212196518919954,0.0,0.22916666666666666,0.48871527777777773,12842
0.6537390689447445,0.1742722136142913,0.1275147865353612,0.058435450212834805,0.5332818255207508,0.0,0.0,0.22500000000000003,17898
0.9096898873274686,0.0,0.12676433214028315,0.2803611261941701,0.3524069184164829,0.0,0.0,0.425925925925926,16583
0.6433280952915899,0.2364726589596911,0.55758625633371,0.7482504574751778,0.5782082060219316,0.5661861074705111,0.18292682926829268,0.2911585365853659,16584
0.707242816123376,0.09814502102244904,0.30565606653417876,0.4665281903199916,0.5482636980460824,0.9908256880733944,0.0,0.3790064102564103,16961
0.6917136283876251,0.09814502102244904,0.42422172023304405,0.6770961086483305,0.463507911617924,0.0,0.0,0.21717171717171718,14055
0.7457303185486923,0.2364726589596911,0.37350852965546055,0.4214453460728187,0.8111265937721894,0.0,0.4462809917355372,0.1726928374655648,17984
0.2797384903847442,0.500252522571941,0.7579914075036527,0.8200877685688575,0.9019931812728426,0.1524347212420607,0.17324561403508773,0.3116776315789474,14146
0.5911665269570773,0.2890623861656048,0.33708724454931316,0.29794300960836506,0.5621549804512151,0.28309305373525556,0.0,0.37373737373737376,16203
0.7594593967377011,0.2364726589596911,0.3916046488827134,0.4535367978052325,0.8027637570285964,0.0,0.0,0.3099315068493151,17341
0.2797384903847442,0.41074487257398257,0.6137138451846602,0.6571630385526213,0.5083437009364926,0.4954128440366972,0.07142857142857142,0.42797619047619057,18230
0.8601503731928798,0.2364726589596911,0.4074583597330299,0.4816598061729198,0.6145507138055673,0.0,0.0,0.29408914728682173,13382
0.15926168018519554,0.2890623861656048,0.3936119288397828,0.398058586915242,0.5654754278618694,0.28309305373525556,0.35,0.22500000000000003,16949
0.9006525176649587,0.2890623861656048,0.3898347221494165,0.39136428278340163,0.5782082060219316,0.0,0.6625,0.19270833333333331,17343
0.2797384903847442,0.3748002968969332,0.5184453616678599,0.526246054529329,0.673255973652656,0.0,0.1651376146788991,0.2534403669724771,18179
0.3819024527455691,0.2364726589596911,0.4242313271710727,0.5114211115170608,0.6220387681996193,0.0,0.6039603960396039,0.4628712871287129,16066
0.9806271833924285,0.0,0.19466414947135968,0.4008349529497406,0.24806029457982387,0.6605504587155963,0.0,0.3541666666666667,16604
0.9092257714399075,0.0,0.2748988104584045,0.5433260150441199,0.5083437009364926,0.9908256880733944,0.0,0.14867424242424238,14142
0.7933352773705274,0.1742722136142913,0.3328821653552523,0.4216553424171998,0.7858922380753239,0.0,0.5022421524663677,0.29334828101644245,17472
0.6077325128896673,0.0,0.3522273790012327,0.680745840517861,0.37151494377774147,0.9908256880733944,0.0,0.6770833333333333,16160
0.4706897167575288,0.44326069645145666,0.3883326934390836,0.2236181840997451,0.3970088792749929,0.4573041637261821,0.0,0.3018018018018019,18135
0.48190724079819425,0.2364726589596911,0.48439242729777554,0.618223296231083,0.5409196805609917,0.0,0.4084507042253521,0.2541079812206573,14691
0.5629189010962606,0.0,0.028012272095845336,0.10543291130831145,0.20974806203473212,0.0,0.0,0.3541666666666667,15565
0.12047681019954858,0.1742722136142913,0.3314473896714427,0.4191108245394246,0.42643946792633786,0.6605504587155963,0.0,0.16041666666666665,14141
0.6228560731446663,0.41074487257398257,0.4568389054823534,0.3788653358234646,0.5371389448624995,0.4954128440366972,0.0958904109589041,0.36301369863013705,16233
0.9749895660576424,0.0,0.07558691981737242,0.18965411276344013,0.49453617414304446,0.0,0.5111111111111111,0.16759259259259263,13619
0.9110748452258564,0.09814502102244904,0.1803277594206496,0.24434080986277862,0.6514693568509644,0.7926605504587156,1.0,0.12351190476190482,15446
0.8232047933509163,0.0,0.2089583435308522,0.4262115134877973,0.38039658767148815,0.0,0.0,0.1576086956521739,17187
0.39129994657903455,0.0,0.259276586856551,0.5155733428975202,0.4744206482180607,0.0,0.0,0.44144144144144143,16311
0.822440786421363,0.0,0.2429880051345279,0.48664098743132933,0.42643946792633786,0.0,0.5483870967741935,0.75,15143
0.9222061319555901,0.1742722136142913,0.31322779328482664,0.3868049388602728,0.6514693568509644,0.0,0.0,0.2203453453453454,17003
0.9092257714399075,0.0,0.27672999439137635,0.5465793255121205,0.45780835661455593,0.6605504587155963,0.0,0.37261904761904757,15363
0.9698200758272666,0.0,0.12618259650835273,0.2793295321254077,0.0,0.6605504587155963,0.0,1.0,14835
0.4763889583782348,0.41074487257398257,0.4851924984454197,0.42910868008420455,0.45780835661455593,0.6097388849682428,0.0,0.4316666666666668,16996
0.786880004559474,0.0,0.14740994113609385,0.316978902624826,0.27995441307322305,0.0,0.0,0.24652777777777785,14241
0.3253403633778068,0.8570929921998565,0.7897504696782891,0.5199627458490486,1.0000000000000002,0.43079377742321495,0.6348208673790069,0.19950764718206576,15555
0.3253403633778068,0.2890623861656048,0.317241280225967,0.26282845977138525,0.6911120541096665,0.0,1.0,0.21340811965811962,16877
0.4319048467718818,0.09814502102244904,0.298692615421833,0.4541701707075263,0.5212196518919954,0.0,0.0,0.31111111111111117,12991
0.49244448492302473,0.41074487257398257,0.5626819166130101,0.5665595343402143,0.6805999911377467,0.1981651376146789,0.11976047904191617,0.21107784431137727,16612
0.35021290655798015,0.525535045125296,0.4648465635106125,0.2741499497121964,0.886098445626158,0.0,0.20833333333333334,0.19270833333333331,14710
0.6389825865381525,0.2890623861656048,0.49260939307756746,0.5736727107926154,0.6675564186492879,0.6605504587155963,0.0,0.40184563758389263,13320
0.4763889583782348,0.09814502102244904,0.0711324405009699,0.05137299738286716,0.24806029457982387,0.0,0.0,0.4128787878787879,13992
0.12047681019954858,0.1742722136142913,0.39367297184920913,0.5295189663976712,0.5782082060219316,0.3963302752293578,0.4264705882352941,0.4301470588235295,15136
0.31142803657233314,0.5710903389418314,0.6414082715493934,0.5406244158299904,0.7253519880855284,0.41718976339932395,0.04329004329004329,0.3345959595959596,14209
0.37196767472347614,0.525535045125296,0.556952408966032,0.43722022689596485,0.8268275666345437,0.4662709120345386,0.10784313725490197,0.08823529411764708,15916
0.4763889583782348,0.6948984268207701,0.8684811751450616,0.8195793562936844,0.8945051268787905,0.23779816513761465,0.0,0.29683137911781127,17416
1.0,0.0,0.13882363402341524,0.30174834837893405,0.319597110331925,0.0,0.9333333333333333,0.8277777777777777,16273
0.9260450651121828,0.09814502102244904,0.3504919453335982,0.5461247632471169,0.5553356514826076,0.0,0.10909090909090909,0.48333333333333334,13333
0.7594593967377011,0.1742722136142913,0.33757792866486036,0.4299835424177094,0.46904223864579303,0.0,0.0,0.2123983739837399,16146
0.4319048467718818,0.1742722136142913,0.4413373437562411,0.6141520108801399,0.5901446497062202,0.3963302752293578,0.0,0.2541079812206573,13308
0.2963044763173342,0.8381348966768294,0.8131790861840194,0.5800635310126865,1.0000000000000002,0.1606744359037937,0.3918525703200776,0.18064985451018428,16549
0.0,0.09814502102244904,0.3532873414793536,0.5510887679703409,0.6220387681996193,0.7926605504587156,0.0,0.4801829268292683,17405
0.5882452599301117,0.09814502102244904,0.18485478170127312,0.25235598268008963,0.63618752996107,0.0,0.0,0.1716485507246377,13827
0.9049919987338879,0.1742722136142913,0.30064632300687233,0.364502947349572,0.18726081724026072,0.3963302752293578,0.0,0.29545454545454547,16565
0.8349931267604885,0.0,0.1709611828120483,0.3587651971386807,0.3420843551263963,0.0,0.0,0.46813725490196084,16552
0.12047681019954858,0.500252522571941,0.5357574615128593,0.4255750978021593,0.6576619293362349,0.3963302752293578,0.044585987261146494,0.07855626326963905,12826
0.9160606479931885,0.0,0.13810105545715134,0.3004667252766682,0.3420843551263963,0.0,0.4090909090909091,0.29545454545454547,17689
0.4245075050062308,0.33461767998214015,0.5757553877776984,0.6713056125031232,0.8074549245798184,0.5944954128440366,0.0,0.3186813186813187,15811
0.8842817156906868,0.33461767998214015,0.435741063746669,0.4228282428665857,0.6292441861041964,0.2477064220183486,0.48333333333333334,0.31111111111111117,15422
0.31142803657233314,0.1742722136142913,0.2939147490508809,0.35257292657026995,0.463507911617924,0.3963302752293578,0.0,0.2619047619047619,13950
0.5117767567785831,0.41074487257398257,0.37897632896869715,0.24108403305765802,0.5446269992565518,0.0,0.30097087378640774,0.32281553398058255,17800
0.8644121596465009,0.0,0.3284259969051819,0.638441365973822,0.5293451723666571,0.0,0.5490196078431373,0.34150326797385616,12945
0.4245075050062308,0.3748002968969332,0.4840966880624602,0.46531545718333645,0.5901446497062202,0.9908256880733944,0.16822429906542055,0.2274143302180685,12997
0.7214976283531932,0.33461767998214015,0.49549013950109067,0.5288019090532012,0.4331391347702052,0.0,0.0,0.24487179487179495,16174
0.4390001705699397,0.0,0.1444925728321913,0.311803775321535,0.36219988105138007,0.0,0.0,0.25219298245614036,16855
0.6782069290629034,0.6112729558566243,0.8394966121304046,0.8518115013089473,0.5170234189375158,0.3774574049803407,0.0,0.3541666666666667,18087
0.9191605494620005,0.0,0.21634098679433644,0.43931963648243877,0.7010754057909225,0.0,0.2619047619047619,0.23115079365079366,16021
0.5449843152057794,0.09814502102244904,0.0,0.0,0.319597110331925,0.0,0.0,0.22500000000000003,15516
0.5940395063613914,0.0,0.25210529622826616,0.5028349062367139,0.6805999911377467,0.0,0.0,0.58994708994709,16776
0.37196767472347614,0.736725181531632,0.8910002577735121,0.8180794909571194,0.955784640292995,0.2733312242961088,0.04950495049504951,0.25025783828382836,17139
0.4245075050062308,0.33461767998214015,0.5395478290397524,0.6070058429215128,0.7816960051208444,0.7206005004170142,0.0,0.12046044098573278,15563
0.2797384903847442,0.7496005937938663,0.7667958573760663,0.5847550819619594,0.753147269833051,0.4662709120345386,0.19272727272727272,0.1451515151515152,16701
0.9459536789971699,0.0,0.19350086836136926,0.3987699699546572,0.0,0.6605504587155963,0.5,1.0,15461
0.901626252965853,0.1742722136142913,0.2511048016336528,0.276747101554601,0.3420843551263963,0.0,0.0,0.4384057971014493,15160
0.6299513969427243,0.525535045125296,0.746859525633716,0.7743120997654751,0.8555390549488662,0.37155963302752293,0.2367758186397985,0.3460327455919396,13555
0.45237686891880524,0.09814502102244904,0.3429277348602202,0.5326931538678867,0.5293451723666571,0.7926605504587156,0.3333333333333333,0.16041666666666665,15449
0.6746596366221932,0.33461767998214015,0.4947054101064132,0.5274094081424416,0.5958442047095882,0.0,0.17045454545454544,0.0,16551
0.5117767567785831,0.5917729095724684,0.7337016565039658,0.6835279080555003,1.0000000000000002,0.4718217562254259,0.1726315789473684,0.22681286549707608,15998
0.9394373876506057,0.0,0.2557095052962832,0.5092369965051651,0.4847432115081472,0.6605504587155963,0.0,0.4221491228070176,14611
0.7308230760523142,0.47294531791938227,0.6216621860872826,0.6061667879958716,0.5518324171611284,0.528440366972477,0.4375,0.07161458333333331,18064
0.65773490691598,0.2364726589596911,0.5217902425565859,0.6846495856218295,0.5083437009364926,0.0,0.29310344827586204,0.13146551724137928,14163
0.15926168018519554,0.6948984268207701,0.6977340991398291,0.5163871241617228,0.7730162871198212,0.23779816513761465,0.0,0.05310150375939854,14401
0.24095362039909712,0.33461767998214015,0.4560677399691013,0.45886813229989265,0.8350228553956656,0.7206005004170142,0.35311572700296734,0.08778437190900096,16474
0.9610772392521689,0.09814502102244904,0.5001013030740016,0.811959450343565,0.41229070616488733,0.0,0.5769230769230769,0.453525641025641,15946
0.6129212951225733,0.3748002968969332,0.5666256210208584,0.6117640695690534,0.6944912735428794,0.2201834862385321,0.0,0.37919896640826883,13431
0.26142564254602063,0.1742722136142913,0.37669326487064314,0.4993814824458489,0.4847432115081472,0.3963302752293578,0.0,0.36918604651162795,14126
0.8607656350622969,0.2364726589596911,0.261396184059395,0.2229203767663841,0.6514693568509644,0.0,0.20588235294117646,0.2781862745098039,16792
0.6228560731446663,0.2890623861656048,0.46090525401214766,0.517402129327621,0.7580117600808145,0.9908256880733944,0.0,0.09788359788359785,13503
0.7752234836856473,0.0,0.2816607126677888,0.5553395548693532,0.6406799940281567,0.6605504587155963,0.9883720930232558,0.14389534883720928,15700
0.813807299517451,0.33461767998214015,0.3972806482799247,0.3546784918199253,0.5872297699760067,0.4403669724770642,0.4430379746835443,0.2969409282700422,16756
0.8821225413824869,0.0,0.14446482755760992,0.31175455909989447,0.3888833588003309,0.6605504587155963,0.0,0.4079861111111111,15213
0.9035575094639885,0.1742722136142913,0.5069349733495501,0.7306905202250054,0.6675564186492879,0.3963302752293578,0.0,0.4945652173913044,16812
0.2963044763173342,0.09814502102244904,0.45596278732571505,0.7335032030777544,0.6675564186492879,0.9908256880733944,0.0,0.12264150943396224,14893
0.2963044763173342,0.0,0.12851667869156636,0.28346863519003107,0.4744206482180607,0.0,0.0,0.22500000000000003,16479
0.5523816569714304,0.1742722136142913,0.2754200082454765,0.3198049101139855,0.6406799940281567,0.0,0.794392523364486,0.10669781931464173,14504
0.937077922052481,0.0,0.3121933196377833,0.6095929329851968,0.5812630058124735,0.0,0.5714285714285714,0.22089947089947087,16264
0.9362842617848139,0.0,0.19504746512174798,0.40151539726582963,0.3311716185262597,0.0,0.0,0.2106481481481482,16522
0.756127448762979,0.47294531791938227,0.5482503051511876,0.4759066400405778,0.6244709146416239,0.4246395806028833,0.152,0.132,15182
0.929801037603301,0.2364726589596911,0.48854412686356286,0.6255964023941272,0.7506677425957238,0.0,0.0,0.14398422090729784,17822
0.2963044763173342,0.9458906358387644,0.9071458419303342,0.6418197454746182,0.8747156828670155,0.2568807339449541,0.02774694783573807,0.10830558638549764,15615
0.26142564254602063,0.525535045125296,0.5158989971772427,0.3644871726993997,0.9425515681227032,0.0,0.0,0.19595046854082998,15862
0.4763889583782348,0.6797333554111478,0.6966009239437008,0.5294572919687575,0.8358233635444103,0.5944954128440366,0.018461538461538463,0.3482051282051282,13983
0.8047224561797794,0.0,0.2660316191027574,0.5275731156094274,0.3970088792749929,0.9908256880733944,0.0,0.3541666666666667,15648
0.9634746744566463,0.0,0.06855302993206003,0.17719531526549304,0.45780835661455593,0.0,0.53125,0.19270833333333331,18021
0.9634746744566463,0.0,0.2663281510635207,0.5280998968704118,0.6616814654583214,0.0,0.19811320754716982,0.22012578616352202,14563
0.9204723390593217,0.1742722136142913,0.3508134377715677,0.4534610411685496,0.6751186314881541,0.0,1.0,0.13504464285714285,16787
0.49244448492302473,0.33461767998214015,0.5049205239182109,0.545537335062048,0.721029065734381,0.0,0.19072164948453607,0.3142182130584193,17623
0.7933352773705274,0.09814502102244904,0.2491154057562217,0.3662240041017031,0.5371389448624995,0.0,0.36065573770491804,0.4706284153005465,15918
0.5852740543029985,0.1742722136142913,0.17461132604412266,0.1414999587548733,0.5842696965152536,0.0,0.0,0.08272946859903385,17771
0.07047441617323603,0.7094179768790734,0.725340254638329,0.5509502752921882,0.8382049442860442,0.15853211009174312,0.1437246963562753,0.4979757085020243,14291
0.26142564254602063,0.1742722136142913,0.3702092286253913,0.48787473803161996,0.5872297699760067,0.0,0.3235294117647059,0.20220588235294118,15500
0.9169519899292555,0.09814502102244904,0.420636937130896,0.6707263538569528,0.5687391126992583,0.0,0.0,0.25000000000000006,16314
0.9096898873274686,0.41074487257398257,0.47531339201359124,0.4115990729927612,0.6244709146416239,0.6097388849682428,0.29245283018867924,0.18356918238993708,13693
0.8291988803292089,0.1742722136142913,0.367212179083815,0.4825564557803139,0.6576619293362349,0.0,0.0,0.11045597484276726,14672
0.6228560731446663,0.09814502102244904,0.24538062072157163,0.35960182271941576,0.43961164999444796,0.9908256880733944,0.0,0.4348958333333333,18053
0.3253403633778068,0.1742722136142913,0.3007195068787192,0.36463265678059154,0.5719479430861123,0.0,1.0,0.4791666666666667,18112
0.9222061319555901,0.0,0.3248125942890856,0.6320194345665382,0.4897024751079551,0.9908256880733944,0.0,0.2926587301587302,18141
0.49244448492302473,0.09814502102244904,0.35628634789801406,0.5564145026290781,0.5621549804512151,0.7926605504587156,0.20967741935483872,0.31249999999999994,15839
0.15926168018519554,0.0,0.1720333589152201,0.3606678784235178,0.5587757610180022,0.0,0.0,0.10044642857142855,17250
0.5206921107838413,0.47294531791938227,0.545789379966912,0.4715426959739726,0.6675564186492879,0.891743119266055,0.0,0.30384199134199136,15329
0.6389825865381525,0.09814502102244904,0.4095718384558531,0.6510659920937201,0.6268724672347086,0.7926605504587156,0.0,0.23401162790697677,18189
0.7978036801842211,0.09814502102244904,0.2042860578349861,0.28677003917689103,0.41229070616488733,0.0,0.0,0.8154761904761905,12999
0.8239654566945892,0.0,0.3281925936238963,0.6380265449605973,0.5127328807631524,0.0,0.0,0.11197916666666669,16834
0.6050788537625509,0.09814502102244904,0.3000242587631403,0.4565333414579509,0.5553356514826076,0.0,0.25,0.26805555555555555,12923
0.9054675429337244,0.1742722136142913,0.33452757272804834,0.4245734868585833,0.6859283624673551,0.0,0.16260162601626016,0.22289972899729,15723
0.6746596366221932,0.3748002968969332,0.6266741936841862,0.7184133856206176,0.6911120541096665,0.2201834862385321,0.0,0.2988095238095238,13851
0.31142803657233314,0.9923332069626813,0.8985802070581792,0.581575140912246,1.0000000000000002,0.22740261693487743,0.05748031496062992,0.10600393700787397,14667
0.07047441617323603,0.5490725105112246,0.6457822080894842,0.5707580359338673,0.9383959307273333,0.2477064220183486,0.5648,0.15059999999999996,15443
0.6299513969427243,0.0,0.18680200782441458,0.38687917519815773,0.3888833588003309,0.0,0.625,0.3541666666666667,18278
0.696519776901627,0.2364726589596911,0.3059476037632223,0.30174022700178305,0.6195752383575654,0.0,0.0,0.10919540229885061,16952
0.41678128651688284,0.0,0.1245747568555644,0.2764784010121941,0.6841687102527929,0.0,0.0,0.2341445427728614,17301
0.3253403633778068,0.33461767998214015,0.4459502673368321,0.44092776030641656,0.5332818255207508,0.0,0.17105263157894737,0.16721491228070173,14741
0.88852122578457,0.2364726589596911,0.21851884184673542,0.14717786099490793,0.42643946792633786,0.33027522935779813,0.0,0.020114942528735635,15447
0.12047681019954858,0.33461767998214015,0.5505730525600623,0.6265825687501236,0.6428871968049372,0.0,0.0,0.3367117117117117,14673
0.46479724410345,0.0,0.173246309767499,0.3628204132950088,0.463507911617924,0.0,0.0,0.3541666666666667,16433
0.5071415141747299,0.2364726589596911,0.3898767525272744,0.45047212047452456,0.5482636980460824,0.0,0.0,0.11622807017543857,18035
0.3382211661075024,0.500252522571941,0.46765853253519696,0.3049840909933721,0.7105444991135959,0.0,0.4177215189873418,0.14161392405063294,17236
0.5523816569714304,0.5490725105112246,0.5357000457474628,0.3755753480450845,0.5446269992565518,0.13211009174311925,0.11538461538461539,0.1430288461538462,16742
0.497482846292698,0.0,0.49374334012257015,0.9323667928970596,0.7089985723369723,0.9908256880733944,0.6953125,0.2936197916666667,13365
0.49244448492302473,0.0,3.363686034396629e-05,0.05595902456829238,0.09752729486805156,0.0,1.0,0.6770833333333333,15526
0.9178387841826026,0.2890623861656048,0.3798556065596601,0.3736810586281818,0.5446269992565518,0.28309305373525556,0.06944444444444445,0.12094907407407407,13293
0.3614304305986457,0.1742722136142913,0.2784683845197047,0.325204891753758,0.707440025610331,0.0,0.0,0.25919117647058826,16885
0.5332622587451961,0.09814502102244904,0.27455051773007577,0.4113350523141286,0.49925051030224016,0.0,0.0,0.44642857142857145,17418
0.927306095770217,0.2364726589596911,0.4072660859723902,0.48131868717878845,0.5446269992565518,0.33027522935779813,0.0,0.5284391534391535,16167
0.813807299517451,0.09814502102244904,0.30144973840189726,0.4590630860045455,0.49453617414304446,0.4954128440366972,0.15555555555555556,0.22500000000000003,15092
0.9187210769228968,0.3748002968969332,0.48386287122883287,0.46490081494632873,0.7042842361777766,0.2201834862385321,0.0,0.5223524305555556,14399
0.2797384903847442,0.33461767998214015,0.6141459847807575,0.7395060546617445,0.36219988105138007,0.0,0.46511627906976744,0.3391472868217054,17937
0.7527303771776803,0.2364726589596911,0.17862323749031073,0.07683049677868259,0.5687391126992583,0.0,0.3050847457627119,0.014830508474576287,15577
0.4706897167575288,0.09814502102244904,0.3999332283969259,0.6339415774735759,0.6384469754290434,0.0,0.24444444444444444,0.38287037037037047,17932
0.6816832708763944,0.525535045125296,0.8570527596605484,0.9701743942806704,0.7730162871198212,0.37155963302752293,0.07339449541284404,0.22183995922528027,16180
0.0,0.7739793861965301,0.8012313601414303,0.6218384094537737,0.9820229077808762,0.19177271382065697,0.048672566371681415,0.17556231563421826,17364
0.0,0.7855451694709157,0.6858718870254799,0.40586795622724847,0.902557202107779,0.18577981651376146,0.14580265095729014,0.1401570937653412,14702
0.48190724079819425,0.0,0.11319548367920618,0.2563023586811277,0.319597110331925,0.0,0.5333333333333333,0.22500000000000003,13272
0.4390001705699397,0.2890623861656048,0.42239809460456934,0.449092828781515,0.3970088792749929,0.6605504587155963,0.0,0.6588050314465408,15110
0.39129994657903455,0.3748002968969332,0.6743278091460496,0.8030876094764423,0.9479553509309406,0.0,0.6149341142020498,0.21516593460224503,17625
0.9358860684912582,0.0,0.45162250624657996,0.8574613414750898,0.6616814654583214,0.6605504587155963,0.0,0.4445833333333333,15736
0.4319048467718818,0.500252522571941,0.5462315981004817,0.44414031438091106,0.8897467269627104,0.1524347212420607,0.19583333333333333,0.19001736111111112,15967
0.07047441617323603,0.5917729095724684,0.6333239857204689,0.5053617699150563,0.5782082060219316,0.2201834862385321,0.0989010989010989,0.24771062271062277,15187
0.7811494427663043,0.2890623861656048,0.3652826730763594,0.3478647782204263,0.7940177585499857,0.28309305373525556,0.0,0.28677536231884065,15574
0.45237686891880524,0.6797333554111478,0.8305875490108423,0.7673531666441185,0.7969778320107388,0.31706422018348623,0.11353711790393013,0.20469432314410485,13178
0.6537390689447445,0.2890623861656048,0.4989120942855416,0.5848619070555237,0.6961587157031146,0.0,0.0,0.24501173708920193,17047
0.5023792629451177,0.1742722136142913,0.33181610071624124,0.4197647127774693,0.7151085629991754,0.0,0.0,0.33211382113821136,15707
0.9064147458044252,0.2890623861656048,0.5559475613758564,0.6861520296569994,0.6292441861041964,0.4954128440366972,0.5948275862068966,0.3541666666666667,13786
0.26142564254602063,0.7233447241255158,0.7090357413593977,0.5082293613767475,0.7707832685207077,0.2201834862385321,0.15281501340482573,0.32473190348525466,14092
0.9845879978286514,0.0,0.41390483747194584,0.7903944915621226,0.05492452414859644,0.0,0.0,1.0,16088
0.7087220701296603,0.0,0.22987514818909505,0.463352761213633,0.41229070616488733,0.0,0.38461538461538464,0.5032051282051282,15683
0.8842817156906868,0.09814502102244904,0.2580495756189547,0.38206711898031864,0.4519334034235893,1.0,0.2857142857142857,0.37261904761904757,13008
0.31142803657233314,0.0,0.2061962511073301,0.42130761598843525,0.4519334034235893,0.0,0.0,0.25000000000000006,15540
1.0,0.2364726589596911,0.6978099146051411,0.9975222132530499,0.37151494377774147,0.5661861074705111,0.36,0.018333333333333313,15413
0.6077325128896673,0.1742722136142913,0.17156984026456334,0.13613023167510496,0.6428871968049372,0.3963302752293578,0.0,0.2442375886524823,15048
0.0,0.7739793861965301,0.7394239603044053,0.51216215227321,0.8358233635444103,0.13211009174311925,0.26337448559670784,0.34885116598079563,13269
0.6252535083491437,0.09814502102244904,0.27410602579020305,0.4105465450892265,0.46904223864579303,0.4954128440366972,0.0,0.12622549019607848,13741
0.5911665269570773,0.0,0.1589735452313703,0.3374939937142465,0.4194961240694642,0.6605504587155963,0.0,0.617283950617284,15840
0.8644121596465009,0.09814502102244904,0.2830491121511949,0.42641222838136117,0.18726081724026072,0.0,0.0,0.24652777777777785,16997
0.5249839657950353,0.0,0.36098333866541665,0.6963100333218248,0.6893997474412297,0.6605504587155963,0.8016528925619835,0.21005509641873282,13607
0.9115340563162666,0.0,0.05957627677104982,0.16129841566528103,0.2941031748346736,0.0,0.0,0.4038461538461538,15914
0.927306095770217,0.1742722136142913,0.37493099757300485,0.4962540111195304,0.6013785317374574,0.6605504587155963,0.0,0.4128787878787879,12972
0.4319048467718818,0.2364726589596911,0.2907043898955881,0.27476005812993276,0.5038512368694057,0.0,0.0,0.24184782608695649,13575
0.8557814570868226,0.09814502102244904,0.054617805709969325,0.02226571876079486,0.27995441307322305,0.0,0.0,0.1388888888888889,13133
0.5696047752429739,0.2364726589596911,0.5748700880908502,0.7789654996828261,0.7920185684109309,0.33027522935779813,0.13636363636363635,0.2719696969696969,13849
0.0,0.9313710857804611,0.9778316170348837,0.7814835627674346,0.944821760314035,0.2331354560172693,0.02638888888888889,0.2321759259259259,17428
0.9124488547259779,0.09814502102244904,0.2145722602976914,0.3049941419239559,0.5842696965152536,0.0,0.0,0.2095771144278607,17996
0.9310352058416196,0.0,0.2999057557078102,0.5877577371362619,0.6013785317374574,0.0,0.0,0.2803571428571428,14838
0.9302134014897641,0.1742722136142913,0.47898737437285144,0.6810321570007729,0.5518324171611284,0.8492791612057666,0.0,0.31828703703703703,16176
0.566293983776904,0.33461767998214015,0.3683503988750352,0.3034580156134945,0.5842696965152536,0.2477064220183486,0.11940298507462686,0.38308457711442784,17007
0.8321201473561745,0.1742722136142913,0.3920405271714813,0.5266212283539158,0.6244709146416239,0.0,0.6179775280898876,0.23080524344569292,17142
0.12047681019954858,0.41074487257398257,0.38517068609533633,0.2520328317782192,0.7105444991135959,0.0,0.0,0.20103092783505155,14871
0.7295211126865371,0.2364726589596911,0.44943035575459955,0.5561465629158551,0.5253256362445706,0.33027522935779813,0.2786885245901639,0.21653005464480873,17695
0.40021530058429267,0.6948984268207701,0.6725603096664552,0.47174466062047893,0.9921498754040519,0.086158755484643,0.47744774477447743,0.2440410707737441,16710
0.5523816569714304,0.09814502102244904,0.41188355678717237,0.6551732946874393,0.4847432115081472,0.4954128440366972,0.3787878787878788,0.45202020202020216,14019
0.3253403633778068,0.7739793861965301,1.0,1.0,1.0000000000000002,0.7206005004170142,0.008771929824561403,0.17854532163742692,13081
0.3382211661075024,0.736725181531632,0.6043407948550248,0.3095519067011112,0.7592087603263729,0.21231979030144166,0.7235772357723578,0.19839656729900634,14878
0.5696047752429739,0.44326069645145666,0.5589066026621525,0.5256981596198653,0.7869270423092811,0.0,0.0,0.29943502824858764,16515
0.40869558228073843,0.663862683062538,0.7243363734288768,0.5944953760054363,1.0000000000000002,0.3963302752293578,0.2636165577342048,0.15014524328249818,14159
0.5728536791183538,0.09814502102244904,0.45760382964533375,0.7364198123676027,0.6220387681996193,0.0,0.0,0.2699275362318841,15678
0.7027279831513678,0.3748002968969332,0.4172126820326536,0.34678677802118996,0.5812630058124735,0.2201834862385321,0.0,0.15324074074074073,16419
0.4319048467718818,0.1742722136142913,0.20225054367539141,0.1903269080135137,0.44587191293026723,0.0,0.0,0.2916666666666667,15124
0.9147150054271733,0.2364726589596911,0.5152090171460044,0.6729583175732392,0.7151085629991754,0.33027522935779813,0.0,0.20756646216768915,12978
0.7346714538495932,0.0,0.29575264892410447,0.580378024305015,0.4897024751079551,0.0,0.0,0.6996124031007753,13730
0.566293983776904,0.09814502102244904,0.41301960563187734,0.657191775149319,0.6292441861041964,1.0,0.0,0.4348958333333333,15468
0.0,1.0,1.0,0.30210177014197637,1.0000000000000002,0.1524347212420607,0.19043280182232347,0.16654644393824347,12748
0.26142564254602063,0.2890623861656048,0.400429065438205,0.4101418747610739,0.46904223864579303,0.4954128440366972,0.0,0.4316666666666668,12919
0.2963044763173342,0.09814502102244904,0.2667265704949833,0.39745659314927684,0.44587191293026723,0.4954128440366972,0.0,0.436965811965812,15297
0.5882452599301117,0.2364726589596911,0.3172951796878569,0.3218325523068537,0.4519334034235893,0.0,0.12244897959183673,0.05102040816326531,13487
0.12047681019954858,0.47294531791938227,0.5283534157574894,0.44062942801944893,0.7224809427978844,0.3048694424841214,0.0880503144654088,0.1551362683438155,12820
0.6345256424248367,0.09814502102244904,0.36182160007539443,0.5662446208075687,0.5958442047095882,0.0,0.4782608695652174,0.213768115942029,14561
0.15926168018519554,0.1742722136142913,0.5344086570549638,0.7795161061768088,0.745609939167265,0.6605504587155963,0.0,0.11451781970649894,14121
0.9354869608609788,0.0,0.30451298884361555,0.595944647328494,0.49453617414304446,0.0,0.0,0.3707264957264957,16472
0.31142803657233314,0.5917729095724684,0.7178561113375546,0.6553880831799801,1.0000000000000002,0.11656772800863464,0.5530846484935438,0.19201339072214252,13137
0.8349931267604885,0.0,0.22703973250593235,0.4583175174540104,0.4519334034235893,0.6605504587155963,0.0,0.16666666666666669,14311
0.9631342016805533,0.33461767998214015,0.5401665718822148,0.6081044376338591,0.3072753569027837,0.2477064220183486,0.0,0.08506944444444448,16467
0.49244448492302473,0.2890623861656048,0.40519359656072673,0.41858794689829404,0.6268724672347086,0.0,0.05357142857142857,0.41183035714285715,13155
0.9082938051501166,0.2364726589596911,0.37624882383846736,0.42630427300759854,0.5842696965152536,0.33027522935779813,0.0,0.4483506944444445,16926
0.19095122637278455,0.41074487257398257,0.5493635408981683,0.542923299250063,1.0000000000000002,0.7077326343381389,0.604012671594509,0.19662970784934886,14456
0.878278216973033,0.2364726589596911,0.3375952909675739,0.35779086800100135,0.6119879784981619,0.0,0.0,0.2039728682170543,17356
0.5372580967164313,0.0,0.25887047610363734,0.5148519423314317,0.4847432115081472,0.0,0.0,0.3367117117117117,16847
1.0,0.09814502102244904,0.13928093580937562,0.17171481493291196,0.4847432115081472,0.4954128440366972,0.375,0.16041666666666665,16436
0.9151647114907653,0.1742722136142913,0.40396341636148114,0.5477868064006937,0.5872297699760067,0.0,0.0,0.29049295774647893,16588
0.7995593647748882,0.0,0.12309617180213106,0.27385654765839207,0.6244709146416239,0.0,0.0,0.36194779116465864,14985
0.39129994657903455,0.7094179768790734,0.8258894164088624,0.7294697788401798,0.6787903006805251,0.6411225040474906,0.06645569620253164,0.27650316455696206,15093
0.6454607759945838,0.7967316776285425,0.5795399852777254,0.20686468939548375,0.6805999911377467,0.063924237940219,0.13333333333333333,0.12323232323232325,17848
0.9342841097169996,0.0,0.2446026006975337,0.48950869218305293,0.36219988105138007,0.0,0.15789473684210525,0.3881578947368421,18244
0.6917136283876251,0.0,0.24000844869242055,0.4813490753039722,0.47965168540649755,0.0,0.0,0.31828703703703703,16641
0.5487223366205466,0.1742722136142913,0.501694362297648,0.7213780321727845,0.5332818255207508,0.0,0.0,0.2699275362318841,17004
0.7878169949505681,0.44326069645145666,0.7227652748318931,0.8166991289831844,0.5409196805609917,0.0,0.0,0.09334935897435898,17409
0.9119920573628759,0.2890623861656048,0.4969842464824237,0.5814393049649684,0.37151494377774147,0.6605504587155963,0.2,0.17333333333333334,15638
0.5487223366205466,0.0,0.20487716571880243,0.4189657306116312,0.5872297699760067,0.6605504587155963,0.0,0.03606965174129356,17344
0.8269752513238847,0.2890623861656048,0.508151432925352,0.6012660322279304,0.5719479430861123,1.0,0.0,0.20220588235294118,16163
0.5372580967164313,0.6112729558566243,0.7241458721588001,0.6468838353435244,0.8985736108062399,0.8587155963302752,0.0,0.20559467918622848,15622
0.6050788537625509,0.41074487257398257,0.5756809461587853,0.5896331103230297,0.7105444991135959,0.1981651376146789,0.1728395061728395,0.22659465020576136,15306
0.7721829753077689,0.2364726589596911,0.3046054380089429,0.29936415663531246,0.745609939167265,0.0,0.0,0.2075281803542673,14656
0.6276183243742786,0.33461767998214015,0.46695459550454754,0.4781764371798325,0.3888833588003309,0.0,0.0,0.7100340136054422,16681
0.9529586877520853,0.0,0.16123542721745054,0.341507250097546,0.16176688174300935,0.0,0.0,1.0,15008
0.3614304305986457,0.2890623861656048,0.33779387551728046,0.29919367370408545,0.7481555890646834,0.0,0.3298429319371728,0.35078534031413616,17516
0.713085762834217,0.2364726589596911,0.49102561998287464,0.6300034955354588,0.6769632923482158,0.33027522935779813,0.0,0.1830484330484331,16317
0.8662071287482409,0.2364726589596911,0.6525458575771008,0.9170400823352125,0.6170795045998114,0.5661861074705111,0.0,0.662405303030303,16546
0.5449843152057794,0.2364726589596911,0.2615336957125234,0.2231634870401038,0.6145507138055673,0.0,0.0,0.17061403508771933,16750
0.8815785306203328,0.0,0.19173551841883518,0.395636290697722,0.47965168540649755,0.6605504587155963,0.0,0.44144144144144143,13703
0.3819024527455691,0.7094179768790734,0.7844612799308588,0.6558915524139022,0.721029065734381,0.22865208186309105,0.11934156378600823,0.02194787379972568,16985
0.9187210769228968,0.0,0.31661920944139643,0.6174582512855107,0.5371389448624995,0.0,0.0,0.30250000000000005,14922
0.24095362039909712,0.44326069645145666,0.415947992192913,0.272426575599201,0.8667317636105727,0.0,0.0,0.15012077294685988,12970
0.9314446554929645,0.0,0.2044939623022055,0.41828540361900757,0.42643946792633786,0.6605504587155963,0.34375,0.4752604166666667,16039
0.4706897167575288,0.09814502102244904,0.35510877026438403,0.5543233013998716,0.745609939167265,0.4954128440366972,0.0,0.24771062271062277,16903
0.39129994657903455,0.500252522571941,0.49191750670139966,0.34791763034472534,0.7404144916729889,0.0,0.0,0.37334983498349844,14467
0.9045151498844064,0.09814502102244904,0.3066687071306564,0.46832542051266235,0.5901446497062202,0.4954128440366972,0.47435897435897434,0.23824786324786323,17251
0.6537390689447445,0.6112729558566243,0.7195139566459661,0.6386594916231001,0.8700990627794434,0.3774574049803407,0.0,0.4029088050314466,13141
0.7791964863028962,0.2364726589596911,0.4525381416656984,0.5616635510282779,0.0,0.5661861074705111,0.0,1.0,12908
0.12047681019954858,0.47294531791938227,0.4817440727324873,0.35804958793255115,0.6145507138055673,0.16513761467889906,0.058333333333333334,0.32187499999999997,17705
0.566293983776904,0.41074487257398257,0.5505904968547528,0.5451006030099759,0.6961587157031146,0.4954128440366972,0.0,0.20133587786259544,15754
0.756127448762979,0.41074487257398257,0.24476295796619918,0.004634716853401111,0.6576619293362349,0.0,0.0,0.0704828660436137,15920
0.9169519899292555,0.0,0.08865040672167024,0.21279839794300304,0.24806029457982387,0.0,0.0,0.4128787878787879,13582
0.48190724079819425,0.33461767998214015,0.33932897742087853,0.2521195623251711,0.2298635879597159,0.0,0.0,0.47376543209876537,12990
0.5411641329307647,0.1742722136142913,0.3390593499787671,0.432611067312336,0.5293451723666571,0.0,0.0,0.3283333333333333,15835
0.7830806992644398,0.525535045125296,0.48856017412699715,0.3160939373479199,0.7858922380753239,0.4662709120345386,0.24193548387096775,0.32083333333333336,14573
0.3253403633778068,0.2890623861656048,0.34640002006993753,0.31442767018200835,0.6636599382283828,0.0,0.9026548672566371,0.2227138643067847,17299
0.7409019164917862,0.3748002968969332,0.5103438045956648,0.5118717679110278,0.6535559449836597,0.0,0.17592592592592593,0.055169753086419804,15623
0.7087220701296603,0.0,0.15553257909650586,0.331388955712147,0.6428871968049372,0.0,0.0,0.15891472868217055,17252
0.6557484704762346,0.33461767998214015,0.5201584936189778,0.572583633845589,0.5872297699760067,0.2477064220183486,0.15476190476190477,0.6001984126984128,17002
0.6103462658527656,0.2890623861656048,0.5446452684271679,0.666075574003798,0.7627553808345569,0.0,0.0,0.3039723661485319,15757
0.7228608611972914,0.09814502102244904,0.3124281369145401,0.47854770004336267,0.45780835661455593,0.4954128440366972,0.0,0.12812500000000004,13513
0.0,0.09814502102244904,0.3404700024512102,0.5283292526907684,0.5446269992565518,0.0,0.36363636363636365,0.43636363636363634,15156
0.4458171735773554,0.500252522571941,0.636754862463335,0.6047338667641662,0.7026865623040013,0.6605504587155963,0.0,0.19208494208494203,17652
0.15926168018519554,0.6797333554111478,0.6293871333429706,0.4102939015405329,0.9709352951311665,0.0,0.11482720178372352,0.18928836863619475,16904
0.26142564254602063,0.2890623861656048,0.44077220119754035,0.4816819898778082,0.8382049442860442,0.0,0.0,0.3708487084870849,17321
0.2797384903847442,0.47294531791938227,0.5126812418967617,0.4128525839435415,0.8317868302343516,0.0,0.8645833333333334,0.3317418981481482,17288
0.9600395567872244,0.09814502102244904,0.2994285966441135,0.45547625762193444,0.5038512368694057,0.4954128440366972,0.0,0.3541666666666667,15331
0.5449843152057794,0.5710903389418314,0.5395382443861481,0.3600501615565592,0.7920185684109309,0.33027522935779813,0.05333333333333334,0.18625000000000003,16225
0.07047441617323603,0.1742722136142913,0.4114230311106637,0.5610307111933814,0.27995441307322305,0.6605504587155963,0.13333333333333333,0.1388888888888889,17856
0.9106144176808055,0.0,0.03842482764337096,0.12385657129389704,0.26467258618332856,0.6605504587155963,0.0,0.29545454545454547,14119
0.26142564254602063,0.7855451694709157,0.804069562434335,0.6154921099245436,0.801811531045828,0.24020016680567138,0.04871060171919771,0.2560888252148997,15144
0.2797384903847442,0.736725181531632,0.9811958393837497,0.9784043370276114,0.6656181186124153,0.43348623853211005,0.07333333333333333,0.0,14258
0.7572452101496886,0.2890623861656048,0.42378888454933494,0.45155923210685067,0.5719479430861123,0.4954128440366972,0.22784810126582278,0.1661392405063291,14264
0.937077922052481,0.41074487257398257,0.9182286941087543,1.0,0.44587191293026723,0.6097388849682428,0.0,0.03125,14063
0.9665092843611967,0.09814502102244904,0.4258072152737049,0.6799134067935846,0.6195752383575654,0.4954128440366972,0.0,0.19664634146341464,14695
0.6252535083491437,0.1742722136142913,0.15767204899943987,0.11160279000853612,0.27995441307322305,0.3963302752293578,0.2631578947368421,0.5921052631578947,16690
0.6691991468200952,0.0,0.0,0.009719019244213367,0.20974806203473212,0.0,0.0,0.515625,16828
0.7732023993246039,0.1742722136142913,0.23581502522117237,0.2496862918177658,0.4331391347702052,0.0,0.24242424242424243,0.1388888888888889,16647
0.7605560016157585,0.1742722136142913,0.5109851406992307,0.7378878370372726,0.6944912735428794,1.0,0.0,0.10188802083333331,13338
0.12047681019954858,0.2890623861656048,0.4590110015814066,0.5140408713661426,0.5253256362445706,0.4954128440366972,0.3384615384615385,0.1256410256410257,15822
0.8512998862518628,0.1742722136142913,0.15821846839252607,0.11256684697059849,0.4194961240694642,0.0,0.0,0.1867283950617284,12845
0.8613787266913348,0.2890623861656048,0.3758142551618062,0.36652082353784743,0.5482636980460824,0.28309305373525556,0.0,0.26508620689655166,13497
0.40021530058429267,0.09814502102244904,0.1870659385503579,0.2562712260226512,0.5212196518919954,0.0,1.0,0.22500000000000003,13565
0.2797384903847442,0.8836901904933647,0.8007979547133728,0.5136115783610526,0.5782082060219316,0.2642201834862385,0.08426966292134831,0.12195692883895132,13854
0.9129044547158507,0.1742722136142913,0.17369141394405285,0.13987578603287343,0.41229070616488733,0.6605504587155963,0.48,0.4316666666666668,12889
0.7295211126865371,0.44326069645145666,0.6635156562156699,0.7114231059902512,0.7309677139267274,0.18015012510425354,0.20634920634920634,0.33708112874779544,13722
0.39129994657903455,0.47294531791938227,0.5685717393495817,0.5119497460121123,0.8284950087947791,0.4246395806028833,0.06199460916442048,0.19923629829290213,13246
0.8169965871011756,0.1742722136142913,0.42136173633134244,0.5786777922548578,0.6616814654583214,0.8492791612057666,0.20909090909090908,0.3071969696969697,16714
0.9035575094639885,0.09814502102244904,0.234883477354334,0.3409917981251205,0.4847432115081472,0.4954128440366972,0.0,0.27906976744186046,17524
0.919598913620258,0.0,0.0,0.0,0.24806029457982387,0.0,0.0,0.3541666666666667,14610
0.5629189010962606,0.2364726589596911,0.43697045626937836,0.5340297516949626,0.8734080002631148,0.0,0.09230769230769231,0.16935897435897435,17571
0.26142564254602063,0.33461767998214015,0.4463869249171264,0.4417019743561592,0.5587757610180022,0.0,0.0,0.17961711711711714,13705
0.9124488547259779,0.0,0.23672175080901092,0.4755118372266818,0.24806029457982387,0.6605504587155963,0.0,0.5694444444444444,15728
0.9226368912754914,0.0,0.04533114720703335,0.13607954780085096,0.18726081724026072,0.0,0.0,0.5694444444444444,14617
0.8232047933509163,0.33461767998214015,0.49519229022184774,0.5282733741607737,0.7468870068972315,0.2477064220183486,0.13872832369942195,0.3504335260115607,16823
0.5249839657950353,0.2364726589596911,0.5046995290624536,0.6542900598114514,0.5930156949938641,0.7431192660550459,0.06944444444444445,0.31828703703703703,14295
0.7359355415785641,0.2890623861656048,0.30518449158837413,0.24150649372414912,0.5409196805609917,0.0,0.0,0.1713836477987421,13296
0.8299338129109372,0.0,0.3190372475135137,0.6217554802108682,0.4897024751079551,0.6605504587155963,0.5957446808510638,0.23049645390070922,12878
0.927306095770217,0.1742722136142913,0.3986255651833406,0.5383106367273223,0.5371389448624995,0.0,0.0,0.24345238095238103,12960
0.5791747865065997,0.525535045125296,0.5214554623011467,0.37432721078426323,0.7899982224278992,0.14154652686762778,0.7083333333333334,0.10121527777777772,16206
0.3819024527455691,0.1742722136142913,0.4351696325827912,0.6031981377948676,0.6220387681996193,0.0,0.0,0.1388888888888889,14336
0.37196767472347614,0.44326069645145666,0.5941251964609868,0.5881997829073371,0.7774054669464809,0.8159740960604425,0.10550458715596331,0.15271406727828746,16057
0.5523816569714304,0.7620077040849871,0.8688053445172945,0.753650769627674,0.8496866146892119,0.45294888597640887,0.0,0.16987179487179488,16019
0.2963044763173342,0.2890623861656048,0.49563238243135466,0.5790393222352481,0.8496866146892119,0.0,0.9496021220159151,0.037245800176834654,14432
0.35021290655798015,0.2364726589596911,0.34737174571428087,0.37511436336973847,0.6292441861041964,0.0,0.0,0.1430288461538462,17329
0.9610772392521689,0.0,0.2919121059151213,0.5735539080207066,0.5038512368694057,0.6605504587155963,0.3902439024390244,0.14939024390243905,16075
0.7942381952276248,0.0,0.3162510186840706,0.6168039250429365,0.46904223864579303,0.9908256880733944,0.0,0.5061274509803921,16810
0.8426573914810048,0.09814502102244904,0.25372103517010847,0.37439092268987784,0.463507911617924,0.0,0.0,0.0,15424
0.45237686891880524,0.8921142711499286,0.8234102664777889,0.5455151316540976,0.6994505371426873,0.4860654318850614,0.12295081967213115,0.15829918032786888,15291
0.9421502165813973,0.2890623861656048,0.3772096405856309,0.36899301202149837,0.4847432115081472,0.6605504587155963,0.20454545454545456,0.20738636363636365,14370
0.5071415141747299,0.0,0.04974482301503258,0.14389224397391365,0.09752729486805156,0.0,0.5,0.3541666666666667,15612
1.0,0.09814502102244904,0.15430093955406488,0.19827976180080453,0.6195752383575654,0.0,0.34177215189873417,0.035337552742616074,17780
0.9129044547158507,0.0,0.12777641529642758,0.28215588327724506,0.38039658767148815,0.0,0.0,0.23674242424242425,17766
0.6517061651082203,0.0,0.30170111028282,0.5909479950329026,0.5371389448624995,0.0,0.0,0.13010204081632648,13563
0.713085762834217,0.3748002968969332,0.5730508827173746,0.6231725294069945,0.6911120541096665,0.2201834862385321,0.18243243243243243,0.4588963963963964,16045
0.8493432656277181,0.1742722136142913,0.4685153390905028,0.6624278098031087,0.6769632923482158,0.3963302752293578,0.16379310344827586,0.3096264367816092,16619
0.9354869608609788,0.0,0.18460991326984622,0.38298832907334024,0.3420843551263963,0.0,0.0,0.39215686274509803,16864
1.0,0.09814502102244904,0.4420140878421688,0.708713502115581,0.5958442047095882,1.0,0.0,0.4801829268292683,14831
0.679953790969037,0.525535045125296,0.6750002099349446,0.646667771246864,0.8259883524755203,0.14154652686762778,0.38107416879795397,0.18073316283034957,16456
0.31142803657233314,0.1742722136142913,0.26977124335691083,0.3097995846547643,0.41229070616488733,0.0,0.696969696969697,0.726010101010101,17523
0.40021530058429267,0.0,0.17462544243694356,0.3652679037304971,0.5293451723666571,0.0,0.0,0.22500000000000003,13673
0.9908014887831347,0.0,0.3689444887497808,0.7104620104644237,0.43961164999444796,0.0,0.0,0.24281609195402304,14917
0.48725570269011875,0.3748002968969332,0.521721926712462,0.5320600401785838,0.7774054669464809,0.0,0.0,0.14321608040201006,17043
0.48725570269011875,0.0,0.10134169256762338,0.23528977200639356,0.5127328807631524,0.0,0.0,0.3283333333333333,17219
0.9470786751357636,0.0,0.12569742333723122,0.2784691810425264,0.42643946792633786,0.0,0.0,0.2824074074074074,12898
0.6764423322150049,0.41074487257398257,0.5642738658685529,0.5693850697247773,0.8707654540799818,0.6097388849682428,0.2972292191435768,0.15407220822837947,17774
0.6023840509977428,0.09814502102244904,0.6494332875212221,1.0,0.5409196805609917,0.9908256880733944,0.0,0.4316666666666668,13763
0.9790794323225513,0.0,0.21985362279040266,0.4455568186779535,0.3888833588003309,0.9908256880733944,0.2,0.8966666666666667,12943
0.3253403633778068,0.5710903389418314,0.7428342579279068,0.7206987254093153,0.8147289820370931,0.41718976339932395,0.2771929824561403,0.2567251461988304,13758
0.12047681019954858,0.9238728074081577,0.9355868216094796,0.7137328544958979,1.0000000000000002,0.3963302752293578,0.05844845908607864,0.1928799149840595,15498
0.2963044763173342,0.44326069645145666,0.5234829156837397,0.46286695734502725,0.6675564186492879,0.33027522935779813,0.5074626865671642,0.3509535655058043,13211
0.48725570269011875,0.6297184172751005,0.7543921525044519,0.682045857645075,0.8823790894214505,0.28309305373525556,0.0,0.18434594953519257,15249
0.5206921107838413,0.663862683062538,0.7517796152603773,0.6432143025886696,0.7774054669464809,0.18015012510425354,0.10903426791277258,0.21936656282450678,13327
0.2963044763173342,0.5917729095724684,1.0,1.0,0.951038339251546,0.3963302752293578,0.14076246334310852,0.2840909090909091,14088
0.9182804903837698,0.0,0.07794187840161337,0.1938258160337336,0.2298635879597159,0.0,0.0,0.3541666666666667,15566
0.7690883304144399,0.1742722136142913,0.3077075755092493,0.3770190626643253,0.7673839933162938,0.0,0.5172413793103449,0.3820043103448277,15644
0.6596988972658616,0.41074487257398257,0.7746203759457746,0.9431008538881551,1.0000000000000002,1.0,0.42723880597014924,0.08426616915422885,16984
0.6129212951225733,0.09814502102244904,0.2838584819128256,0.4278482192983777,0.49453617414304446,0.0,0.0,0.4038461538461538,16882
0.8858836744649456,0.0,0.2789476121689387,0.5505192446073728,0.5127328807631524,0.0,0.7391304347826086,0.18568840579710144,13898
0.3614304305986457,0.1742722136142913,0.2899999401967548,0.34563571824198513,0.7650837135173396,0.0,0.0,0.32668439716312064,15872
0.8284608270052908,0.1742722136142913,0.29050232574375534,0.3465259331370294,0.3888833588003309,0.6605504587155963,0.35294117647058826,0.5441176470588236,17548
0.6517061651082203,0.09814502102244904,0.293659789013033,0.4452391868909944,0.2941031748346736,0.0,0.3888888888888889,0.2824074074074074,12871
0.7594593967377011,0.3748002968969332,0.41265151556008606,0.33871042839166066,0.8496866146892119,0.2201834862385321,0.19601328903654486,0.1460409745293466,15889
0.0,0.7739793861965301,0.9621689508941687,0.9077572232925064,0.7555950073831259,0.6283284851197135,0.012237762237762238,0.24577505827505836,13098
0.26142564254602063,0.875052819468874,0.9366571637229157,0.7632313329307783,0.9532103867258792,0.4128440366972477,0.19777777777777777,0.2852777777777778,14895
1.0,0.0,0.3015766421882764,0.5907268199716671,0.319597110331925,0.0,0.0,0.1388888888888889,15794
0.5696047752429739,0.47294531791938227,0.5088231737693467,0.406016113671811,0.8707654540799818,0.16513761467889906,0.0,0.1112891737891738,16470
0.4319048467718818,0.525535045125296,0.6686667014450132,0.6354217859154541,0.6170795045998114,0.14154652686762778,0.17518248175182483,0.45316301703163014,12910
0.5249839657950353,0.09814502102244904,0.4727217200575513,0.7632900134485872,0.5518324171611284,0.0,0.2898550724637681,0.12016908212560384,15478
0.9346859857263632,0.0,0.20304169577659215,0.4157071247426942,0.6315868033939045,0.6605504587155963,1.0,0.19972826086956524,16799
0.9151647114907653,0.09814502102244904,0.3581782745458517,0.5597743341408996,0.5253256362445706,0.0,0.0,0.48778735632183906,17421
0.4245075050062308,0.3748002968969332,0.5549154250481267,0.5909740670849739,0.7309677139267274,0.0,0.24806201550387597,0.12887596899224812,15983
0.7772213366774423,0.1742722136142913,0.34758191146538486,0.44772839892127925,0.5038512368694057,0.6605504587155963,0.14285714285714285,0.4694940476190476,13005
0.24095362039909712,0.500252522571941,0.6935117585470221,0.7055225508559202,0.20974806203473212,0.0,0.0,0.3283333333333333,13953
0.2963044763173342,0.500252522571941,0.7478434029928498,0.8020535638842592,0.5687391126992583,0.3963302752293578,0.05172413793103448,0.3764367816091954,15903
0.5822511729518192,0.1742722136142913,0.5220477819186053,0.7575475961847302,0.671374964212994,0.6605504587155963,0.0,0.03396358543417366,15826
0.46479724410345,0.2890623861656048,0.6012679366324183,0.7666741284303833,0.753147269833051,0.4954128440366972,0.0,0.09027777777777779,13895
0.37196767472347614,0.41074487257398257,0.5134582136762673,0.47922547583528674,0.7224809427978844,0.6097388849682428,0.0,0.3541666666666667,13588
0.8815785306203328,0.09814502102244904,0.3535597711875196,0.5515725507091094,0.5038512368694057,0.0,0.0,0.36790780141843965,14248
0.2797384903847442,0.41074487257398257,0.7030204844807115,0.8158275041833307,0.9942517782532971,0.1981651376146789,0.24150485436893204,0.2742212783171522,16938
0.9421502165813973,0.1742722136142913,0.306702974524115,0.37523828975052864,0.3970088792749929,0.0,0.0,0.0035714285714285587,13041
0.7159351921678198,0.5917729095724684,0.7545792269325171,0.7206107022717578,0.7889799751408157,0.31289232254949295,0.23109243697478993,0.0,13162
0.5411641329307647,0.1742722136142913,0.3017363217179869,0.36643485699333533,0.6013785317374574,0.3963302752293578,0.0,0.32281553398058255,14690
0.6276183243742786,0.525535045125296,0.7017851008268778,0.6942361926523208,0.8540926774723998,0.5504587155963303,0.05982905982905983,0.267687559354226,15674
0.5882452599301117,0.2890623861656048,0.5541660894536427,0.6829874360316053,0.7180917629712247,0.28309305373525556,0.0,0.5209713024282561,13464
0.46479724410345,0.47294531791938227,0.474237838987535,0.3447592309102858,0.7580117600808145,0.3048694424841214,0.10152284263959391,0.10173434856175978,16332
0.9607320329885114,0.09814502102244904,0.396526223692389,0.6278888504305022,0.7889799751408157,0.7926605504587156,0.0053475935828877,0.06060606060606061,16894
0.4458171735773554,0.1742722136142913,0.3887880983508416,0.5208480523136405,0.6406799940281567,0.3963302752293578,0.0,0.09583333333333333,14725
0.35021290655798015,0.8570929921998565,0.800496134514322,0.539024298672016,0.8428807922052601,0.05355814530126457,0.1760104302477184,0.19502390265102126,16814
0.7359355415785641,0.2890623861656048,0.35702153514542734,0.33323406723936766,0.6093903749751954,0.0,0.0,0.32017543859649117,15855
0.6933304893179024,0.09814502102244904,0.4093544224316936,0.6506797059977347,0.46904223864579303,0.0,0.25,0.06354166666666672,14687
0.717342578777332,0.0,0.3078165873642398,0.6018152001758339,0.49453617414304446,0.9908256880733944,0.0,0.3404255319148936,18248
0.5728536791183538,0.0,0.31476205061943396,0.6141578374287029,0.0,0.0,0.0,1.0,16737
0.26142564254602063,0.47294531791938227,0.6275235078291423,0.6165726716727717,0.6428871968049372,0.4246395806028833,0.07692307692307693,0.10576923076923078,18097
0.3253403633778068,0.500252522571941,0.6170114121408286,0.5696890409207811,0.9579036510994157,0.3963302752293578,0.2956852791878173,0.1705795262267344,15861
0.458697976307051,0.525535045125296,0.6062821081910001,0.5246974485862532,0.5654754278618694,0.14154652686762778,0.24489795918367346,0.5430839002267576,13450
0.9302134014897641,0.09814502102244904,0.5335027915265522,0.8713417989101644,0.7253519880855284,0.0,0.0,0.0,15817
0.5696047752429739,0.09814502102244904,0.3078801475999484,0.47047551247984076,0.6268724672347086,0.0,0.29292929292929293,0.09974747474747475,13637
0.9217743024250988,0.09814502102244904,0.1954005828464782,0.27103120023129756,0.5170234189375158,0.0,0.0,0.03125,16888
0.566293983776904,0.33461767998214015,0.42814233379533073,0.40935914614951785,0.5553356514826076,0.0,0.8791208791208791,0.07738095238095238,18149
0.6949324480921609,0.1742722136142913,0.1267887856969916,0.05715652377039704,0.5127328807631524,0.3963302752293578,0.0,0.2660984848484849,18018
0.7616457311829384,0.1742722136142913,0.22968725075252294,0.23884440548931973,0.6067569413097249,0.0,0.0,0.4099794238683127,17765
0.6252535083491437,0.09814502102244904,0.5724696092329191,0.9406282242309105,0.42643946792633786,0.4954128440366972,0.0,0.3376068376068376,16281
0.9234952204105011,0.1742722136142913,0.3911504603180904,0.5250413041241315,0.5371389448624995,0.0,0.24561403508771928,0.5467836257309941,15439
0.7859379356048766,0.2890623861656048,0.4346803526484433,0.47087607108996044,0.6292441861041964,0.28309305373525556,0.0,0.25219298245614036,13900
0.7282093230892159,0.09814502102244904,0.3787362100945746,0.5962868078615935,0.5986314208350632,0.4954128440366972,0.5072463768115942,0.2886473429951691,13388
0.2963044763173342,0.1742722136142913,0.2858356392418455,0.3382570668462297,0.0,0.0,0.0,1.0,13147
0.15926168018519554,0.47294531791938227,0.7296410458927147,0.7979645904774046,0.8867113543829481,0.528440366972477,0.2867647058823529,0.07873774509803921,17593
0.37196767472347614,0.3748002968969332,0.564913457358678,0.6087241556397136,0.6841687102527929,0.3963302752293578,0.0,0.2342814371257485,15632
0.6728584671709789,0.2890623861656048,0.5192346831019716,0.6209462174494094,0.7281804978012527,0.4954128440366972,0.0,0.386059670781893,13192
0.5629189010962606,0.0,0.11019458291468576,0.25098234589408386,0.3311716185262597,0.0,0.0,0.5694444444444444,13917
0.878278216973033,0.2364726589596911,0.22164134381120215,0.1526892986885171,0.4194961240694642,0.7431192660550459,0.0,0.24281609195402304,15881
0.7690883304144399,0.09814502102244904,0.3026751348310994,0.4612377909624654,0.463507911617924,0.7926605504587156,0.0,0.28958333333333336,13453
0.07047441617323603,1.0,0.9914639010174007,0.6486452820658204,0.7010754057909225,0.47477064220183485,0.1256544502617801,0.3440226876090751,13767
0.9824664735361119,0.0,0.1673101306057616,0.3522862685022743,0.18726081724026072,0.6605504587155963,0.0,0.48333333333333334,13164
1.0,0.0,0.1096918448170412,0.2500911201598639,0.27995441307322305,0.0,1.0,0.24652777777777785,15943
0.4458171735773554,0.2364726589596911,0.6048193419840351,0.8321959717216658,0.6994505371426873,0.5661861074705111,0.0,0.2978187919463087,15050
0.40021530058429267,0.2890623861656048,0.3488686910383698,0.3187982092377273,0.8591077740639124,0.0,0.38263665594855306,0.2357984994640943,15850
0.707242816123376,0.8381348966768294,0.8461508814695486,0.6385901905841125,0.951474730101592,0.11009174311926605,0.04470198675496689,0.15100717439293593,15768
0.4458171735773554,0.2890623861656048,0.4323990895131611,0.4668297771675969,0.5038512368694057,0.28309305373525556,0.1875,0.3138020833333333,17540
0.9054675429337244,0.0,0.3431224839419973,0.6645621664323285,0.5719479430861123,0.0,0.0,0.22500000000000003,17456
0.8486861332887645,0.1742722136142913,0.0,0.0,0.26467258618332856,0.3963302752293578,0.0,0.07738095238095238,17763
0.786880004559474,0.2364726589596911,0.3500618065687495,0.37988170243742747,0.5371389448624995,0.5661861074705111,0.2909090909090909,0.4598484848484848,13466
0.8426573914810048,0.09814502102244904,0.3107959155716371,0.47565062778374223,0.5587757610180022,0.0,0.0,0.34283625730994155,14890
0.4458171735773554,0.33461767998214015,0.3642568841590692,0.29621385681526546,0.5751037325186668,0.2477064220183486,0.29577464788732394,0.27230046948356806,13835
0.0,0.0,0.3448010549422207,0.6675457145366761,0.5083437009364926,0.0,0.0,0.515625,17144
0.5760429667020784,0.2364726589596911,0.4411688600415862,0.5414816838085617,0.6195752383575654,0.0,0.17391304347826086,0.25588768115942034,17534
0.8284608270052908,0.2364726589596911,0.2565139064351467,0.21428963756048858,0.3420843551263963,0.0,0.0,0.08506944444444448,15717
0.6050788537625509,0.5710903389418314,0.6093584211837284,0.4837740642308148,0.8451764621138644,0.689270043877144,0.3125,0.3022693452380952,15518
0.39129994657903455,0.500252522571941,0.4892303656988226,0.3431604632530494,0.6911120541096665,0.1524347212420607,0.0,0.24281609195402304,17324
0.4706897167575288,0.525535045125296,0.6126928212172467,0.5360711337444608,0.6220387681996193,0.0,0.1941747572815534,0.2350323624595469,14466
0.6389825865381525,0.0,0.18750497790620768,0.3881269318708902,0.37151494377774147,0.9908256880733944,0.0,0.17333333333333334,12930
0.6691991468200952,0.3748002968969332,0.6204710451401485,0.7073934933760633,0.5127328807631524,0.2201834862385321,0.0,0.5765027322404372,18093
0.9733905548112438,0.1742722136142913,0.3349312377379785,0.42528940321194186,0.5409196805609917,0.3963302752293578,0.0,0.20833333333333331,16661
0.8097365912902155,0.0,0.31885352699156755,0.6214289779908024,0.5332818255207508,0.0,0.0,0.1828231292517007,14873
0.07047441617323603,0.9860732527535574,0.9854661370375528,0.7419161803814833,0.8753661806471471,0.2876590707309855,0.1125,0.13185096153846154,16779
0.5728536791183538,0.2364726589596911,0.5821827071404244,0.7919617572554638,0.6514693568509644,0.5661861074705111,0.0,0.05455326460481097,15505
0.6103462658527656,0.2364726589596911,0.38096362425757735,0.43466485573436553,0.319597110331925,0.7431192660550459,0.0,0.28958333333333336,15181
0.9277244143755496,0.1742722136142913,0.3668328357303856,0.48188332535925116,0.6384469754290434,0.3963302752293578,0.17582417582417584,0.2902930402930403,16702
0.5117767567785831,0.2364726589596911,0.3897071224961257,0.45017126168627697,0.5482636980460824,0.0,0.0,0.6555555555555554,15651
0.4319048467718818,0.1742722136142913,0.4175368343614694,0.5718860958674967,0.6220387681996193,0.3963302752293578,0.0,0.33137254901960783,13500
0.9334775593294888,0.0,0.05495319221270578,0.15311286498093835,0.20974806203473212,0.0,0.0,0.712962962962963,13556
0.8656108629949778,0.0,0.4012751767349858,0.7679393920260575,0.5930156949938641,0.6605504587155963,0.0,0.45422535211267606,17499
0.4390001705699397,0.41074487257398257,0.4918113403547848,0.4408418327534269,0.41229070616488733,0.4954128440366972,0.16,0.3283333333333333,13410
0.48725570269011875,0.500252522571941,0.7325990736352748,0.774964921805458,0.753147269833051,0.3963302752293578,0.06460674157303371,0.22354868913857678,13381
0.9156132570212903,0.1742722136142913,0.15956208451473897,0.114937514124136,0.41229070616488733,0.0,0.0,0.38000000000000006,17200
0.45237686891880524,0.2364726589596911,0.15873759785165098,0.04182167499220224,0.6145507138055673,0.0,0.0,0.19480519480519481,15863
0.5940395063613914,0.2364726589596911,0.45332636020552064,0.5630628420266643,0.6450691738548169,0.8807339449541284,0.0,0.18089430894308944,15128
0.3253403633778068,0.2890623861656048,0.33323614289910863,0.29112740590687336,0.7058686511943799,0.0,0.12121212121212122,0.11931818181818182,18001
0.9334775593294888,0.1742722136142913,0.2360135459885122,0.25003756886559314,0.4194961240694642,0.0,0.16666666666666666,0.26805555555555555,13785
0.4390001705699397,0.6797333554111478,0.6206597231853184,0.3948334253926187,0.9383959307273333,0.0,0.0,0.22730654761904762,17220
0.15926168018519554,0.09814502102244904,0.15212672568810737,0.19443356708122894,0.3420843551263963,0.0,0.0,0.28958333333333336,16851
0.40021530058429267,0.41074487257398257,0.4568680372162732,0.37891694141348964,0.8317868302343516,0.1981651376146789,0.8645833333333334,0.27792245370370366,14553
0.39129994657903455,0.0,0.21969190367146174,0.4452696581854605,0.5719479430861123,0.0,0.0,0.1267605633802817,12904
0.9474520615234332,0.3748002968969332,0.6035051513156944,0.6772566441819636,0.5751037325186668,0.3963302752293578,0.0,0.2693602693602694,14025
0.4458171735773554,0.09814502102244904,0.26831725590083133,0.4002780736865972,0.7364229683033221,0.0,0.0,0.25219298245614036,17777
0.6433280952915899,0.6297184172751005,0.6828791645140546,0.555091741006019,0.5901446497062202,0.1981651376146789,0.0,0.10813492063492064,17873
0.3614304305986457,0.1742722136142913,0.3983684396379792,0.5378541830686139,0.7323462102674929,0.0,0.0,0.25875946969696967,14591
0.4319048467718818,0.33461767998214015,0.5664894792325073,0.6548483363225439,0.6841687102527929,0.2477064220183486,0.31543624161073824,0.41918344519015655,13131
0.7762252806757832,0.1742722136142913,0.3011674141237053,0.3654265217652304,0.6013785317374574,0.0,0.0,0.08438818565400846,15921
0.2797384903847442,0.33461767998214015,0.6555172311867346,0.8130238896948669,0.7889799751408157,0.5944954128440366,0.17114093959731544,0.15478187919463088,13362
0.48190724079819425,0.1742722136142913,0.34318049402602546,0.4399208890915456,0.6859283624673551,0.6605504587155963,0.5655737704918032,0.12124316939890711,15406
0.6389825865381525,0.47294531791938227,0.5273896435410479,0.4389210075449348,0.5038512368694057,0.0,0.2,0.08409090909090905,17388
0.7550024526243853,0.0,0.17572317544218263,0.3672160395847124,0.38039658767148815,0.6605504587155963,1.0,0.38492063492063494,18024
0.8064099577518,0.6297184172751005,0.7587608034947553,0.6898046940813303,0.8405571824235347,0.10429744084983099,0.09649122807017543,0.30884502923976614,17504
0.15926168018519554,0.2364726589596911,0.47855166070457056,0.6078510709020182,0.44587191293026723,0.0,0.0,0.17803030303030304,17666
0.5629189010962606,0.09814502102244904,0.31633121749172965,0.48547563210369593,0.5293451723666571,0.0,0.0,0.17553191489361708,16846
0.9671765070485678,0.0,0.22780812749579238,0.45968204900304155,0.37151494377774147,0.0,0.0,0.08506944444444448,12825
0.15926168018519554,0.875052819468874,0.7645472192604879,0.45775283534109334,0.6195752383575654,0.14499888118147236,0.08092485549132948,0.06671483622350671,16353
0.6179596564922467,0.2364726589596911,0.3884802404275458,0.4479952685612578,0.7350736982793029,0.5661861074705111,0.8509316770186336,0.14958592132505172,15579
0.40021530058429267,0.41074487257398257,0.4879875137013201,0.4340631836182127,0.8962593895772333,0.3603002502085071,0.9627039627039627,0.07566045066045063,15426
0.40021530058429267,0.33461767998214015,0.5713686068635622,0.6635140223309102,0.6859283624673551,0.2477064220183486,0.0,0.23133946830265845,13823
0.4245075050062308,0.09814502102244904,0.20923110271072942,0.2955306506220938,0.4847432115081472,0.7926605504587156,0.5,0.2980072463768116,13171
0.707242816123376,0.09814502102244904,0.2362017732294064,0.3433287476485507,0.13233629309166428,0.0,0.0,0.1388888888888889,16927
0.8777220203492372,0.41074487257398257,0.31237499715254,0.12353869120171712,0.45780835661455593,0.4954128440366972,0.11904761904761904,0.07738095238095238,15107
0.31142803657233314,0.09814502102244904,0.30643551831661364,0.4679115557986804,0.5409196805609917,0.0,0.0,0.08823529411764708,13389
0.529172392480287,0.6472175315336735,0.5760198819614404,0.3481712628030975,0.8848666935228864,0.5871559633027522,0.7062818336162988,0.13157894736842102,15059
0.5206921107838413,0.3748002968969332,0.47340199766393676,0.44635171267297835,0.9002910518966478,0.2201834862385321,0.10467706013363029,0.3067000742390497,16960
0.5968657685777834,0.09814502102244904,0.3332499716771484,0.5155102184358791,0.5409196805609917,0.4954128440366972,0.2923076923076923,0.3442307692307693,14128
0.5411641329307647,0.09814502102244904,0.40631624147479184,0.645281796112738,0.6339010246229115,0.0,0.0,0.4329268292682928,17878
0.49244448492302473,0.2890623861656048,0.6315887243596723,0.8205603227158287,0.7010754057909225,0.0,0.3352941176470588,0.11862745098039212,17082
0.40021530058429267,0.1742722136142913,0.4274557802551002,0.5894992803730386,0.6145507138055673,0.0,0.0,0.022970085470085444,16366
0.07047441617323603,0.1742722136142913,0.42518470156102106,0.5854663334766037,0.795996231320047,0.0,0.8391304347826087,0.23061594202898555,15701
0.7969191424145534,0.1742722136142913,0.4757378611999219,0.6752589852885209,0.2298635879597159,0.3963302752293578,0.5,0.3541666666666667,17152
0.12047681019954858,0.7496005937938663,0.6805995826037277,0.43188310821317577,0.951474730101592,0.6257846450989859,0.01818181818181818,0.28461538461538466,14534
0.6996515967061481,0.33461767998214015,0.48636641824500293,0.5126128831205798,0.36219988105138007,0.0,0.13793103448275862,0.15373563218390807,17029
0.45237686891880524,0.41074487257398257,0.5457307072501718,0.5364768550118322,0.7430298875554828,0.1981651376146789,0.3817204301075269,0.17361111111111116,16416
0.71451631656094,0.875052819468874,0.7152716779248782,0.3704579825929717,0.9925018034553561,0.23042457862171964,0.10087719298245613,0.10678606237816762,15581
0.4319048467718818,0.6112729558566243,0.7249178127725544,0.6482545203419405,0.7858922380753239,0.3774574049803407,0.10696517412935323,0.13567578772802652,13871
0.7887489612403589,0.3748002968969332,0.4781908993607069,0.4548428899710586,0.6428871968049372,0.0,0.0,0.4698383084577115,12868
0.2797384903847442,0.5490725105112246,0.5994165211610545,0.48850007069963275,0.6535559449836597,0.521487204249155,0.14473684210526316,0.47313596491228066,14047
0.5162915897505914,0.6797333554111478,0.708425014501429,0.5504351025609382,0.8326009931473544,0.38108680310515175,0.0,0.16908028455284552,16729
0.9704747330856343,0.09814502102244904,0.27845238860424115,0.4182570257505074,0.43961164999444796,0.4954128440366972,0.46153846153846156,0.27136752136752135,13585
0.6345256424248367,0.0,0.19046279965035984,0.39337712674828085,0.27995441307322305,0.6605504587155963,1.0,0.10576923076923078,16689
0.3614304305986457,0.41074487257398257,0.5107362073484676,0.47439804852835676,0.8956764245020874,0.0,0.0,0.18942814145974418,17348
0.37196767472347614,0.33461767998214015,0.4628899341001369,0.4709671558990054,0.37151494377774147,0.2477064220183486,0.0,0.08506944444444448,16660
0.798683739262452,0.47294531791938227,0.608092389019427,0.5820785720069477,0.7752234898966017,0.3048694424841214,0.08658008658008658,0.24512987012987014,14740
0.4245075050062308,0.2890623861656048,0.4055025130512555,0.4191355902048728,0.05492452414859644,0.0,0.0,1.0,14434
0.7659375861941324,0.09814502102244904,0.4236540152353552,0.6760873499609872,0.41229070616488733,1.0,0.0,0.5068181818181818,14267
0.9500435452620788,0.0,0.4155580583280296,0.7933339424215577,0.43961164999444796,0.0,0.0,0.012254901960784326,13361
0.49244448492302473,0.0,0.27162658663047745,0.5375126510594384,0.40480265177083524,0.0,0.04,0.17333333333333334,13759
0.7594593967377011,0.2364726589596911,0.46544942662808597,0.5845860740465156,0.6195752383575654,0.0,0.0,0.37696078431372554,17046
0.12047681019954858,0.2364726589596911,0.3041079730168321,0.2984835039003517,0.16176688174300935,0.0,0.0,0.1388888888888889,13323
0.9394373876506057,0.1742722136142913,0.2769075369658729,0.32243991195471877,0.5083437009364926,0.3963302752293578,0.0,0.17333333333333334,14182
0.9778312309322588,0.09814502102244904,0.31606013407564415,0.4849944501414214,0.7364229683033221,0.4954128440366972,0.47337278106508873,0.06755424063116366,16798
0.6411689209833898,0.5490725105112246,0.6814760953179682,0.6341199306353884,0.7806323761093319,0.7206005004170142,0.20068027210884354,0.2619047619047619,16735
0.5372580967164313,0.09814502102244904,0.23627902472425721,0.3434656936692495,0.6406799940281567,0.0,0.0,0.19270833333333331,14716
0.919598913620258,0.2890623861656048,0.37930981674192155,0.37271402058173075,0.3072753569027837,0.0,0.34782608695652173,0.04528985507246375,14275
0.7027279831513678,0.2364726589596911,0.3131109349152652,0.3144231138951994,0.5170234189375158,0.0,0.16981132075471697,0.31761006289308175,17045
0.5696047752429739,0.7620077040849871,0.6210835379860302,0.3142920390776689,0.7404144916729889,0.0,0.06513409961685823,0.07950191570881227,13491
0.9025945635294106,0.1742722136142913,0.4107597938218637,0.5598531435186807,0.5553356514826076,0.3963302752293578,0.0,0.2644675925925926,17496
0.5791747865065997,0.0,0.2009759042676913,0.41203970304242055,0.4194961240694642,0.0,0.2962962962962963,0.3302469135802469,14780
0.5372580967164313,0.2890623861656048,0.4103676887788368,0.4277609522169812,0.806525867205024,0.0,0.4307692307692308,0.21009615384615382,17545
0.5206921107838413,0.09814502102244904,0.21974705126638328,0.31416395138905817,0.44587191293026723,0.4954128440366972,0.0,0.0,15018
0.3819024527455691,0.0,0.18478803193026327,0.38330447558881486,0.5719479430861123,0.0,0.7166666666666667,0.20347222222222228,14581
0.5487223366205466,0.2364726589596911,0.7386581610232295,1.0,0.9135012243964369,0.8807339449541284,0.0,0.22500000000000003,15786
0.6433280952915899,0.2364726589596911,0.3563559958886273,0.39103736563090985,0.6876719445742718,0.0,0.0,0.4571256038647344,15026
0.9845879978286514,0.0,0.06271038817381447,0.16684818491791154,0.3072753569027837,0.0,0.0,0.16964285714285715,17484
0.5852740543029985,0.0,0.42534709339396537,0.8107393595327927,0.463507911617924,0.6605504587155963,0.0,0.3345959595959596,14567
0.9059417896034365,0.1742722136142913,0.47983178108432556,0.6825323770859155,0.38039658767148815,0.8492791612057666,0.20689655172413793,0.3764367816091954,15221
0.8601503731928798,0.09814502102244904,0.2585318553291005,0.3829224265128013,0.5872297699760067,0.0,0.0,0.050245098039215674,14570
0.647567605385473,0.44326069645145666,0.6396782518813395,0.6690827344920107,0.8687592613949864,0.7431192660550459,0.8759541984732825,0.10520038167938928,17802
0.458697976307051,0.525535045125296,0.6625151432559788,0.6244996478986715,0.7364229683033221,0.2642201834862385,0.35826771653543305,0.1456692913385827,17838
0.45237686891880524,0.09814502102244904,0.17055748966956563,0.2270457668992003,0.5293451723666571,0.0,1.0,0.3419811320754717,16930
0.19095122637278455,0.09814502102244904,0.2900199620506636,0.4387805544271741,0.5253256362445706,0.0,0.0,0.27666666666666667,12925
0.9890487549729241,0.0,0.180874231473811,0.3763579634908598,0.4897024751079551,0.0,0.0,0.0,14471
0.48190724079819425,0.500252522571941,0.6507927641440854,0.6296565348153127,0.9501625537077212,0.28309305373525556,0.014925373134328358,0.2551447308909996,13975
0.2797384903847442,0.0,0.4105424929553876,0.7844162510037846,0.7940177585499857,0.0,0.3130841121495327,0.1368769470404984,15444
0.12047681019954858,0.2364726589596911,0.36947995396467515,0.41430257315339714,0.4519334034235893,0.33027522935779813,0.34285714285714286,0.37261904761904757,15969
0.39129994657903455,0.525535045125296,0.6874284678279061,0.668738029200465,0.9383959307273333,0.14154652686762778,0.7135593220338983,0.319138418079096,16655
0.8064099577518,0.0,0.12841976561770418,0.28329677262808284,0.2941031748346736,0.0,0.0,0.5386904761904763,17556
0.6345256424248367,0.1742722136142913,0.4118488648319143,0.5617867772146337,0.7390932344013892,0.0,0.9025974025974026,0.16964285714285715,15799
0.15926168018519554,0.8282455685321597,0.9286490252135966,0.7948150047446441,0.879858644714234,0.21423258120505828,0.06699507389162561,0.21227422003284074,13001
0.5629189010962606,0.1742722136142913,0.3903529043291418,0.5236256078536732,0.5127328807631524,0.0,0.0,0.2660984848484849,14427
0.5487223366205466,0.1742722136142913,0.3628392679044692,0.474797120051367,0.5332818255207508,0.0,0.0,0.195048309178744,14139
0.726887557809818,0.1742722136142913,0.3306496284855731,0.4176960548270492,0.463507911617924,0.6605504587155963,0.2222222222222222,0.39004629629629634,14133
0.9124488547259779,0.0,0.2779183887621006,0.5486906715056843,0.5253256362445706,0.0,0.0,0.18568840579710144,13987
0.9133588635932801,0.2364726589596911,0.33764351093417755,0.3578763025045819,0.8317868302343516,0.7431192660550459,0.0,0.34133554083885215,14994
1.0,0.0,0.05704224358190235,0.15681157701041126,0.4897024751079551,0.0,0.0,0.11622807017543857,14519
0.9481964365224733,0.09814502102244904,0.26399137640477877,0.39260521709214946,0.4194961240694642,0.0,0.375,0.27343750000000006,13540
0.12047681019954858,0.6112729558566243,0.5686235203655645,0.37105737962484375,0.6450691738548169,0.20859488169966198,0.0,0.21140350877192987,18219
0.4319048467718818,0.09814502102244904,0.3321602236601653,0.513575484334944,0.6428871968049372,0.4954128440366972,0.0,0.05363036303630364,16204
0.7605560016157585,0.2364726589596911,0.30340226186902686,0.2972342177431464,0.5901446497062202,0.33027522935779813,0.0,0.39215686274509803,15646
0.8512998862518628,0.09814502102244904,0.43679789665176205,0.6994438298558179,0.42643946792633786,0.4954128440366972,0.0,0.3764367816091954,16256
0.19095122637278455,0.2364726589596911,0.5122915138835504,0.6677757100538373,0.6244709146416239,0.0,1.0,0.026430348258706438,17131
0.458697976307051,0.09814502102244904,0.3883969859777372,0.6134475244594197,0.6220387681996193,0.0,0.27710843373493976,0.09738955823293177,15599
0.5911665269570773,0.09814502102244904,0.20107364330529065,0.2810794969117283,0.38039658767148815,0.0,0.2916666666666667,0.6770833333333333,14761
0.8726344972491789,0.44326069645145666,0.6367492313689758,0.6638808285663962,0.9633054736233064,0.7431192660550459,0.08175355450236967,0.1674565560821485,14081
0.5372580967164313,0.6472175315336735,0.6971903721107153,0.5629540261382235,0.6893997474412297,0.4128440366972477,0.20689655172413793,0.2180715197956577,13993
0.26142564254602063,0.2890623861656048,0.45428446571078274,0.5056542790195935,0.8366205292694409,0.0,0.18207282913165265,0.18592436974789917,18122
0.6322535669781317,0.33461767998214015,0.5419113298975409,0.6112023445504999,0.8366205292694409,0.4403669724770642,0.0,0.037708333333333344,16383
0.929801037603301,0.09814502102244904,0.675016957851813,1.0,0.0,1.0,0.0,1.0,15202
0.37196767472347614,0.33461767998214015,0.51756183909594,0.5679743759030023,0.8326009931473544,0.4403669724770642,0.28164556962025317,0.07212552742616035,17463
0.49244448492302473,0.1742722136142913,0.2611355058642002,0.29450635542262216,0.44587191293026723,0.0,0.0,0.37162162162162166,17430
0.7732023993246039,0.2364726589596911,0.2748090797188252,0.24663871861995035,0.4847432115081472,0.0,0.175,0.32187499999999997,17709
0.8335625730337656,0.2364726589596911,0.4314977094352994,0.5243165617129695,0.63618752996107,0.0,0.0,0.23049645390070922,13740
0.6050788537625509,0.1742722136142913,0.4101577028449932,0.5587841480206488,0.36219988105138007,0.3963302752293578,0.0,0.6025641025641026,13049
0.7371905022407321,0.0,0.1277520935297387,0.28211275237975575,0.13233629309166428,0.0,0.42857142857142855,0.6309523809523809,12864
0.4319048467718818,0.1742722136142913,0.3419866499614532,0.43780327240883143,0.5654754278618694,0.0,0.0,0.22089947089947087,18006
0.40021530058429267,0.0,0.25738061640590026,0.512205431331213,0.5553356514826076,0.6605504587155963,0.05454545454545454,0.08409090909090905,13832
0.5791747865065997,0.0,0.3283407885139158,0.6382899274554801,0.6450691738548169,0.9908256880733944,0.8020833333333334,0.1388888888888889,12940
0.7680444155850216,0.09814502102244904,0.38204832771399944,0.602170050596436,0.5930156949938641,0.7926605504587156,0.0,0.3541666666666667,18193
0.4390001705699397,0.47294531791938227,0.5610595078596068,0.49862421786400213,0.7848517945533988,0.4246395806028833,0.3178294573643411,0.2990956072351421,14507
0.8576673124402807,0.0,0.4601806861813307,0.8726800325876174,0.5212196518919954,0.6605504587155963,0.0,0.14750000000000002,16917
0.5940395063613914,0.3748002968969332,0.534927749677971,0.5554954411302067,0.8700990627794434,0.5404503753127605,0.02680965147453083,0.2658623771224307,17284
0.6389825865381525,0.0,0.324762936419273,0.6319311809513326,0.5409196805609917,0.6605504587155963,0.0,0.36635220125786166,17480
0.45237686891880524,0.1742722136142913,0.4022989067911398,0.5448317731206456,0.6428871968049372,0.3963302752293578,0.5612244897959183,0.16964285714285715,15411
0.7840383396848578,0.33461767998214015,0.3697050296961142,0.30585545252711666,0.5293451723666571,0.0,0.5263157894736842,0.3031798245614035,14450
0.6228560731446663,0.2890623861656048,0.3232919264993359,0.2735319379582306,0.36219988105138007,0.0,0.0,0.09583333333333333,14681
0.4245075050062308,0.6297184172751005,0.4962132089410045,0.22452681957046838,0.7089985723369723,0.10429744084983099,0.030864197530864196,0.14686213991769548,13117
0.3253403633778068,0.2364726589596911,0.36274515255946715,0.40236283783843163,0.6616814654583214,0.0,0.25,0.13322368421052633,13546
0.6673401847510195,0.2364726589596911,0.2454700566976793,0.19477228373422895,0.4331391347702052,0.33027522935779813,0.16129032258064516,0.2916666666666667,15198
0.07047441617323603,0.8477456148163154,0.7210546766330967,0.4073152604967487,0.7639230964855688,0.8256880733944953,0.0,0.06090561224489793,13534
0.9500435452620788,0.0,0.11000035479099335,0.25063802817330805,0.3072753569027837,0.0,0.4,0.31111111111111117,17292
0.8788326394419054,0.0,0.30433026424831344,0.595619946389295,0.5371389448624995,0.0,0.0,0.7100340136054422,15448
0.3819024527455691,0.0,0.047353160461669486,0.13965861548103353,0.09752729486805156,0.6605504587155963,0.0,0.48333333333333334,14768
0.7242134851179807,0.0,0.0,0.048591487242167775,0.37151494377774147,0.0,0.0,0.22500000000000003,14972
0.12047681019954858,0.7233447241255158,0.8505029992892708,0.7593781827845945,0.6944912735428794,0.7926605504587156,0.0,0.5044899425287357,16191
0.12047681019954858,0.663862683062538,0.7223025134166807,0.5908854135782571,0.7795627883607901,0.25847626645392896,0.054140127388535034,0.23075902335456483,17730
0.8162047347219283,0.33461767998214015,0.313826346414972,0.2070475333876991,0.24806029457982387,0.5944954128440366,0.0,0.7720588235294117,15759
0.566293983776904,0.0,0.2970046657998089,0.5826027272225824,0.7662373177145758,0.0,0.27472527472527475,0.11286630036630035,15006
0.48725570269011875,0.525535045125296,0.5427401464908768,0.4120330275359758,0.8451764621138644,0.0,0.13664596273291926,0.23382505175983442,14524
0.6322535669781317,0.0,0.21462519385088252,0.43627309217014343,0.46904223864579303,0.0,0.0,0.20220588235294118,16603
0.7572452101496886,0.0,0.042270116385206724,0.13066175765161603,0.4519334034235893,0.0,0.0,0.16666666666666669,18013
0.4706897167575288,0.09814502102244904,0.4588669955130307,0.7386648448634441,0.7848517945533988,0.0,0.0,0.4205607476635514,17015
0.5117767567785831,0.0,0.30192869108547793,0.5913523979469528,0.5518324171611284,0.0,0.0,0.19575471698113212,14815
0.40869558228073843,0.0,0.21014382853729763,0.4283163058383419,0.4194961240694642,0.0,0.35714285714285715,0.16964285714285715,15963
0.5594769807694883,0.2364726589596911,0.32258965579599685,0.3312091218368971,0.5446269992565518,0.0,0.0,0.1388888888888889,17361
0.713085762834217,0.2364726589596911,0.4409015934247029,0.5410072882056698,0.5621549804512151,0.0,0.0,0.020604395604395587,15192
0.45237686891880524,0.33461767998214015,0.4833057026045571,0.5071824855371667,0.801811531045828,0.5944954128440366,0.617363344051447,0.28979099678456594,14499
0.3253403633778068,0.09814502102244904,0.3897607832041541,0.6158701954585271,0.745609939167265,0.0,0.5222222222222223,0.22500000000000003,15009
0.15926168018519554,0.0,0.19758394546825753,0.4060181228271087,0.4519334034235893,0.0,0.0,0.25000000000000006,16968
0.8499979228860857,0.0,0.1239922062599974,0.2754454033443279,0.5587757610180022,0.0,1.0,0.5921052631578947,16402
0.5206921107838413,0.3748002968969332,0.3919029936627798,0.30198428734428684,0.5332818255207508,0.0,0.0,0.42717391304347824,14167
0.3253403633778068,0.736725181531632,0.7048255827815608,0.48753319954511176,0.9805313305554397,0.5661861074705111,0.23480432972522897,0.17724812656119904,17231
0.9289733631982546,0.1742722136142913,0.2895814824373515,0.34489422897381483,0.7323462102674929,0.0,1.0,0.37011316872427996,17141
0.40021530058429267,0.09814502102244904,0.36216763618009407,0.5668591687367224,0.6928091400730472,0.7926605504587156,1.0,0.11197916666666669,16533
0.24095362039909712,0.44326069645145666,0.45751276811471087,0.3459734895662405,0.6859283624673551,0.5661861074705111,0.45054945054945056,0.2122252747252747,13884
0.937077922052481,0.1742722136142913,0.5916046374555983,0.8811876063253803,0.5812630058124735,0.0,0.0,0.11529680365296802,16636
0.5249839657950353,0.33461767998214015,0.369717975263705,0.3058783641545515,0.13233629309166428,0.2477064220183486,0.1111111111111111,0.425925925925926,13145
0.39129994657903455,0.41074487257398257,0.5190567930657355,0.4891551746513543,0.6944912735428794,0.3603002502085071,0.125,0.22500000000000003,13862
0.12047681019954858,0.41074487257398257,0.6177118471771368,0.6642633734654755,0.7417266680668597,0.3603002502085071,0.0,0.211283185840708,18272
0.5940395063613914,0.500252522571941,0.5634263652296101,0.47462614936198655,0.8413348654286366,0.6605504587155963,0.451171875,0.3011881510416667,14451
0.5940395063613914,0.0,0.27607752544324726,0.5454201332919764,0.41229070616488733,0.6605504587155963,0.0,0.3302469135802469,17462
0.7801757074654102,0.09814502102244904,0.5242223374325752,0.8548418286080435,0.37151494377774147,0.0,0.46153846153846156,0.15544871794871795,16276
0.4319048467718818,0.0,0.21551144055116067,0.437846695364398,0.38039658767148815,0.0,0.0,0.2699275362318841,16999
0.7905980350263077,0.33461767998214015,0.38334753873698335,0.33000519935424166,0.5587757610180022,0.0,0.31645569620253167,0.36234177215189883,14512
0.6933304893179024,0.0,0.07947668391455032,0.19654478105691853,0.24806029457982387,0.6605504587155963,0.0,0.22500000000000003,14314
0.8576673124402807,0.09814502102244904,0.1404021875377015,0.17369744848524027,0.43961164999444796,0.0,0.0,0.20220588235294118,15869
0.26142564254602063,0.47294531791938227,0.5905814769165443,0.5510007300962472,0.7135992989041378,0.16513761467889906,0.0,0.35074955908289235,14309
0.6933304893179024,0.47294531791938227,0.5823536615470126,0.536400917134771,0.7615804791958605,0.3048694424841214,0.0,0.2783646322378717,16503
0.8378193889768806,0.47294531791938227,0.5974600729771289,0.5632077602250218,0.7180917629712247,0.0,0.046632124352331605,0.11658031088082904,14465
0.4763889583782348,0.0,0.3977948260076327,0.7617516486050495,0.6244709146416239,0.0,0.6794871794871795,0.18856837606837606,14921
0.9133588635932801,0.09814502102244904,0.23206000305904873,0.3359868212612387,0.5587757610180022,0.0,0.0,0.47584541062801927,16935
0.529172392480287,0.2890623861656048,0.49878995170453755,0.5846450590409522,0.4194961240694642,0.0,0.40540540540540543,0.231981981981982,17018
0.49244448492302473,0.33461767998214015,0.5126012894651915,0.5591694570545109,0.6556199749649994,0.2477064220183486,0.0,0.4797453703703704,17164
0.9995859990977547,0.0,0.18402535652770635,0.3819507924198595,0.5038512368694057,0.0,1.0,0.08996212121212122,17285
0.8766042589625276,0.09814502102244904,0.32748243506677666,0.5052708440976408,0.5446269992565518,0.0,0.0,0.05861581920903952,17226
0.9165068903348841,0.09814502102244904,0.3265729113228293,0.5036561896324074,0.5083437009364926,0.4954128440366972,0.0,0.42006802721088426,14065
0.5728536791183538,0.47294531791938227,0.6918281242971018,0.7307783592042298,0.8526352588396695,0.4246395806028833,0.04310344827586207,0.40984195402298856,13015
0.5911665269570773,0.41074487257398257,0.5103632948379739,0.4737367133626411,0.6195752383575654,0.3603002502085071,0.0,0.0733695652173913,18171
0.24095362039909712,0.0,0.24948753245166766,0.498185153485035,0.44587191293026723,0.0,0.5161290322580645,0.4166666666666667,14023
0.5696047752429739,0.09814502102244904,0.26809166713366506,0.3998779306757718,0.5170234189375158,0.0,0.0,0.20512820512820518,16734
0.9209074113681339,0.0,0.2604895328700578,0.5177279920761395,0.43961164999444796,0.6605504587155963,0.0,0.37500000000000006,13836
0.48725570269011875,0.0,0.2071951047522651,0.4230809908153632,0.6384469754290434,0.0,0.0,0.1828231292517007,17964
0.24095362039909712,0.5917729095724684,0.5289116415268487,0.3203698128342374,0.6244709146416239,0.3963302752293578,0.344,0.5246666666666666,16359
0.8916343471547108,0.1742722136142913,0.15154574365710638,0.10079572063593134,0.5446269992565518,0.3963302752293578,0.0,0.008184523809523836,13187
0.3819024527455691,0.1742722136142913,0.21619486959852452,0.21497968113782018,0.5719479430861123,0.0,0.0,0.12429378531073443,12920
0.31142803657233314,0.47294531791938227,0.5734775348277943,0.5206527462094226,0.8111265937721894,0.3048694424841214,0.0,0.17665692007797268,16347
0.7942381952276248,0.0,0.2746267634982664,0.542842696210923,0.4847432115081472,0.0,0.0,0.20512820512820518,13398
0.37196767472347614,0.2364726589596911,0.38315970961362544,0.43855933887068366,0.5654754278618694,0.0,0.34375,0.3743489583333333,17410
0.9064147458044252,0.09814502102244904,0.27740427691643643,0.4163976183672866,0.20974806203473212,0.7926605504587156,0.0,0.4128787878787879,15973
0.26142564254602063,0.6472175315336735,0.6471232608373696,0.47414372435769714,0.6244709146416239,0.09908256880733946,0.11347517730496454,0.18469267139479906,17157
0.4763889583782348,0.5710903389418314,0.4314146002978332,0.1689471711308268,0.7042842361777766,0.4954128440366972,0.0,0.06602564102564107,17867
0.9470786751357636,0.09814502102244904,0.11243002832070648,0.12425981215905169,0.24806029457982387,0.0,0.0,0.31111111111111117,13399
0.9322606724688938,0.1742722136142913,0.3576621909782369,0.4656115259035285,0.5332818255207508,0.3963302752293578,0.4126984126984127,0.2003968253968254,14734
0.4319048467718818,0.1742722136142913,0.190979835344391,0.17040996216683335,0.18726081724026072,0.0,0.125,0.6770833333333333,17330
0.5249839657950353,0.5917729095724684,0.705688539313819,0.6337831526537758,0.7889799751408157,0.6605504587155963,0.14392059553349876,0.31410256410256415,15521
0.8064099577518,0.500252522571941,0.6373904353689102,0.6058621620080575,0.8242987758402995,0.5828386400431732,0.22262773722627738,0.14203163017031628,13659
0.0,0.525535045125296,0.610072240883172,0.5314216452495957,0.7719030424859472,0.6257846450989859,0.1183206106870229,0.1766857506361323,15804
0.7732023993246039,0.2364726589596911,0.44237544585997,0.543623382308954,0.5654754278618694,0.33027522935779813,0.0,0.041666666666666685,14643
0.7504282071422729,0.2890623861656048,0.4580634476421255,0.5123595187528245,0.6268724672347086,0.28309305373525556,0.0,0.06329516539440205,15402
0.0,0.8661910762347915,0.910509433472342,0.7254391631706851,0.6339010246229115,0.23591087811271294,0.09748427672955975,0.30136268343815514,14051
0.4390001705699397,0.09814502102244904,0.2736166541519023,0.4096784300545029,0.5518324171611284,0.0,0.0,0.008184523809523836,18123
0.31142803657233314,0.2364726589596911,0.26097129285802323,0.22216920839713872,0.6493597120291801,0.0,0.0,0.0,18101
0.26142564254602063,0.3748002968969332,0.4467715963529326,0.39914827908288064,0.4847432115081472,0.0,0.16666666666666666,0.4498456790123457,16119
0.7762252806757832,0.2364726589596911,0.2606424235661935,0.22158780553506174,0.6576619293362349,0.33027522935779813,0.0,0.11428571428571427,15016
0.9322606724688938,0.0,0.3448103271075622,0.6675621952701047,0.7042842361777766,0.0,1.0,0.2703562340966921,12862
0.19095122637278455,0.09814502102244904,0.3612614917710453,0.5652498927470866,0.5409196805609917,0.7926605504587156,0.0,0.2345679012345679,16642
0.5206921107838413,0.5490725105112246,0.7366693209297719,0.7321453313931592,0.43961164999444796,0.2477064220183486,0.0,0.697695035460993,17396
0.7896759570196438,0.09814502102244904,0.10002305171820258,0.1023488096609364,0.4519334034235893,0.0,0.0,0.3345959595959596,15852
0.26142564254602063,0.525535045125296,0.7293121665383844,0.7431352023176849,0.8436490866576436,0.4662709120345386,0.0,0.3708040593286495,17426
0.8162047347219283,0.1742722136142913,0.3636607164600383,0.47625466770150626,0.319597110331925,0.6605504587155963,0.2777777777777778,0.6412037037037037,14199
0.7538701274690452,0.0,0.2915972787533261,0.5729945120403039,0.26467258618332856,0.6605504587155963,0.3333333333333333,0.46180555555555564,15045
0.497482846292698,0.525535045125296,0.5306895434244308,0.39068303213447764,0.7105444991135959,0.2642201834862385,0.6353591160220995,0.17219152854511977,14404
0.7801757074654102,0.0,0.3037786707298471,0.5946397692109644,0.463507911617924,0.9908256880733944,0.0,0.21820175438596495,16739
0.15926168018519554,0.09814502102244904,0.3277126740014231,0.5056795842870088,0.5518324171611284,0.0,0.35185185185185186,0.5694444444444444,15992
0.15926168018519554,0.41074487257398257,0.5395657190484597,0.5255379101316209,0.6339010246229115,0.4954128440366972,0.16279069767441862,0.16892764857881143,16979
0.2963044763173342,0.1742722136142913,0.3266118375592033,0.4105356473981241,0.6450691738548169,0.0,0.17307692307692307,0.27964743589743585,16361
0.6454607759945838,0.1742722136142913,0.18166825244066054,0.1539615444760849,0.5083437009364926,0.3963302752293578,0.0,0.19270833333333331,15504
0.07047441617323603,0.663862683062538,0.6583426907733121,0.4774172033313102,0.707440025610331,0.6149952546662448,0.0,0.17803030303030304,13769
0.8466996968490192,0.1742722136142913,0.36785248231524514,0.48369265813347173,0.6195752383575654,0.0,0.0,0.20103092783505155,16769
0.7116433371566259,0.1742722136142913,0.24519841928865205,0.2662922035702371,0.3970088792749929,0.0,0.0,0.3541666666666667,17122
0.9182804903837698,0.2890623861656048,0.34782467174316833,0.316949840005041,0.669475237954164,0.28309305373525556,0.2109375,0.2936197916666667,13857
0.5249839657950353,0.3748002968969332,0.6035434227517407,0.6773246212269108,0.7763175955485768,0.5404503753127605,0.4075471698113208,0.24449685534591198,13421
0.12047681019954858,0.0,0.18836681234061903,0.3896566849985781,0.44587191293026723,0.0,0.0,0.2988095238095238,17232
0.4763889583782348,0.0,0.22158676491231,0.44863434661074075,0.63618752996107,0.0,0.0,0.10813492063492064,14968
0.7321153593035494,0.2364726589596911,0.42821871966615177,0.5184972650879156,0.5812630058124735,0.0,0.2898550724637681,0.17632850241545894,15149
0.6103462658527656,0.2364726589596911,0.47660188771225265,0.6043887427023849,0.5782082060219316,0.0,0.0,0.15891472868217055,13989
0.15926168018519554,1.0,1.0,0.9995170278118817,1.0000000000000002,0.2537480420675766,0.026991441737985518,0.0,13694
0.9366815449214769,0.2890623861656048,0.48315788087317535,0.556895064993628,0.6556199749649994,0.4954128440366972,0.20535714285714285,0.12351190476190482,12975
0.31142803657233314,0.1742722136142913,0.348877759133728,0.45002716234466256,0.5587757610180022,0.0,0.3582089552238806,0.3059701492537314,13429
0.7648745168458279,0.09814502102244904,0.3434235618197903,0.5335735490413809,0.4847432115081472,0.0,0.7906976744186046,0.27906976744186046,17123
0.3614304305986457,0.3748002968969332,0.5139748558875108,0.5183139842143818,0.6493597120291801,0.2201834862385321,0.061068702290076333,0.3295165394402036,15117
0.4458171735773554,0.500252522571941,0.801069182685201,0.8966543008109134,0.6556199749649994,0.4954128440366972,0.0,0.40184563758389263,17044
0.0,0.875052819468874,0.8204986759632247,0.5569813592333281,0.9263540516416502,0.37946515713449147,0.16733067729083664,0.3224324922532094,16558
0.5852740543029985,0.09814502102244904,0.3483474268378499,0.5423166740561238,0.5621549804512151,0.0,0.0,0.10576923076923078,18160
0.6050788537625509,0.663862683062538,0.9377110022706605,0.9736006330699603,0.40480265177083524,0.0,0.12790697674418605,0.15891472868217055,12939
0.7896759570196438,0.6472175315336735,0.4954340247028235,0.20571199582965694,0.7592087603263729,0.09908256880733946,0.20224719101123595,0.34691011235955055,16883
0.9968005020363973,0.1742722136142913,0.3773742007514327,0.5005899505445097,0.7239218621942243,0.8492791612057666,0.9930555555555556,0.4528356481481481,17539
0.24095362039909712,0.938708098287135,1.0,1.0,0.4194961240694642,0.19427954668105774,0.02242152466367713,0.09062032884902843,15769
0.6691991468200952,0.2890623861656048,0.47343411033088056,0.5396362767715237,0.5654754278618694,0.4954128440366972,0.0,0.2530120481927712,13889
0.5852740543029985,0.0,0.22900013062026625,0.4617988543352747,0.5587757610180022,0.0,0.0,0.31617647058823534,16413
0.4458171735773554,0.7233447241255158,0.8655676511639516,0.7861442015664131,0.7494157976914757,0.6605504587155963,0.0,0.23038194444444443,15125
0.21774435590795382,0.09814502102244904,0.19369173082155133,0.2680047073241554,0.36219988105138007,0.0,0.2,0.4316666666666668,12827
0.798683739262452,0.09814502102244904,0.4875430377201997,0.789635267482165,0.6805999911377467,0.0,0.40540540540540543,0.17379879879879878,16275
0.7159351921678198,0.1742722136142913,0.2735728475734782,0.31653299011992964,0.05492452414859644,0.6605504587155963,0.4,0.48333333333333334,13217
0.5449843152057794,0.3748002968969332,0.5599816542479026,0.5999681735406983,0.63618752996107,0.3963302752293578,0.0,0.34931077694235585,14315
0.24095362039909712,0.44326069645145666,0.6448375460446278,0.6782459468436146,0.8747156828670155,0.5661861074705111,0.16338028169014085,0.19225352112676058,14493
0.4245075050062308,0.9162060143708388,0.8473256337235402,0.5644964251296849,0.8660511179207859,0.2774311926605505,0.15311653116531165,0.18439476061427285,14849
0.9054675429337244,0.09814502102244904,0.3125011788694394,0.4786773455811095,0.5127328807631524,0.0,0.0,0.425925925925926,17880
0.8055682549126341,0.2364726589596911,0.35981523402402527,0.39716905665784963,0.5872297699760067,0.0,0.5060240963855421,0.05070281124497994,17871
0.5372580967164313,0.09814502102244904,0.31173166745778924,0.47731151054798726,0.40480265177083524,0.0,0.0,0.46551724137931033,16680
0.7905980350263077,0.1742722136142913,0.3251660166286876,0.4079718324009014,0.5654754278618694,0.0,0.1232876712328767,0.46917808219178087,17708
0.8004306011685854,0.0,0.13716203284602324,0.29880122345161464,0.2298635879597159,0.0,0.0,0.1388888888888889,15042
0.4390001705699397,0.09814502102244904,0.4108593037759829,0.6533534631271714,0.6292441861041964,0.7926605504587156,0.0,0.1819444444444444,16245
0.9059417896034365,0.09814502102244904,0.2727027579626893,0.40805725331133913,0.319597110331925,0.0,0.0,0.2106481481481482,16679
0.2963044763173342,0.0,0.29832470617562423,0.5849483224982535,0.5038512368694057,0.0,0.0,0.24390243902439018,17466
0.9281417286135167,0.09814502102244904,0.2782870154518353,0.41796364267981323,0.36219988105138007,0.7926605504587156,0.0,0.6232638888888891,15207
0.7159351921678198,0.09814502102244904,0.2678036370456678,0.39936703321598044,0.463507911617924,0.0,0.9117647058823529,0.16421568627450983,14024
0.48725570269011875,0.44326069645145666,0.7062712551501662,0.7873876436445788,0.8251454331647115,0.4573041637261821,0.0,0.2539228159457167,15950
0.9054675429337244,0.0,0.18643186334041184,0.3862221813856572,0.5332818255207508,0.0,0.0,0.46346153846153854,14082
0.6411689209833898,0.0,0.13266566351730602,0.2908265930318177,0.319597110331925,0.0,0.0,0.3972222222222222,13529
0.9165068903348841,0.2364726589596911,0.448788968947907,0.5550079900040876,0.16176688174300935,0.0,0.0,0.48333333333333334,16087
0.9092257714399075,0.0,0.2377239759265084,0.4772917879422942,0.4194961240694642,0.0,0.8333333333333334,0.4402777777777778,15350
0.9030767033576177,0.1742722136142913,0.36537051992544534,0.4792885365663331,0.5621549804512151,1.0,0.5522388059701493,0.402363184079602,13295
0.679953790969037,0.0,0.12084299193382897,0.26986130790562557,0.38039658767148815,0.0,0.0,0.4945652173913044,16808
0.9110748452258564,0.2890623861656048,0.4035160958113382,0.4156141533118183,0.5872297699760067,0.0,0.8804347826086957,0.3260869565217392,17150
0.9124488547259779,0.33461767998214015,0.4367956545457736,0.42469771849593196,0.7555950073831259,0.5944954128440366,0.030612244897959183,0.459608843537415,13554
0.2963044763173342,0.47294531791938227,0.538275715321495,0.45821999444210326,0.821736040532894,0.16513761467889906,0.10144927536231885,0.17632850241545894,14711
0.2797384903847442,0.6112729558566243,0.7087397481113229,0.6195307060637025,0.833411698882587,0.5169525329078579,0.10192837465564739,0.12109733700642794,14243
0.6433280952915899,0.2364726589596911,0.39444913505171253,0.45858210799997945,0.7135992989041378,0.33027522935779813,0.3591549295774648,0.33597417840375593,16777
0.5822511729518192,0.09814502102244904,0.09046397783676774,0.08547502410374852,0.42643946792633786,0.0,0.0,0.16964285714285715,17892
0.12047681019954858,0.33461767998214015,0.34551363888012787,0.2630561351823846,0.7543750612912838,0.2477064220183486,0.0,0.20857418111753373,17883
0.5882452599301117,0.41074487257398257,0.4528392564299897,0.3717804771396849,0.8046540785479468,0.3603002502085071,0.7079646017699115,0.2341445427728614,16770
0.5249839657950353,0.33461767998214015,0.37591908388090567,0.31685433024871257,0.5901446497062202,0.0,0.45054945054945056,0.13415750915750918,17373
0.5162915897505914,0.44326069645145666,0.47091129342486093,0.36969999279377563,0.6339010246229115,0.0,0.0,0.211283185840708,17966
0.45237686891880524,0.09814502102244904,0.3829250277751284,0.6037273435306985,0.5719479430861123,0.4954128440366972,0.0,0.0,18263
0.7605560016157585,0.0,0.2074705060381603,0.42356994470227916,0.5901446497062202,0.0,0.8309859154929577,0.3086854460093897,15349
0.5487223366205466,0.6112729558566243,0.5829361322862123,0.3964067011655723,0.8182646555590196,0.2972477064220183,0.5929919137466307,0.16442048517520214,16444
0.9925367241267289,0.09814502102244904,0.11828652068160594,0.13460626863886205,0.0,1.0,0.0,1.0,15354
0.9459536789971699,0.47294531791938227,0.40651613192149094,0.22499015887756335,0.6514693568509644,0.4246395806028833,1.0,0.07596153846153847,15751
0.6252535083491437,0.0,0.24419144383728608,0.48877842676152206,0.24806029457982387,0.0,0.0,0.06060606060606061,13321
0.3253403633778068,0.5490725105112246,0.21727859721753684,0.0,0.6978117209535337,0.13211009174311925,0.08943089430894309,0.0968834688346884,17988
0.40869558228073843,0.0,0.2650989755294286,0.5259163074256201,0.6244709146416239,0.0,1.0,0.1564625850340136,14664
0.39129994657903455,0.2364726589596911,0.3435655134052056,0.36836941854919925,0.5371389448624995,0.0,0.0,0.20512820512820518,15132
0.9213413973529478,0.0,0.17893600641493745,0.3729179897442234,0.3420843551263963,0.6605504587155963,0.0,0.16421568627450983,13597
0.9489376372048393,0.41074487257398257,0.4757568848042375,0.41238503534232596,0.5482636980460824,0.0,0.0,0.37500000000000006,16197
0.9330728762674743,0.1742722136142913,0.4407403873853777,0.6130917853107407,0.63618752996107,0.0,0.0,0.15544871794871795,16329
0.919598913620258,0.0,0.09323919052298257,0.22092987930001118,0.5751037325186668,0.0,0.9508196721311475,0.258879781420765,16381
0.3253403633778068,0.09814502102244904,0.2151989163834973,0.306104529840902,0.6244709146416239,0.0,1.0,0.20980392156862743,16024
0.26142564254602063,0.33461767998214015,0.48787056185771727,0.5152816655329158,0.20974806203473212,0.5944954128440366,0.0,0.400297619047619,16966
0.6077325128896673,0.2364726589596911,0.4052415661150781,0.4777269849483883,0.5212196518919954,0.0,0.34615384615384615,0.15544871794871795,14538
0.9213413973529478,0.09814502102244904,0.5724696092329191,0.9406282242309105,0.05492452414859644,0.0,0.0,0.3541666666666667,17876
0.7616457311829384,0.0,0.27338107024536096,0.540629610335664,0.6292441861041964,0.0,1.0,0.09583333333333333,17105
0.6782069290629034,0.0,0.2206929947009939,0.4470472780334369,0.5782082060219316,0.0,0.0,0.091796875,14171
0.48725570269011875,0.0,0.2863878827115336,0.5637384651566273,0.24806029457982387,0.0,0.0,0.20512820512820518,15330
0.5162915897505914,0.2364726589596911,0.3119803942862134,0.31242129760615645,0.49453617414304446,0.0,0.0,0.4079861111111111,15847
0.6454607759945838,0.2364726589596911,0.428304468832748,0.5186494426667587,0.49453617414304446,0.5661861074705111,0.0,0.3404255319148936,14236
0.5911665269570773,0.33461767998214015,0.4473820061513498,0.44346632334923375,0.7603983025780725,0.2477064220183486,0.0,0.4289473684210526,17190
0.6433280952915899,0.0,0.2828488112026373,0.5574504576120682,0.463507911617924,0.9908256880733944,0.0,0.3345959595959596,14356
0.6077325128896673,0.09814502102244904,0.14629253513905272,0.18411417385589046,0.27995441307322305,0.0,0.0,0.1388888888888889,17647
0.0,0.1742722136142913,0.38996802660774277,0.522942438528988,0.5482636980460824,0.0,0.0,0.2708333333333333,16688
0.5162915897505914,0.7855451694709157,0.7033151852530466,0.4367742848902496,1.0000000000000002,0.24020016680567138,0.008567931456548347,0.18895348837209303,17965
0.6980927405475145,0.41074487257398257,0.4591747326577189,0.38300326513053773,0.7920185684109309,0.0,0.7816593886462883,0.3569868995633187,14224
0.31142803657233314,0.2890623861656048,0.46269155742705825,0.520571922629326,0.5170234189375158,0.7926605504587156,0.0,0.3651129943502825,15197
0.4319048467718818,0.0,0.2721544264086715,0.5384503895292925,0.49925051030224016,0.6605504587155963,0.0,0.0,13028
0.5023792629451177,0.09814502102244904,0.24208914327298392,0.35376606456192494,0.5621549804512151,0.0,0.0,0.1760057471264368,17233
0.9781441226398293,0.1742722136142913,0.2532044491218064,0.28046410584475234,0.5083437009364926,0.0,0.0,0.36790780141843965,17845
0.8709050173418215,0.0,0.12169983567650422,0.27138060579125867,0.4847432115081472,0.6605504587155963,1.0,0.3367117117117117,16897
0.6867707939764525,0.1742722136142913,0.29805666988986923,0.35991323470140446,0.5986314208350632,0.0,0.43010752688172044,0.4166666666666667,16806
0.8146101244857373,0.1742722136142913,0.2107008719632688,0.20526518422953544,0.6576619293362349,0.3963302752293578,1.0,0.42182539682539694,13642
0.7492655854387271,0.1742722136142913,0.36615759736265097,0.4806851497430531,0.5587757610180022,0.0,0.42857142857142855,0.2619047619047619,14891
0.21774435590795382,0.2364726589596911,0.4495997585378153,0.5564472837854544,0.6040866752116578,0.0,0.5263157894736842,0.15021929824561403,13808
0.39129994657903455,0.500252522571941,0.5878180060242273,0.5178881898171659,0.6876719445742718,0.3963302752293578,0.0,0.05924855491329478,14515
0.15926168018519554,0.47294531791938227,0.36206305044812903,0.14654010642013815,0.7707832685207077,0.0,0.0,0.12027027027027032,14083
0.39129994657903455,0.0,0.21622485188139273,0.43911342667343445,0.36219988105138007,0.0,0.0,0.32017543859649117,17453
0.41678128651688284,0.1742722136142913,0.4429584234228352,0.617031163942531,0.5587757610180022,0.0,0.0,0.258879781420765,13516
0.3253403633778068,0.5490725105112246,0.4834725105696631,0.2831463183433718,0.8854835629247153,0.34970318402590395,0.5388471177944862,0.12593984962406013,13610
0.24095362039909712,0.2364726589596911,0.38455852374249,0.441040041168302,0.6859283624673551,0.5661861074705111,0.0,0.32116788321167883,14428
0.7504282071422729,0.09814502102244904,0.44800514591320817,0.7193605753551604,0.6067569413097249,0.7926605504587156,0.0,0.36301369863013705,14400
0.31142803657233314,0.47294531791938227,0.5684528600583563,0.5117388598113435,0.7741230781253621,0.3048694424841214,0.05319148936170213,0.14804964539007093,16818
0.45237686891880524,0.3748002968969332,0.34869631168910753,0.22558207968915345,0.5170234189375158,0.2201834862385321,0.1864406779661017,0.21186440677966106,13549
0.48725570269011875,0.3748002968969332,0.4512272025756039,0.40704418217163174,0.6893997474412297,0.5404503753127605,0.0,0.13541666666666663,13717
0.9247748185576132,0.0,0.3916893250163307,0.7508968465243555,0.49925051030224016,0.0,0.0,0.3541666666666667,17478
0.9129044547158507,0.33461767998214015,0.4210284167899718,0.3967513517857435,0.5986314208350632,0.2477064220183486,0.06976744186046512,0.15891472868217055,15173
0.4763889583782348,0.09814502102244904,0.3880211389691717,0.6127798689413675,0.5253256362445706,0.0,0.0,0.3012295081967213,14240
0.8991816093382967,0.09814502102244904,0.27492327483470747,0.411996309800875,0.45780835661455593,0.0,0.8181818181818182,0.09974747474747475,15562
0.5760429667020784,0.2364726589596911,0.48166252643382235,0.6133753694396809,0.7042842361777766,0.7431192660550459,0.19548872180451127,0.3104636591478696,14443
0.7433328833442149,0.2890623861656048,0.48521572402730095,0.5605478286134356,0.6841687102527929,0.4954128440366972,0.1056338028169014,0.22681924882629106,16807
0.48725570269011875,0.2890623861656048,0.43031446774769666,0.46313240579891346,0.7323462102674929,0.28309305373525556,0.0,0.2763554216867469,17886
0.7583558292423568,0.1742722136142913,0.2261297037360468,0.23255097202855124,0.5553356514826076,0.0,0.0,0.0646551724137931,12977
0.9691629434883131,0.09814502102244904,0.3323310497605019,0.5138787666330729,0.5446269992565518,0.9908256880733944,0.0,0.2295321637426901,13872
0.4245075050062308,0.3748002968969332,0.4716492908000478,0.44324419071405075,0.822594113499856,0.0,0.0,0.2564575645756458,17797
0.15926168018519554,0.1742722136142913,0.39456923060031635,0.5311099329588602,0.26467258618332856,0.6605504587155963,0.0,0.11197916666666669,15621
0.8349931267604885,0.0,0.26046011614496445,0.5176757366151923,0.38039658767148815,1.0,0.0,0.1576086956521739,14339
0.7732023993246039,0.1742722136142913,0.47675780845497173,0.6770710344831752,0.63618752996107,0.3963302752293578,0.0,0.6168785310734464,15384
0.3614304305986457,0.5490725105112246,0.5963470778920521,0.4830567577003273,0.7430298875554828,0.4403669724770642,0.05652173913043478,0.26431159420289857,13995
0.4763889583782348,0.0,0.16731992519840366,0.35230364891348454,0.27995441307322305,0.0,0.0,0.28958333333333336,12981
0.6728584671709789,0.0,0.3617810456587591,0.6977280356204503,0.5553356514826076,0.0,0.6984126984126984,0.5079365079365079,13744
0.15926168018519554,0.33461767998214015,0.5255895349495718,0.5822246326322351,0.707440025610331,0.2477064220183486,0.07947019867549669,0.2729028697571744,17744
0.8493432656277181,0.0,0.25432441459998545,0.5067766605216542,0.42643946792633786,0.6605504587155963,0.0,0.44642857142857145,17678
0.26142564254602063,0.6472175315336735,0.6376995523328126,0.4574365288011637,0.5446269992565518,0.0,0.0,0.03125,18144
0.3614304305986457,0.47294531791938227,0.5346011098368353,0.45170513725553785,0.7969778320107388,0.0,0.10887096774193548,0.109375,13719
0.8446902953175293,0.2364726589596911,0.5917713276987597,0.8090038772261563,0.8694303373539989,0.0,0.22588832487309646,0.15418781725888325,13357
0.7346714538495932,0.0,0.21092475793954968,0.4297028378824834,0.24806029457982387,0.0,0.0,0.3541666666666667,13194
0.3819024527455691,0.2890623861656048,0.5410521233198828,0.6596934443527411,0.6978117209535337,0.28309305373525556,0.09868421052631579,0.2776864035087719,16633
0.919598913620258,0.0,0.1832908998073317,0.38064720800525564,0.4194961240694642,0.0,0.0,0.6125,17000
0.9806271833924285,0.0,0.25870718475358623,0.5145618781698631,0.4194961240694642,0.0,0.0,0.23307291666666669,16844
0.19095122637278455,0.6112729558566243,0.6306106649504988,0.48090328153550876,0.7730162871198212,0.2972477064220183,0.503125,0.12812500000000004,16905
0.15926168018519554,0.663862683062538,0.5447558416832552,0.2762852381916816,0.7468870068972315,0.0,0.17153284671532848,0.21745742092457426,12877
0.9302134014897641,0.0,0.20161433512530325,0.41317310636009275,0.6472264952691258,0.0,0.0,0.14750000000000002,17823
0.07047441617323603,0.7094179768790734,0.5656505518775627,0.2680804283881051,0.7089985723369723,0.6005004170141784,0.09770114942528736,0.24281609195402304,14217
0.0,0.7094179768790734,0.7309997744317709,0.5609924291476509,0.8921407509801611,0.40999683644416324,0.0,0.3541666666666667,14056
0.9222061319555901,0.1742722136142913,0.2903624963457838,0.34627815786181637,0.47965168540649755,0.3963302752293578,0.0,0.17803030303030304,13921
0.12047681019954858,1.0,0.9515146776582906,0.41130859620599836,1.0000000000000002,0.7092225977788508,0.03296703296703297,0.1229000884173298,14527
0.6673401847510195,0.47294531791938227,0.5243966610000108,0.4336157437321573,0.8842478245408938,0.6994063680518079,0.33766233766233766,0.20822510822510826,14410
0.15926168018519554,0.41074487257398257,0.7004422457512234,0.8112454619499361,0.8526352588396695,0.8669724770642201,0.17751479289940827,0.4076676528599606,12749
0.12047681019954858,0.6472175315336735,0.7156462971028279,0.5957088874118059,0.8389922481389285,0.344635021938572,0.0,0.3073260073260074,17091
0.24095362039909712,0.9860732527535574,0.8683573091418442,0.5340125731208611,0.7026865623040013,0.34059633027522934,0.0311284046692607,0.08192823173367925,15078
0.5760429667020784,0.1742722136142913,0.3720621244441913,0.491162828183932,0.753147269833051,0.3963302752293578,0.2222222222222222,0.08601364522417154,17201
0.8493432656277181,0.1742722136142913,0.4317514201217707,0.5971276760125135,0.5687391126992583,0.0,0.18181818181818182,0.21717171717171718,16096
0.5071415141747299,0.2890623861656048,0.3873259087301786,0.3869182401491167,0.4519334034235893,0.0,0.0,0.04416666666666669,17076
0.15926168018519554,0.0,0.08014856788692715,0.1977350795385342,0.20974806203473212,0.6605504587155963,0.0,0.425925925925926,18030
0.5411641329307647,0.0,0.3776765429114701,0.7259849985324998,0.6616814654583214,0.0,0.0,0.29436728395061734,16345
0.15926168018519554,0.525535045125296,0.5531333061231818,0.43045119598020665,0.5553356514826076,0.2642201834862385,0.0,0.31111111111111117,17090
0.4319048467718818,0.2364726589596911,0.46653302424464593,0.5865100363375739,0.5293451723666571,0.0,0.0,0.1875,14332
0.7321153593035494,0.0,0.2316712690538627,0.46654246086603535,0.5293451723666571,0.0,0.0,0.12056737588652483,14002
0.0,1.0,1.0,0.8307240729305767,0.5170234189375158,0.32575091114741733,0.08707865168539326,0.038506554307116136,13777
0.7321153593035494,0.3748002968969332,0.6268478601019216,0.7187219122345434,0.6093903749751954,0.0,0.10810810810810811,0.24070945945945948,15245
0.19095122637278455,0.09814502102244904,0.19029876629468867,0.26199592531219973,0.44587191293026723,0.0,0.0,0.3972222222222222,16149
0.40869558228073843,0.0,0.0,0.0,0.05492452414859644,0.0,1.0,1.0,16506
0.07047441617323603,0.9162060143708388,0.8102715476584783,0.4987667367689288,0.9604158046304561,0.4867213906325446,0.053791887125220456,0.29379776601998825,16161
0.8321201473561745,0.0,0.18796921105472109,0.3889509419570305,0.27995441307322305,0.6605504587155963,0.0,0.8923611111111112,15935
0.26142564254602063,0.525535045125296,0.6744234506586877,0.6456436259755278,0.5842696965152536,0.2642201834862385,0.0,0.0009765625,14440
0.26142564254602063,0.33461767998214015,0.5365399082841702,0.6016653093629367,0.45780835661455593,0.0,0.0,0.3881578947368421,17386
0.49244448492302473,0.5917729095724684,0.6428844459538074,0.5223203032568724,0.8591077740639124,0.11656772800863464,0.6704035874439462,0.16302316890881918,13634
0.2797384903847442,0.0,0.4171303056391382,0.7961294381186761,0.27995441307322305,0.0,0.38461538461538464,0.20512820512820518,12882
0.9496756905287573,0.0,0.2859149990329197,0.5628982642239622,0.5127328807631524,0.0,0.0,0.14750000000000002,14026
0.941765252311918,0.1742722136142913,0.4950138365458743,0.709507337234744,0.49453617414304446,0.0,0.0,0.4128787878787879,15629
0.665461125405328,0.1742722136142913,0.38564441015597906,0.5152681277568356,0.6859283624673551,0.0,0.0,0.19791666666666669,16723
0.7915152471633273,0.0,0.27174555270205425,0.5377240009388793,0.43961164999444796,0.0,0.0,0.1388888888888889,15405
0.9406052171052453,0.09814502102244904,0.24397907911904682,0.35711685766779744,0.44587191293026723,0.0,0.5161290322580645,0.4166666666666667,13998
0.6077325128896673,0.33461767998214015,0.47141846479083327,0.48609434722215017,0.8046540785479468,0.0,0.5220883534136547,0.040327978580990576,14396
0.9821612736392269,0.0,0.0,0.0,0.09752729486805156,0.0,0.0,0.03125,14464
0.8512998862518628,0.0,0.3967385024571983,0.7598736201136931,0.16176688174300935,0.0,0.0,0.48333333333333334,16377
0.4458171735773554,0.0,0.2517631505768163,0.5022271701806988,0.2298635879597159,0.0,0.0,0.425925925925926,15524
0.07047441617323603,0.5917729095724684,0.6591757379402232,0.5512241190070957,0.801811531045828,0.7133944954128439,0.06514657980456026,0.3099891422366992,14189
0.9536798974865177,0.33461767998214015,0.46414617053448914,0.4731952240563446,0.5253256362445706,0.2477064220183486,0.1375,0.0,16631
0.0,0.0,0.0966157330271562,0.22691375076774412,0.26467258618332856,0.0,0.0,0.6477272727272727,13404
0.8121904385871737,0.09814502102244904,0.2613434926112157,0.3879089197680001,0.5446269992565518,0.0,0.0,0.11622807017543857,16431
0.566293983776904,0.663862683062538,0.6996892989752883,0.5507553559833647,0.8481950374637754,0.3963302752293578,0.1159090909090909,0.32187499999999997,16170
0.7762252806757832,0.0,0.27252383553694437,0.5391066690429573,0.63618752996107,0.0,0.13636363636363635,0.22206439393939398,12837
0.8406004290526202,0.09814502102244904,0.30200605092536503,0.4600503664556346,0.5621549804512151,0.4954128440366972,0.2982456140350877,0.2295321637426901,13781
0.8105583956420711,0.2890623861656048,0.5860400840368263,0.7396152346734906,0.6067569413097249,0.28309305373525556,0.0,0.3595041322314049,12857
0.5852740543029985,0.44326069645145666,0.5786475943867311,0.5607282497030401,0.6911120541096665,0.33027522935779813,0.5902777777777778,0.37210648148148145,16950
0.5594769807694883,0.5917729095724684,0.9709669285164637,1.0,0.26467258618332856,0.5404503753127605,0.0,0.6309523809523809,17940
0.2963044763173342,0.0,0.0,0.04823750809694527,0.2298635879597159,0.0,0.0,0.5694444444444444,16852
0.7445357344881941,0.8661910762347915,0.8598331086325195,0.6354450379953389,0.9709352951311665,0.6238532110091743,0.23416666666666666,0.14104166666666668,13564
0.7159351921678198,0.2364726589596911,0.3889367349433459,0.4488048999877836,0.5446269992565518,0.8807339449541284,0.14516129032258066,0.20833333333333331,16292
0.9239228006916127,0.09814502102244904,0.16245656930506436,0.2127094176748836,0.27995441307322305,0.7926605504587156,0.0,0.10576923076923078,14122
0.458697976307051,0.0,0.1792298890434163,0.3734395685786256,0.6220387681996193,0.6605504587155963,1.0,0.2281504065040651,15429
0.37196767472347614,0.5490725105112246,0.8163270387127624,0.8736985924791232,0.8301480140451982,0.9541284403669724,0.14242424242424243,0.338510101010101,15502
0.7583558292423568,0.0,0.4148681045481424,0.7921071922756524,0.6576619293362349,0.0,0.0,0.09852430555555552,13583
0.48190724079819425,0.5710903389418314,0.728836222601869,0.6958343770018045,0.8111265937721894,0.1238532110091743,0.04984423676012461,0.24350986500519206,16767
0.8321201473561745,0.0,0.19345842740078045,0.39869463202223,0.3970088792749929,0.0,0.0,0.4945652173913044,15230
0.7087220701296603,0.0,0.3476695613871965,0.6726443577525703,0.5719479430861123,0.0,0.0,0.21653005464480873,18143
0.9310352058416196,0.0,0.14050996575417174,0.3047394225518414,0.09752729486805156,0.0,0.0,0.5694444444444444,17182
0.4319048467718818,0.5490725105112246,0.5329663829524705,0.3707341308038594,0.7979544117040793,0.2477064220183486,0.168141592920354,0.1198377581120944,17368
0.6728584671709789,0.2364726589596911,0.4226804915537343,0.5086690581062814,0.6040866752116578,0.0,0.0,0.2508333333333333,13158
0.5332622587451961,0.1742722136142913,0.4873322976009986,0.6958586496992982,0.6040866752116578,0.3963302752293578,0.0,0.456140350877193,17272
0.7830806992644398,0.09814502102244904,0.3362768619508596,0.5208842769345363,0.5621549804512151,0.4954128440366972,0.0,0.21186440677966106,13936
0.3614304305986457,0.33461767998214015,0.3621237849332535,0.29243932980303455,0.6472264952691258,0.0,0.8582677165354331,0.10498687664041995,14805
0.6728584671709789,0.41074487257398257,0.5519233581913885,0.5474658854297063,0.8156190578392761,0.0,0.11235955056179775,0.30337078651685395,16400
0.48190724079819425,0.2364726589596911,0.46747285023771656,0.5881787467285675,0.2941031748346736,0.0,0.5882352941176471,0.24019607843137253,13029
0.6557484704762346,0.1742722136142913,0.4001004840192919,0.540928965835058,0.463507911617924,0.0,0.3,0.25729166666666664,17033
0.2963044763173342,0.1742722136142913,0.18946770761794607,0.1677384610646342,0.05492452414859644,0.0,0.2222222222222222,1.0,15206
0.7969191424145534,0.2890623861656048,0.516940316042956,0.6168719849856701,0.7639230964855688,0.0,0.7788018433179723,0.3690476190476191,16889
0.4763889583782348,0.2364726589596911,0.3924425054172971,0.45502289183932976,0.5901446497062202,0.33027522935779813,0.0,0.20512820512820518,17521
0.8732071873772289,0.0,0.26363899184120654,0.5233227248808934,0.4897024751079551,0.0,0.0,0.4901315789473684,13706
0.9386544525582095,0.0,0.25707219092892797,0.511657564394213,0.38039658767148815,0.0,0.0,0.2699275362318841,16675
0.756127448762979,0.5710903389418314,0.021886932332101705,0.0,0.4519334034235893,0.0,0.21212121212121213,0.37373737373737376,18037
0.3614304305986457,0.736725181531632,0.7467462450824107,0.5618946302607013,0.6805999911377467,0.14678899082568805,0.22128851540616246,0.012254901960784326,14709
0.5911665269570773,0.33461767998214015,0.49542101011463613,0.5286792384399672,0.7026865623040013,0.5944954128440366,0.16279069767441862,0.19896640826873385,13627
0.3382211661075024,0.47294531791938227,0.662681353253074,0.6790044032703495,0.8451764621138644,0.16513761467889906,0.20398009950248755,0.28669154228855726,18145
0.566293983776904,0.6112729558566243,0.700768108446314,0.6053792650280403,0.8301480140451982,0.20859488169966198,0.09565217391304348,0.29239130434782606,15301
0.7027279831513678,0.0,0.3060737158836626,0.5987180702527668,0.3311716185262597,0.0,0.0,0.19270833333333331,15396
0.40021530058429267,0.1742722136142913,0.36414347822872983,0.4771112705341223,0.5654754278618694,0.6605504587155963,0.7096774193548387,0.1875,15745
0.4319048467718818,0.3748002968969332,0.3897897824340555,0.2982450103611829,0.5654754278618694,0.3963302752293578,0.0,0.3541666666666667,12993
0.24095362039909712,0.41074487257398257,0.6356387746176908,0.6961044639271279,0.7180917629712247,0.3603002502085071,0.0,0.3607568027210884,17567
0.9953908325363316,0.0,0.3722537260998495,0.7163447716880866,0.5170234189375158,1.0,0.0,0.23674242424242425,17477
0.6252535083491437,0.3748002968969332,0.5818915144422641,0.6388709592170925,0.6944912735428794,0.0,0.0,0.058928571428571386,18242
0.5411641329307647,0.09814502102244904,0.23261929077834642,0.33697820890838326,0.3072753569027837,0.0,0.0,0.1388888888888889,15659
0.24095362039909712,0.2890623861656048,0.3704817567423426,0.3570740433455888,0.18726081724026072,0.0,0.0,0.3541666666666667,16989
0.07047441617323603,0.1742722136142913,0.3521187276826283,0.45577667566496927,0.7889799751408157,0.0,0.0,0.007765151515151503,14204
0.4763889583782348,0.500252522571941,0.454517613416751,0.28174051075305195,0.6292441861041964,0.0,0.10204081632653061,0.20918367346938777,18236
0.12047681019954858,1.0,0.9630251344240477,0.6784390299196223,0.7519115314492297,0.7926605504587156,0.10998735777496839,0.2080172777075432,13078
0.4390001705699397,0.6112729558566243,0.7974531597045749,0.7770969412855466,0.9579036510994157,0.7339449541284403,0.033112582781456956,0.15100717439293593,14426
0.15926168018519554,0.09814502102244904,0.26440643339375813,0.3933413833287276,0.49453617414304446,0.0,0.0,0.27906976744186046,14219
0.84333767139684,0.09814502102244904,0.4009372021019255,0.6357252231376691,0.6119879784981619,0.4954128440366972,0.0,0.5032051282051282,13803
0.9522344729684153,0.0,0.2545007855606045,0.5070899464634044,0.42643946792633786,0.0,0.0,0.3541666666666667,17745
0.9234952204105011,0.0,0.2389326756283996,0.4794384609096718,0.6675564186492879,0.0,0.42452830188679247,0.1470125786163522,13677
0.3382211661075024,0.2890623861656048,0.44095091380061624,0.4819990125429501,0.5687391126992583,0.0,0.6021505376344086,0.0,13064
0.566293983776904,0.0,0.3456613602887917,0.6690748607465977,0.5127328807631524,0.0,0.6444444444444445,0.2537037037037037,13245
0.40021530058429267,0.1742722136142913,0.2966695409186224,0.35745489279748677,0.7337148248291214,0.0,0.46408839779005523,0.45764272559852665,16411
0.9191605494620005,0.09814502102244904,0.1969354191112922,0.2737496097989529,0.6472264952691258,0.0,0.2247191011235955,0.11470037453183518,17807
0.9913818275413702,0.1742722136142913,0.28303871231074407,0.33330163536712054,0.40480265177083524,0.0,0.0,0.6651234567901234,17825
0.6616409431303133,0.44326069645145666,0.6135800832849907,0.6227383210823516,0.8074549245798184,0.18015012510425354,0.0,0.22105597964376594,14307
0.15926168018519554,0.9923332069626813,0.9251116297318029,0.6286671441850247,1.0000000000000002,0.07077326343381389,0.43597560975609756,0.18325711382113818,17920
0.40021530058429267,0.0,0.15981227879056403,0.3389821422499979,0.3524069184164829,0.0,0.3684210526315789,0.3881578947368421,18040
0.21774435590795382,0.2364726589596911,0.30652471387922287,0.30276192663329593,0.6145507138055673,0.0,0.6212121212121212,0.08017676767676774,16438
0.6252535083491437,0.0,0.30724582590702143,0.6008009375237711,0.5170234189375158,0.0,0.0,0.18568840579710144,18265
0.31142803657233314,0.33461767998214015,0.4931422443929452,0.5246356210749119,0.7627553808345569,0.2477064220183486,0.0,0.1845903165735568,14321
0.6635615294853092,0.1742722136142913,0.40365054136225686,0.5472313493515237,0.6292441861041964,0.0,0.1111111111111111,0.425925925925926,16384
0.26142564254602063,0.09814502102244904,0.42279066555033307,0.6745532662243838,0.5842696965152536,0.0,0.0,0.6600877192982455,15948
0.9905105911476728,0.09814502102244904,0.3104471267473152,0.47503156155796433,0.7580117600808145,0.0,0.0,0.11033163265306123,14556
0.9191605494620005,0.09814502102244904,0.33250766695898193,0.5141923310129219,0.46904223864579303,0.0,0.0,0.44642857142857145,17363
0.48725570269011875,0.0,0.17253854389320122,0.36156438862694507,0.42643946792633786,0.0,0.0,0.0,12832
0.5071415141747299,0.41074487257398257,0.5005653383546491,0.4563623073133758,0.4331391347702052,0.4954128440366972,0.0,0.4128787878787879,17193
0.4390001705699397,0.09814502102244904,0.2972550054620109,0.4516189990459638,0.05492452414859644,0.0,0.0,0.22500000000000003,18246
0.6949324480921609,0.5490725105112246,0.6588480310358067,0.5939484583069905,0.8138347372463899,0.2477064220183486,0.25735294117647056,0.09773284313725489,13593
0.9096898873274686,0.0,0.024451666063912025,0.09913424093137468,0.09752729486805156,0.0,0.0,0.7416666666666667,13747
0.3819024527455691,0.5490725105112246,0.6945897922024684,0.6574054374415179,0.8519023561593353,0.34970318402590395,0.0,0.14606481481481487,17700
0.12047681019954858,0.0,0.25648684936732735,0.5106178059171813,0.4744206482180607,0.6605504587155963,0.0,0.11428571428571427,17119
0.9106144176808055,0.09814502102244904,0.28987475389326156,0.43852289938576927,0.5553356514826076,0.0,0.0,0.36954365079365076,17756
0.4458171735773554,0.1742722136142913,0.3423272020513304,0.4384073325495763,0.8046540785479468,0.3963302752293578,0.5142857142857142,0.2302721088435375,14953
0.31142803657233314,0.2890623861656048,0.25008945942022653,0.14419450923903532,0.44587191293026723,0.28309305373525556,0.0,0.09974747474747475,14173
0.5968657685777834,0.09814502102244904,0.18459209185297287,0.25189085915142817,0.6244709146416239,0.0,0.875,0.10464015151515155,16921
0.9064147458044252,0.5490725105112246,0.613768769964387,0.5139560533472105,0.7696568881811783,0.0,0.0,0.07288037166085948,16125
0.0,0.0,0.19778717525720735,0.40637889974778263,0.40480265177083524,0.6605504587155963,0.0,0.4316666666666668,13954
0.848026507082967,0.0,0.25608653836963224,0.5099067255188641,0.6268724672347086,0.0,0.0,0.23674242424242425,17507
0.6557484704762346,0.2890623861656048,0.513183844322195,0.610201632265807,0.6893997474412297,0.6605504587155963,0.0,0.017906336088154284,13134
0.5968657685777834,0.1742722136142913,0.23107797615355663,0.24130484061358404,0.7603983025780725,0.0,0.5497382198952879,0.13438045375218155,15756
0.7242134851179807,0.0,0.22898964686763956,0.46178023676608526,0.6093903749751954,0.0,0.0,0.08182730923694775,17514
0.529172392480287,0.3748002968969332,0.5885500674764288,0.6506956175536012,0.6514693568509644,0.2201834862385321,0.013888888888888888,0.14785879629629634,15370
0.9302134014897641,0.1742722136142913,0.5774010627283157,0.855936678567188,0.5872297699760067,0.0,0.0,0.25919117647058826,16336
0.9704747330856343,0.1742722136142913,0.4529839848711148,0.6348382682010436,0.4897024751079551,0.3963302752293578,0.05172413793103448,0.042385057471264365,18214
0.07047441617323603,0.33461767998214015,0.3473644312503543,0.26632939906688713,0.5930156949938641,0.0,0.0,0.213768115942029,17631
0.48190724079819425,0.09814502102244904,0.5581775247200971,0.9152145381093044,0.16176688174300935,0.0,0.0,0.3541666666666667,16041
0.6179596564922467,0.2890623861656048,0.3939056000690515,0.3985790799499951,0.6472264952691258,0.28309305373525556,0.9090909090909091,0.0018939393939393923,15774
0.07047441617323603,0.3748002968969332,0.44035818907888546,0.3877842757711243,0.6876719445742718,0.0,0.16363636363636364,0.20151515151515154,15214
0.704245995390975,0.33461767998214015,0.5398810622765131,0.6075975066132513,0.8200082376659363,0.5944954128440366,0.12539184952978055,0.26306165099268547,16755
0.31142803657233314,0.3748002968969332,0.6230727256138688,0.7120153079344416,0.7058686511943799,0.8492791612057666,0.0,0.22157836644591605,14290
0.0,0.663862683062538,0.675840581543991,0.5084476263402755,0.7603983025780725,0.5661861074705111,0.012232415902140673,0.07173802242609584,17644
0.6900815854425225,0.1742722136142913,0.20172390458340206,0.18939607742657727,0.26467258618332856,0.0,0.0,0.3541666666666667,13489
0.9302134014897641,0.0,0.16645106505344986,0.3507618745724297,0.26467258618332856,0.6605504587155963,0.0,0.48333333333333334,14168
0.2963044763173342,0.6797333554111478,0.5475200637681021,0.2654139093929664,0.673255973652656,0.172317510969286,0.0,0.2607442348008386,18241
0.9260450651121828,0.0,0.32442946559159025,0.6313385262257609,0.5212196518919954,0.6605504587155963,0.5957446808510638,0.47783687943262415,16677
0.9366815449214769,0.0,0.2214702754271971,0.4484274952504277,0.6339010246229115,0.0,0.0,0.1388888888888889,18049
0.8154092582917095,0.2890623861656048,0.380030037992803,0.3739901212266703,0.5446269992565518,0.0,0.0,0.15373563218390807,13723
0.9277244143755496,0.0,0.27981500721927555,0.5520603164534523,0.5553356514826076,0.0,0.0,0.2873563218390805,17834
0.40869558228073843,0.6112729558566243,0.728149461867996,0.6539928772075028,0.9036802695448234,0.3774574049803407,0.21102661596958175,0.18963878326996203,14525
0.9106144176808055,0.2364726589596911,0.3434478508295977,0.3681609202025886,0.6576619293362349,0.33027522935779813,1.0,0.4246212121212121,14454
0.9078259413504763,0.1742722136142913,0.32614006705654885,0.4096990686054405,0.6893997474412297,0.0,0.21014492753623187,0.2980072463768116,14813
0.8021600810759429,0.0,0.21730095145805506,0.4410241654199185,0.0,0.0,0.0,1.0,17715
0.9106144176808055,0.0,0.2428163623767816,0.4863361330627851,0.6450691738548169,0.0,1.0,0.14328231292517007,14986
0.4763889583782348,0.1742722136142913,0.3702398881636555,0.48792914476172644,0.7650837135173396,0.3963302752293578,0.24479166666666666,0.1388888888888889,18125
0.9281417286135167,0.5710903389418314,0.6210422234576176,0.504495359182036,0.8707654540799818,0.41718976339932395,0.0,0.1878383604021655,14648
0.6454607759945838,0.1742722136142913,0.27937253998825073,0.3268066145705091,0.0,0.0,0.0,1.0,18017
0.12047681019954858,0.525535045125296,0.5193860033397082,0.3706622074755348,0.6841687102527929,0.5504587155963303,0.0,0.5144799054373523,16817
0.6154587313790155,0.09814502102244904,0.35595864636308905,0.555832551280901,0.5587757610180022,0.9908256880733944,0.0,0.3654970760233918,15091
0.6299513969427243,0.09814502102244904,0.40435476253603575,0.6417969222589222,0.42643946792633786,0.4954128440366972,0.0,0.3541666666666667,13035
0.6103462658527656,0.2890623861656048,0.6617188267418894,0.8741170006006853,0.7869270423092811,0.28309305373525556,0.0,0.420405982905983,15228
0.9101527672191922,0.09814502102244904,0.2450960511011726,0.35909726894002625,0.7105444991135959,0.0,0.0,0.2517241379310345,14170
0.7255556639620995,0.1742722136142913,0.562488707654903,0.8294274924907503,0.18726081724026072,0.8492791612057666,0.0,0.5386904761904763,17353
0.5372580967164313,0.8477456148163154,0.891043872545191,0.708903414269622,0.8903480531724788,0.15644616127474648,0.09228187919463088,0.3541666666666667,16843
0.07047441617323603,0.875052819468874,0.7600185732715878,0.44972595921955527,0.8055922667443203,0.3082568807339449,0.22018348623853212,0.2712155963302752,18109
0.4390001705699397,0.6948984268207701,0.7352964190276536,0.5830335681341441,0.8405571824235347,0.086158755484643,0.07158836689038031,0.4538590604026847,14057
0.8644121596465009,0.0,0.0890867067092953,0.21357150068299746,0.5409196805609917,0.0,0.0,0.16964285714285715,15543
0.5206921107838413,0.09814502102244904,0.2691186605840654,0.4016995950403299,0.5083437009364926,0.0,0.0,0.2926587301587302,16969
0.49244448492302473,0.41074487257398257,0.6063548292628755,0.6440944010524217,0.8727507847646532,0.3603002502085071,0.0,0.10723039215686275,15493
0.6635615294853092,0.5917729095724684,0.750291265669407,0.7129938300974263,0.5482636980460824,0.11656772800863464,0.08074534161490683,0.20574534161490687,15939
0.07047441617323603,0.09814502102244904,0.4593026385056995,0.7394391197578041,0.2941031748346736,0.0,0.0,0.1576086956521739,12950
0.5696047752429739,0.09814502102244904,0.3564012528543907,0.5566185579697212,0.47965168540649755,0.0,0.0,0.4644308943089431,17934
0.927306095770217,0.09814502102244904,0.2657431797333454,0.39571234041249714,0.707440025610331,0.4954128440366972,0.0,0.1456692913385827,16428
0.4245075050062308,0.09814502102244904,0.17544233335257564,0.23569218353706267,0.6493597120291801,0.0,0.0,0.3972222222222222,17286
0.07047441617323603,0.2364726589596911,0.2331563779340977,0.17302048559124072,0.20974806203473212,0.5661861074705111,0.23529411764705882,0.8480392156862744,17436
0.5071415141747299,0.2364726589596911,0.4590775040095336,0.573273008903028,0.7166059896069179,0.33027522935779813,0.1329479768786127,0.036849710982658934,13168
0.8749140223367831,0.1742722136142913,0.22895120129567847,0.23754224897435838,0.5083437009364926,0.0,0.6666666666666666,0.16964285714285715,12956
0.6389825865381525,0.47294531791938227,0.6142241371247856,0.5929627378613103,0.7719030424859472,0.4246395806028833,0.0514018691588785,0.20930685358255446,14854
0.5882452599301117,0.6297184172751005,0.6789611324808811,0.5481396655576147,0.7506677425957238,0.28309305373525556,0.09385113268608414,0.038565264293419665,14852
0.7680444155850216,0.0,0.39932736065368113,0.7644763433063271,0.6514693568509644,0.6605504587155963,0.0,0.5173992673992673,15146
0.8446902953175293,0.2890623861656048,0.41595804399932557,0.43767296874207884,0.6656181186124153,0.0,0.37962962962962965,0.2824074074074074,13649
0.15926168018519554,0.6297184172751005,0.7174802060717116,0.616503692072488,0.8773044806840202,0.3603002502085071,0.06633906633906633,0.15264127764127766,13709
0.31142803657233314,0.6948984268207701,0.7933701827781809,0.6861388230272247,0.7337148248291214,0.23779816513761465,0.005050505050505051,0.08996212121212122,15218
0.4706897167575288,0.09814502102244904,0.23752397007475512,0.3456726744536127,0.5518324171611284,0.0,0.0,0.24019607843137253,17295
0.7515831037276318,0.3748002968969332,0.4723889337523417,0.444555553351897,0.6911120541096665,0.0,0.3282442748091603,0.1717557251908397,15795
0.7011965961823001,0.41074487257398257,0.2913862643166063,0.08657426011818581,0.42643946792633786,0.0,0.28205128205128205,0.20512820512820518,15938
0.07047441617323603,1.0,1.0,0.654814941178445,0.8927345956697368,0.4256880733944954,0.17070217917675545,0.2243744955609363,13408
0.40021530058429267,0.3748002968969332,0.4942016713779014,0.4832369105271139,0.8804918821563477,0.0,0.0,0.23516218081435475,14449
0.15926168018519554,1.0,1.0,0.7664377393833686,0.5553356514826076,0.21081397618582862,0.0,0.27642746913580246,16013
0.48190724079819425,0.47294531791938227,0.5584416186495089,0.4939808854884047,0.7105444991135959,0.16513761467889906,0.0,0.2563131313131313,16837
0.65773490691598,0.33461767998214015,0.45929768258178605,0.46459618787456125,0.5170234189375158,0.9908256880733944,0.16,0.21208333333333335,15201
0.7384364666917951,0.0,0.2385251349111206,0.47871465820207737,0.6823926889454288,0.0,1.0,0.1635928961748634,17265
0.8113763326650222,0.33461767998214015,0.29424762258545356,0.17247536659061602,0.6656181186124153,0.0,0.0,0.2094109195402299,17889
0.8121904385871737,0.09814502102244904,0.04730595085377287,0.00938659275590692,0.24806029457982387,0.7926605504587156,0.0,0.17803030303030304,15729
0.7680444155850216,0.09814502102244904,0.22109846892121565,0.316558856822446,0.4897024751079551,0.0,0.0,0.5255102040816326,17110
0.9096898873274686,0.1742722136142913,0.2514667234336594,0.27738779609821473,0.6823926889454288,0.0,0.0,0.3541666666666667,17968
0.5822511729518192,0.47294531791938227,0.4946768257583998,0.38095406379036056,0.7920185684109309,0.4246395806028833,0.0,0.14104166666666668,17180
0.0,0.1742722136142913,0.5151374658290291,0.7452668952484891,0.8156190578392761,0.0,0.8503937007874016,0.2117782152230971,13471
0.5822511729518192,0.3748002968969332,0.6131978541767276,0.6944734200000515,0.833411698882587,0.0,0.0,0.213768115942029,16081
0.9845879978286514,0.3748002968969332,0.6238833245392281,0.7134553357301483,0.6876719445742718,0.7621736062103035,0.5935828877005348,0.2747326203208556,14685
0.8113763326650222,0.2364726589596911,0.3954793870329345,0.46040954219397334,0.40480265177083524,0.5661861074705111,0.0,0.8523809523809522,16943
0.49244448492302473,0.8075629979015224,0.7718708056649248,0.5367223214366497,0.9566350689319638,0.4064925899788285,0.0288135593220339,0.12356403013182676,15719
0.9624512487522905,0.09814502102244904,0.3319056748307647,0.5131235630017768,0.3420843551263963,0.0,0.0,0.18421052631578944,14061
0.6154587313790155,0.525535045125296,0.48612607448331,0.31178711835731154,0.8867113543829481,0.0,0.3776595744680851,0.15263002364066192,18116
0.19095122637278455,0.41074487257398257,0.5004086800251124,0.4560845357022343,0.6911120541096665,0.1981651376146789,0.08208955223880597,0.257773631840796,13704
0.9035575094639885,0.41074487257398257,0.5151484193769529,0.4822231405924937,0.6805999911377467,0.3603002502085071,0.0,0.14583333333333331,16202
0.9101527672191922,0.0,0.43454193885949355,0.8270888312254225,0.6928091400730472,0.0,0.0,0.29545454545454547,17814
0.48190724079819425,0.525535045125296,0.5623517041303119,0.446790927060301,0.8734080002631148,0.0,0.07174887892376682,0.22384155455904337,15356
0.3614304305986457,0.44326069645145666,0.44118199422379223,0.3170660749035594,0.7323462102674929,0.33027522935779813,0.0,0.17737430167597767,13184
0.5629189010962606,0.7094179768790734,0.699454497708969,0.5050304556634151,0.6428871968049372,0.0,0.0,0.2699275362318841,15129
0.7924276445163021,0.09814502102244904,0.39082926052781186,0.6177682755227616,0.5553356514826076,1.0,0.0,0.13146551724137928,17531
0.6050788537625509,0.44326069645145666,0.6952032022742449,0.7677204858953823,0.7580117600808145,0.33027522935779813,0.0,0.12334536702767751,14844
0.9119920573628759,0.0,0.11725254714630862,0.2634952399178958,0.3311716185262597,0.0,0.5789473684210527,0.11622807017543857,15936
0.937077922052481,0.1742722136142913,0.5570755229513769,0.8198051444304504,0.6119879784981619,0.8492791612057666,0.0,0.21862139917695472,15614
0.15926168018519554,0.1742722136142913,0.4880764486950242,0.6971808354334255,0.6450691738548169,0.3963302752293578,0.0,0.2584876543209877,16379
0.7255556639620995,0.0,0.13240501759830314,0.29036433825054675,0.20974806203473212,0.0,0.0,0.3541666666666667,15374
0.5629189010962606,0.3748002968969332,0.47245258796376444,0.44466841105044597,0.6616814654583214,0.5404503753127605,0.10576923076923077,0.24238782051282054,13725
0.7396735629933312,0.09814502102244904,0.2474361343668685,0.3632464149757222,0.49925051030224016,0.0,0.0,0.2003968253968254,18262
0.5249839657950353,0.3748002968969332,0.5306506392105854,0.5479046891330279,0.6493597120291801,0.0,0.05042016806722689,0.10994397759103641,16190
0.6596988972658616,0.1742722136142913,0.2366212253709894,0.25111285385922577,0.3970088792749929,0.0,0.0,0.12351190476190482,16475
0.7282093230892159,0.1742722136142913,0.4133767616753161,0.5644995822342134,0.13233629309166428,0.0,0.0,0.6309523809523809,17941
0.9330728762674743,0.1742722136142913,0.38082815358800115,0.5067199126842199,0.5587757610180022,0.3963302752293578,0.28169014084507044,0.2177230046948357,15600
0.8169965871011756,0.0,0.1529497253900598,0.3268066145705091,0.0,0.0,0.0,1.0,16990
0.5940395063613914,0.09814502102244904,0.4856058164874606,0.78619169324018,0.7135992989041378,0.7926605504587156,0.0,0.07476359338061467,13517
0.4319048467718818,0.0,0.14020348219381185,0.3041958012777102,0.3311716185262597,0.9908256880733944,0.0,0.3541666666666667,15432
0.8921478225550847,0.2364726589596911,0.3184426926377628,0.3238647020866865,0.4897024751079551,0.33027522935779813,0.37777777777777777,0.16759259259259263,15266
0.3819024527455691,0.09814502102244904,0.3257700040593827,0.5022308236393795,0.6244709146416239,0.7926605504587156,0.10126582278481013,0.19883966244725743,16900
0.9142641328095809,0.0,0.22005190088569804,0.4459088967027778,0.46904223864579303,0.0,1.0,0.2824074074074074,17335
0.9119920573628759,0.2890623861656048,0.38543517255093374,0.38356769644083033,0.5253256362445706,0.4954128440366972,0.36363636363636365,0.38939393939393935,13019
0.5487223366205466,0.1742722136142913,0.30148264784526635,0.36598524241141117,0.47965168540649755,0.3963302752293578,0.0,0.0,14997
0.3819024527455691,0.0,0.24005779540449335,0.4814367174508083,0.46904223864579303,0.0,0.5588235294117647,0.16421568627450983,15634
0.5372580967164313,0.41074487257398257,0.4571992096262498,0.3795036013548909,0.5687391126992583,0.4954128440366972,0.0,0.25729166666666664,14738
0.21774435590795382,0.3748002968969332,0.6162200957936985,0.6998420203754168,0.9273458508267101,0.6605504587155963,0.7749140893470791,0.20768900343642616,16283
0.12047681019954858,0.2364726589596911,0.33489991702914423,0.353015447160381,0.46904223864579303,0.0,0.10638297872340426,0.5053191489361701,18154
0.5968657685777834,0.2364726589596911,0.40239907066612446,0.4726843070894464,0.4519334034235893,0.0,0.0,0.1970720720720721,17025
0.9310352058416196,0.09814502102244904,0.5865373355963965,0.9656440981646242,0.5553356514826076,0.7926605504587156,0.0,0.03125,16772
0.6746596366221932,0.41074487257398257,0.48002214323414893,0.4199443507945728,0.49925051030224016,0.0,0.0,0.6436781609195403,13748
0.45237686891880524,0.525535045125296,0.6247067852318304,0.5573889127365994,0.7151085629991754,0.2642201834862385,0.16055045871559634,0.2949159021406728,15365
0.49244448492302473,0.1742722136142913,0.21672632535181968,0.2159194977705532,0.7267714809722479,0.0,0.6792452830188679,0.05765199161425577,17608
0.39129994657903455,0.33461767998214015,0.5261005544470749,0.5831318105742656,0.6978117209535337,0.0,0.0,0.2357001972386587,16369
0.4706897167575288,0.09814502102244904,0.1713783557044033,0.22849865694191496,0.40480265177083524,0.4954128440366972,0.0,0.3283333333333333,17573
0.7942381952276248,0.1742722136142913,0.2955342398210916,0.35544290806376,0.27995441307322305,0.3963302752293578,0.0,0.2563131313131313,13070
0.9059417896034365,0.2364726589596911,0.3229139552677649,0.33178350004937607,0.46904223864579303,0.5661861074705111,0.16666666666666666,0.04662698412698413,14437
0.19095122637278455,0.7094179768790734,0.6278249230533004,0.3780822012502243,0.6805999911377467,0.22865208186309105,0.4044943820224719,0.5065543071161049,17402
0.0,0.500252522571941,0.7925851335101439,0.881573291166065,0.9113620321144416,0.1524347212420607,0.0,0.13222394220846234,13680
0.40869558228073843,0.0,0.23027465757209287,0.4640622378170003,0.6769632923482158,0.0,0.680327868852459,0.26946721311475413,15919
0.8821225413824869,0.0,0.1091473299441228,0.24912584503541746,0.2941031748346736,0.0,0.0,0.5694444444444444,16757
0.3253403633778068,0.3748002968969332,0.46814363640630363,0.43702903722019326,0.5901446497062202,0.2201834862385321,0.6521739130434783,0.39628623188405804,15561
0.8793852990382672,0.2890623861656048,0.3263125070372195,0.2788760441368887,0.6339010246229115,0.28309305373525556,0.7933884297520661,0.2314049586776859,17062
0.12047681019954858,1.0,1.0,0.7086248069273164,1.0000000000000002,0.35300672287635104,0.0579185520361991,0.21798642533936646,13089
0.6433280952915899,0.7855451694709157,0.5961371658408716,0.24710881467639667,0.7281804978012527,0.24020016680567138,0.23197492163009403,0.30355276907001044,16928
0.5911665269570773,0.2890623861656048,0.5463245928793117,0.669058456497992,0.6384469754290434,0.28309305373525556,0.0,0.1716485507246377,16120
0.6299513969427243,0.1742722136142913,0.37731522451989896,0.5004852840040985,0.6145507138055673,0.0,0.0,0.0,13233
0.9310352058416196,0.0,0.11729118543747252,0.2635637455393558,0.4744206482180607,0.0,0.0,0.15021929824561403,13909
0.6299513969427243,0.2890623861656048,0.3830229989507543,0.37929332546446815,0.463507911617924,0.6605504587155963,0.11627906976744186,0.18895348837209303,13405
0.9334775593294888,0.44326069645145666,0.5310721072867424,0.47632470332757704,0.5782082060219316,0.33027522935779813,0.0,0.25285947712418305,12986
0.4390001705699397,1.0,0.8720987903455957,0.4154475818071832,0.9790280085065513,0.28309305373525556,0.1302570093457944,0.1097157320872274,17377
0.41678128651688284,0.525535045125296,0.4924308789593832,0.32294328990242405,0.13233629309166428,0.4662709120345386,0.10344827586206896,0.4209770114942529,13094
0.9191605494620005,0.33461767998214015,0.36372092244709875,0.2952654479078243,0.5482636980460824,0.2477064220183486,0.0,0.17252604166666669,17726
0.8105583956420711,0.2364726589596911,0.47842136870996343,0.607619701383203,0.4331391347702052,0.7431192660550459,0.0,0.02465986394557823,14000
0.5449843152057794,0.1742722136142913,0.3611512987962331,0.47180210731879413,0.5812630058124735,0.0,0.0,0.0976027397260274,16071
0.7504282071422729,0.09814502102244904,0.40230161464476244,0.6381492427997844,0.5621549804512151,0.4954128440366972,0.0,0.3333333333333333,14847
0.7527303771776803,0.1742722136142913,0.5682383546071159,0.8396482161257546,0.7816960051208444,0.0,0.0,0.1968911917098446,15265
0.6596988972658616,0.0,0.2159886081549578,0.4386939518026949,0.40480265177083524,0.0,0.0,0.08506944444444448,15216
0.39129994657903455,0.2890623861656048,0.7372928094712952,1.0,0.4744206482180607,0.4954128440366972,0.0,0.21200209643605877,18139
0.8162047347219283,0.5917729095724684,0.5339223536416078,0.3292364852818568,0.7615804791958605,0.0,0.02247191011235955,0.18726591760299627,15235
0.887996907750116,0.2890623861656048,0.4143654970795363,0.43484918565377306,0.7151085629991754,0.0,0.18848167539267016,0.1479057591623037,18106
0.2797384903847442,0.0,0.16884634613951732,0.3550122986472031,0.37151494377774147,0.0,0.0,0.22500000000000003,14448
0.8832054813132819,0.2364726589596911,0.43660160821659444,0.5333750868723928,0.8540926774723998,0.0,0.12828947368421054,0.3584155701754386,15167
0.5728536791183538,0.33461767998214015,0.5804872950180215,0.6797105594441617,0.6040866752116578,0.7206005004170142,0.0,0.1867283950617284,17679
0.9115340563162666,0.09814502102244904,0.3415963993873141,0.5303292458614248,0.5901446497062202,0.0,0.0,0.17961711711711714,16254
0.6228560731446663,0.525535045125296,0.48988553240377986,0.31843911766816446,0.719566063067671,0.14154652686762778,0.2876712328767123,0.10644977168949771,17905
0.8656108629949778,0.09814502102244904,0.38457642618431787,0.6066607758374847,0.5842696965152536,0.4954128440366972,0.30434782608695654,0.3822463768115942,15303
0.9765740008820332,0.09814502102244904,0.7754302492170897,1.0,0.05492452414859644,0.7926605504587156,0.0,1.0,14028
0.9092257714399075,0.09814502102244904,0.2919418253416215,0.4421907305305992,0.4194961240694642,0.0,0.0,0.27343750000000006,15070
0.5206921107838413,1.0,1.0,0.9288170850378461,0.5654754278618694,0.28535779816513757,0.0,0.1586711711711712,16029
0.5206921107838413,0.0,0.36163565172780965,0.6974695832432478,0.49453617414304446,0.0,0.0,0.38492063492063494,13726
0.955469936960037,0.0,0.2886433690894912,0.5677459653279604,0.37151494377774147,0.0,0.0,0.17803030303030304,12745
0.6050788537625509,0.6797333554111478,0.790413232411574,0.6959867455726254,0.8540926774723998,0.31706422018348623,0.0,0.13511208576998052,15874
0.7384364666917951,0.6472175315336735,0.9447658834532608,1.0,0.8138347372463899,0.4128440366972477,0.18080357142857142,0.06008184523809523,13802
0.6322535669781317,0.09814502102244904,0.16702585885380006,0.22079535636025782,0.36219988105138007,0.4954128440366972,0.24,0.3283333333333333,18155
0.48190724079819425,0.0,0.1019519502162185,0.2363714187894046,0.3311716185262597,0.0,0.5625,0.27343750000000006,17022
0.7242134851179807,0.2364726589596911,0.4556890214930138,0.5672572551892912,0.5212196518919954,0.0,0.14285714285714285,0.1564625850340136,15133
0.45237686891880524,0.6797333554111478,0.5927935973258212,0.34549186579993374,0.8660511179207859,0.172317510969286,0.1468682505399568,0.15190784737221025,17287
0.7409019164917862,0.0,0.15200428678545608,0.32512932185070076,0.6170795045998114,0.0,0.0,0.2281504065040651,17660
0.3819024527455691,0.5490725105112246,0.5809657373200987,0.4557843518878606,0.7481555890646834,0.34970318402590395,0.0,0.3138020833333333,17659
0.5117767567785831,0.2890623861656048,0.0,0.0,0.5038512368694057,0.0,0.0,0.1962962962962963,17816
0.566293983776904,0.2890623861656048,0.476568523228162,0.5451993228377405,0.5901446497062202,0.28309305373525556,0.0,0.38965201465201466,14631
0.8607656350622969,0.09814502102244904,0.21947850960640958,0.313688065579663,0.4331391347702052,0.0,0.0,0.2873563218390805,17995
0.37196767472347614,0.09814502102244904,0.25864182734328667,0.3831174593633244,0.5553356514826076,0.0,0.0,0.3872863247863248,16343
0.6933304893179024,0.09814502102244904,0.39756987753937945,0.6297429394498977,0.43961164999444796,0.0,0.0,0.3138020833333333,14973
0.8493432656277181,0.0,0.11835055010806395,0.26544201698437164,0.27995441307322305,0.0,0.35714285714285715,0.3541666666666667,15445
0.0,0.6472175315336735,0.7732199830988906,0.6979360402011587,0.8903480531724788,0.18872870249017035,0.059782608695652176,0.17866847826086957,14422
0.9589956419578061,0.938708098287135,0.8365278551399475,0.5234736436283851,1.0000000000000002,0.2935779816513761,0.09417040358744394,0.2157324364723468,17448
0.26142564254602063,0.6297184172751005,0.6044434142008448,0.41600651867241356,0.7364229683033221,0.0,0.47875354107648727,0.3486779981114259,18077
0.9724240390865344,0.0,0.20171173344239213,0.4133460179093029,0.41229070616488733,0.0,0.0,0.17333333333333334,15126
0.9092257714399075,0.0,0.19769595718151756,0.4062169677817131,0.44587191293026723,0.0,0.0,0.20833333333333331,17643
0.8911193503435202,0.1742722136142913,0.44023831298398597,0.6122000798734664,0.20974806203473212,0.0,0.0,0.17803030303030304,15649
0.7538701274690452,0.09814502102244904,0.20071909034065327,0.2804514609773472,0.3311716185262597,0.0,0.0,0.44642857142857145,13754
0.24095362039909712,0.09814502102244904,0.2907043898955881,0.4399949998127102,0.6514693568509644,0.0,0.0,0.13010204081632648,13780
0.21774435590795382,0.3748002968969332,0.44023171201622646,0.38756018596982433,0.9108234678256546,0.0,0.39655172413793105,0.15095186781609193,14583
0.5071415141747299,0.525535045125296,0.6130380708836207,0.5366836969227053,0.49453617414304446,0.2642201834862385,0.0,0.3022030651340996,17930
0.12047681019954858,0.8570929921998565,0.7575947357686503,0.46294385251919445,0.7506677425957238,0.554862385321101,0.0681265206812652,0.17345904298459042,13267
0.9631342016805533,0.1742722136142913,0.6950193407332108,1.0,0.40480265177083524,0.6605504587155963,0.0,0.1388888888888889,13734
0.9289733631982546,0.09814502102244904,0.33147731288672144,0.5123630601340434,0.5782082060219316,0.0,0.4594594594594595,0.16216216216216217,14839
0.41678128651688284,0.2364726589596911,0.535403545696147,0.7088350719417398,0.8268275666345437,0.9908256880733944,0.4057142857142857,0.2582142857142857,14903
0.49244448492302473,0.500252522571941,0.5665440583618802,0.48015479115204607,0.5719479430861123,0.28309305373525556,0.05,0.19916666666666666,13824
0.9910919003738667,0.0,0.36999123631717157,0.7123227813191684,0.36219988105138007,0.6605504587155963,0.0,0.5921052631578947,17622
0.8371171201563901,0.0,0.39431623155149365,0.755567117000552,0.5687391126992583,0.6605504587155963,0.0,0.3326388888888889,14619
0.6557484704762346,0.0,0.40788958099644246,0.7796994347005244,0.6195752383575654,0.6605504587155963,0.0,0.2685742971887551,15322
0.07047441617323603,0.5710903389418314,0.634865879567901,0.5290170240936642,0.7443242715898262,0.2331354560172693,0.0,0.0641509433962264,14191
0.566293983776904,0.3748002968969332,0.36018895390563643,0.24589343678000208,0.5654754278618694,0.2201834862385321,0.6666666666666666,0.420405982905983,16593
0.5071415141747299,0.0,0.2983366629203805,0.5849695686801013,0.4847432115081472,1.0,0.0,0.12812500000000004,16602
0.39129994657903455,0.2890623861656048,0.4155190191478473,0.43689451481672936,0.7390932344013892,0.28309305373525556,0.0,0.26455342902711326,14657
0.3819024527455691,0.44326069645145666,0.5169381467582772,0.4512627965560052,0.5901446497062202,0.0,0.09655172413793103,0.0646551724137931,14790
0.7648745168458279,0.09814502102244904,0.3170104107598861,0.486681229859091,0.4744206482180607,0.0,0.3181818181818182,0.23674242424242425,14803
0.6596988972658616,0.0,0.2450256396987045,0.4902600647608091,0.6315868033939045,0.0,0.0,0.22222222222222215,17433
0.9106144176808055,0.0,0.1653950329797309,0.34888799402125037,0.6315868033939045,0.0,0.0,0.08381782945736438,15989
0.7801757074654102,0.0,0.0,0.0,0.16176688174300935,0.0,0.0,0.5694444444444444,17446
0.48725570269011875,0.0,0.31508743681076123,0.6147360883182407,0.46904223864579303,0.0,0.0,0.4301470588235295,14929
0.8154092582917095,0.2890623861656048,0.33680460040056603,0.29744276567239214,0.7377627696877789,0.0,0.0,0.14923878205128205,17604
0.6050788537625509,0.1742722136142913,0.35837638084888734,0.46687865679851237,0.5409196805609917,0.8492791612057666,0.41818181818181815,0.17803030303030304,15706
0.8113763326650222,0.33461767998214015,0.4777335675127161,0.49729693263491503,0.7730162871198212,0.0,0.0,0.18652482269503545,14988
0.2797384903847442,0.2364726589596911,0.4362005249552887,0.5326632117654608,0.6823926889454288,0.0,0.22727272727272727,0.29545454545454547,15172
0.07047441617323603,0.2364726589596911,0.431390353012421,0.524126029673035,0.7795627883607901,0.33027522935779813,0.0,0.42836879432624114,14719
0.9910919003738667,0.0,0.19988091966038146,0.4100958025029282,0.42643946792633786,0.0,0.0,0.21577380952380948,18134
0.65773490691598,0.2364726589596911,0.5288174799623153,0.6971338896885015,0.46904223864579303,0.0,0.0,0.425925925925926,18173
0.41678128651688284,0.736725181531632,0.4557436053421815,0.047539927284498074,0.7417266680668597,0.38354542764131394,0.0,0.15234375,17888
0.94482135384183,0.33461767998214015,0.4075754685553803,0.3729144942075644,0.5170234189375158,0.4403669724770642,0.2,0.28958333333333336,15141
0.39129994657903455,0.1742722136142913,0.39629830835628477,0.5341793038486111,0.5332818255207508,0.6605504587155963,0.0,0.25000000000000006,14297
0.8162047347219283,0.5490725105112246,0.8137746531463315,0.869161839755241,0.8358233635444103,0.34970318402590395,0.08312958435207823,0.12520374898125508,13952
0.15926168018519554,0.2890623861656048,0.45077393248160735,0.499425706517703,0.6244709146416239,0.0,0.0,0.18927304964539005,16620
0.49244448492302473,0.44326069645145666,0.8548218725720285,1.0,0.92334736093887,0.4573041637261821,0.7925373134328358,0.18644278606965176,17107
0.9330728762674743,0.0,0.23727365458807625,0.47649201553349485,0.4519334034235893,0.0,0.0,0.5833333333333333,15080
0.9848889698460495,0.0,0.06256277080915018,0.16658677936085375,0.4331391347702052,0.0,0.0,0.11428571428571427,16487
0.3819024527455691,0.663862683062538,0.7282316363064483,0.6014094706824566,0.851166629184239,0.780650542118432,0.0,0.09982817869415805,16670
0.9277244143755496,0.09814502102244904,0.3715838414157091,0.583582826679637,0.8138347372463899,0.0,0.0,0.24789029535864976,16521
0.6673401847510195,0.3748002968969332,0.39587388083467756,0.3090113140138957,0.3311716185262597,0.2201834862385321,0.18518518518518517,0.521604938271605,15400
0.8055682549126341,0.0,0.16703076383859639,0.3517905358873743,0.40480265177083524,0.0,0.0,0.1216666666666667,17245
0.6710384369637787,0.5917729095724684,0.4881247095752823,0.248248956629195,0.6576619293362349,0.4718217562254259,0.06569343065693431,0.2457420924574209,17460
0.37196767472347614,0.3748002968969332,0.47920084216925707,0.45663371202992686,0.6751186314881541,0.6605504587155963,0.20689655172413793,0.2762212643678161,15253
0.8607656350622969,0.0,0.09990978376449311,0.23275184991857234,0.2941031748346736,0.6605504587155963,0.0,0.4038461538461538,14483
0.7346714538495932,0.09814502102244904,0.28946102968007636,0.4377887968017242,0.5719479430861123,0.0,0.0,0.1832107843137255,16447
0.566293983776904,0.2890623861656048,0.5573099070462642,0.6885721237218241,0.5127328807631524,0.28309305373525556,0.21739130434782608,0.18568840579710144,14306
0.6050788537625509,0.1742722136142913,0.4416793035539732,0.6147593520666197,0.42643946792633786,0.6605504587155963,0.3333333333333333,0.31111111111111117,13587
0.8321201473561745,0.33461767998214015,0.3519779192608894,0.27448955233494843,0.669475237954164,0.2477064220183486,0.0,0.15682870370370372,17362
0.9350869346852859,0.0,0.13614848040178007,0.29700356169385045,0.46904223864579303,0.0,1.0,0.16964285714285715,15196
0.9087604129380458,0.7855451694709157,1.0,1.0,0.4897024751079551,0.33971166448230666,0.0,0.32648809523809524,16754
0.9247748185576132,0.0,0.37870694328494015,0.7278167851104356,0.6145507138055673,0.0,0.0,0.25944444444444453,18060
0.9151647114907653,0.09814502102244904,0.31118862348934906,0.4763476495741106,0.5038512368694057,0.0,0.0,0.4103260869565217,17683
0.07047441617323603,0.7094179768790734,0.6522253511872695,0.4213045600899852,0.8879313004747902,0.4623853211009174,0.058902275769745646,0.3083444890673806,16393
0.6129212951225733,0.44326069645145666,0.6796778886573849,0.7401358007460623,0.2298635879597159,0.6605504587155963,0.0,0.3541666666666667,15299
0.24095362039909712,0.7496005937938663,0.7693636658237981,0.5893124350679886,1.0000000000000002,0.14154652686762778,0.7537537537537538,0.03512887887887889,15547
0.7445357344881941,0.2890623861656048,0.4339303033002482,0.46954568547610465,0.63618752996107,0.9007506255212676,0.0,0.4007731958762886,12947
0.9260450651121828,0.500252522571941,0.6557336147570838,0.6384294097027381,0.7806323761093319,0.0,0.4852941176470588,0.10248161764705888,14249
0.8821225413824869,0.3748002968969332,0.6830890485981651,0.818658205316916,0.8519023561593353,0.6605504587155963,0.0653950953678474,0.3946412352406902,13615
0.3614304305986457,0.0,0.2316196049791326,0.46645071071245137,0.6315868033939045,0.0,0.0,0.08381782945736438,17458
0.65773490691598,0.6112729558566243,0.7077992611971047,0.6178610595269547,0.745609939167265,0.11009174311926605,0.09295774647887324,0.14859154929577462,16745
0.49244448492302473,0.0,0.10698015475696643,0.24528414431658985,0.24806029457982387,0.0,0.6,0.22500000000000003,14039
0.8607656350622969,0.09814502102244904,0.2200372209936412,0.31467816769751145,0.0,0.0,0.3333333333333333,0.5694444444444444,17923
0.9366815449214769,0.09814502102244904,0.40969540291994955,0.6512855310993433,0.5782082060219316,0.7926605504587156,0.2625,0.14427083333333335,14909
0.45237686891880524,0.0,0.23795371240978658,0.47769980219154506,0.7089985723369723,0.0,0.0,0.3030575539568346,16936
0.15926168018519554,0.663862683062538,0.5289603967972407,0.2483695008629574,0.8830040356873883,0.25847626645392896,0.0,0.23645320197044334,17884
0.4319048467718818,0.3748002968969332,0.5090316908444286,0.5095439035968938,0.6170795045998114,0.6605504587155963,0.06140350877192982,0.41081871345029247,15489
0.12047681019954858,0.736725181531632,0.709573625293529,0.4959529006247505,0.671374964212994,0.07621736062103035,0.058577405857740586,0.005578800557880015,14282
0.0,0.8661910762347915,0.7919507709023139,0.5149839890290309,0.8138347372463899,0.23591087811271294,0.10602910602910603,0.5730249480249481,13102
0.7878169949505681,0.09814502102244904,0.3778994903721522,0.5948005890103536,0.6220387681996193,0.0,0.0,0.09104938271604934,13395
0.19095122637278455,0.0,0.2375473153715597,0.4769780376973263,0.4194961240694642,0.0,0.0,0.4925595238095238,16811
0.3819024527455691,0.525535045125296,0.8166013097738292,0.8982607864194834,1.0000000000000002,0.5504587155963303,0.0,0.33651429469054356,14049
0.7228608611972914,0.1742722136142913,0.3849743026244068,0.5140787428916735,0.5587757610180022,0.0,0.0,0.395042194092827,13402
0.2963044763173342,0.5917729095724684,0.5370633550860295,0.3347952926035289,0.7239218621942243,0.11656772800863464,0.0,0.27187902187902196,16775
0.9129044547158507,0.0,0.14320632307012215,0.3095221726662052,0.6145507138055673,0.0,0.0,0.5953815261044177,18047
0.5487223366205466,0.09814502102244904,0.3681628191121584,0.5775067391261024,0.49453617414304446,0.7926605504587156,0.0,0.4292635658914729,17423
0.566293983776904,0.0,0.3752844990614925,0.7217325942229174,0.5482636980460824,0.0,0.0,0.1802884615384615,14261
0.3614304305986457,0.0,0.2212881118424852,0.4481040263636029,0.4519334034235893,0.0,0.0,0.2563131313131313,16616
0.12047681019954858,0.1742722136142913,0.19546356785518437,0.17833235302548966,0.41229070616488733,0.8492791612057666,0.5,0.31111111111111117,14910
0.12047681019954858,0.2364726589596911,0.4161526887121507,0.4970857524374208,0.42643946792633786,0.0,0.0,0.2988095238095238,16569
0.5940395063613914,0.3748002968969332,0.7200573765385143,0.8843675438347285,0.8350228553956656,1.0,0.13293051359516617,0.16880664652567973,14175
0.40021530058429267,0.8477456148163154,0.8544963126439464,0.6440011523829365,0.9059067777378469,0.5059535428459886,0.23660714285714285,0.1220703125,15044
0.3819024527455691,0.6948984268207701,0.7318239359835799,0.5768708212654521,0.7417266680668597,0.3048694424841214,0.0,0.24481922398589068,16722
0.7915152471633273,0.2890623861656048,0.3476896419089379,0.3167107821622184,0.6244709146416239,0.0,0.0,0.2699275362318841,15508
0.07047441617323603,0.663862683062538,0.7306010108418286,0.6056152829433459,0.3888833588003309,0.25847626645392896,0.0,0.8866959064327484,16672
0.15926168018519554,0.9796962833032292,0.9824721657612532,0.7427820113710499,0.9268505952603492,0.20499841822208162,0.06170598911070781,0.11271173623714464,15856
0.4245075050062308,0.09814502102244904,0.1626475799064897,0.21304741324665155,0.3970088792749929,0.0,0.0,0.3260869565217392,13962
0.4706897167575288,0.2364726589596911,0.4326848061790054,0.52642339400065,0.5958442047095882,0.5661861074705111,0.28865979381443296,0.1877147766323024,15289
0.6050788537625509,0.44326069645145666,0.5071151360546851,0.4338489538074102,0.8293233003922975,0.33027522935779813,0.18055555555555555,0.21423611111111113,17921
0.9474520615234332,0.1742722136142913,0.4703318067430886,0.6656547838632085,0.6406799940281567,0.0,0.9758064516129032,0.20833333333333331,16290
0.5372580967164313,0.500252522571941,0.5544896282983243,0.4587803053353581,0.6805999911377467,0.0,0.04929577464788732,0.2541079812206573,13538
0.46479724410345,0.5710903389418314,0.6145330213198876,0.4929507215916935,0.8591077740639124,0.1238532110091743,0.0,0.16054661301140177,17191
0.19095122637278455,0.3748002968969332,0.5898934249681813,0.6530813309721921,0.47965168540649755,0.2201834862385321,0.313953488372093,0.2189922480620155,17173
0.31142803657233314,0.525535045125296,0.6582886429674004,0.616995918247295,0.8138347372463899,0.2642201834862385,0.0,0.27485380116959063,16992
0.7721829753077689,0.47294531791938227,0.5761715968781334,0.525432366508878,0.4897024751079551,0.4246395806028833,0.0,0.1388888888888889,13929
0.4458171735773554,0.0,0.16644614448658346,0.3507531431843349,0.2941031748346736,0.0,0.0,0.20512820512820518,15458
0.6228560731446663,0.500252522571941,0.486620957539035,0.3385412473405158,0.5482636980460824,0.3963302752293578,0.02857142857142857,0.1388888888888889,13092
0.15926168018519554,0.09814502102244904,0.32486430689417456,0.5006229961386308,0.7774054669464809,0.0,0.0,0.21699852507374634,15907
0.9124488547259779,0.09814502102244904,0.3216069744224479,0.4948406069795863,0.5872297699760067,0.0,0.0,0.14978902953586498,17167
0.9467044849016444,0.0,0.0,0.0,0.20974806203473212,0.0,0.0,0.19270833333333331,15779
0.21774435590795382,0.3748002968969332,0.3071569816503066,0.15224588871186873,0.6406799940281567,0.3963302752293578,0.7154471544715447,0.2334010840108401,17114
0.4245075050062308,0.3748002968969332,0.4953738244623678,0.48531595863015964,0.6472264952691258,0.5404503753127605,0.2868217054263566,0.6996124031007753,16042
0.458697976307051,0.663862683062538,0.5343600191627877,0.2579105808515858,0.7910110678472058,0.0,0.4503311258278146,0.15742273730684325,17790
0.5852740543029985,0.47294531791938227,0.6446028633187,0.6468984859083808,0.8156190578392761,0.3048694424841214,0.11827956989247312,0.37500000000000006,15367
0.5968657685777834,0.2890623861656048,0.7178621330306993,0.9739327145086651,0.8747156828670155,0.0,0.3128491620111732,0.3108705772811918,13373
0.9306247893661157,0.1742722136142913,0.3453399135258304,0.4437513315259467,0.5518324171611284,0.0,0.0,0.08409090909090905,16130
0.40021530058429267,0.0,0.27709027941577524,0.5472194192679205,0.5332818255207508,0.9908256880733944,0.0,0.288265306122449,13430
0.5696047752429739,0.2890623861656048,0.45284233695207243,0.503095537802347,0.6893997474412297,0.28309305373525556,0.0,0.172008547008547,15220
0.07047441617323603,0.6472175315336735,0.692988701328999,0.555498256926964,0.8481950374637754,0.4128440366972477,0.20048899755501223,0.1852078239608802,13394
0.9668432158695162,0.1742722136142913,0.16950079202020607,0.13247773516018513,0.20974806203473212,0.6605504587155963,0.0,0.06060606060606061,16544
0.5852740543029985,0.33461767998214015,0.3048040455067482,0.19111245817316425,0.5293451723666571,0.2477064220183486,0.0,0.12094907407407407,14976
0.6980927405475145,0.41074487257398257,0.3639615482696503,0.21455521224561824,0.463507911617924,0.4954128440366972,0.38095238095238093,0.10813492063492064,14460
0.15926168018519554,0.6297184172751005,0.595849081689706,0.4007800565679376,0.8436490866576436,0.0,0.36942675159235666,0.4953998584571833,17218
0.9133588635932801,0.0,0.1609313983212497,0.34096780371915725,0.0,0.6605504587155963,0.0,1.0,14926
0.8371171201563901,0.1742722136142913,0.3504020418423486,0.45273121901943547,0.5170234189375158,0.3963302752293578,0.0,0.11356209150326796,16623
0.9756250742486905,0.09814502102244904,0.028839461940103783,0.0,0.2298635879597159,0.9908256880733944,0.0,0.4128787878787879,15684
0.40021530058429267,0.2890623861656048,0.4458051941041854,0.4906104906964106,0.6315868033939045,0.0,0.0,0.4638364779874214,14447
0.954756131863923,0.0,0.16821391645676065,0.3538900383376802,0.6040866752116578,0.0,0.0,0.4275568181818182,14736
0.07047441617323603,0.2364726589596911,0.3267695064298701,0.33861255579973326,0.8259883524755203,0.0,0.14979757085020243,0.2103576248313091,16442
0.3253403633778068,0.2364726589596911,0.543363838546312,0.7229785869474594,0.5587757610180022,0.0,0.0,0.5079365079365079,12906
0.40021530058429267,0.9003353420222291,0.8168806344869759,0.5259262491315626,0.6040866752116578,0.1761467889908257,0.13070539419087138,0.20945712309820191,15738
0.31142803657233314,0.1742722136142913,0.395483603210403,0.532733072383111,0.5482636980460824,0.3963302752293578,0.0,0.3243589743589744,14480
0.9824664735361119,0.0,0.05275751488227687,0.14922559401790703,0.3072753569027837,0.0,0.0,0.3541666666666667,17184
0.529172392480287,0.2364726589596911,0.27728625566458054,0.25102031724992213,0.3420843551263963,0.0,0.37037037037037035,0.2345679012345679,13524
0.9277244143755496,0.0,0.19054907390070142,0.3935302683493531,0.3420843551263963,0.0,0.0,0.46813725490196084,13374
0.3253403633778068,0.3748002968969332,0.426017817067615,0.36238051379245806,0.7390932344013892,0.0,0.30177514792899407,0.22041420118343197,15987
0.6252535083491437,0.5710903389418314,0.6648380984529412,0.5822024308955089,0.8667317636105727,0.4954128440366972,0.0,0.1375,13901
0.5487223366205466,0.09814502102244904,0.28762182766775335,0.43452541493357466,0.6514693568509644,0.0,0.0,0.271039603960396,16023
0.9035575094639885,0.1742722136142913,0.23811003440302692,0.25374737497990485,0.3970088792749929,0.3963302752293578,0.3333333333333333,0.24652777777777785,13948
0.718738660954684,0.0,0.20697842653322862,0.4226962963484273,0.42643946792633786,0.0,0.14285714285714285,0.6309523809523809,14331
0.9467044849016444,0.0,0.2095345556472834,0.42723455684854206,0.3970088792749929,0.0,0.7916666666666666,0.24652777777777785,14058
0.26142564254602063,0.33461767998214015,0.6169871535730755,0.7445542045442513,0.6859283624673551,0.2477064220183486,0.0,0.3069105691056911,13297
0.6389825865381525,0.0,0.2619981291776057,0.5204078596240038,0.42643946792633786,0.0,0.0,0.12351190476190482,16715
0.9119920573628759,0.09814502102244904,0.330491261962216,0.5106124652452562,0.4744206482180607,0.4954128440366972,0.0,0.1970720720720721,16138
0.8177848483008314,0.0,0.443843980347411,0.8436294289455755,0.6841687102527929,1.0,0.0,0.29436728395061734,14245
0.6252535083491437,0.44326069645145666,0.41999898885336306,0.27959045445863584,0.16176688174300935,0.18015012510425354,0.07692307692307693,0.7019230769230771,14609
0.0,1.0,0.7505665860671089,0.30751700612187793,0.915616713229112,0.13211009174311925,0.11933174224343675,0.48415539644656597,17757
0.8299338129109372,0.09814502102244904,0.2680436936292212,0.3997928368187311,0.6994505371426873,0.0,0.9682539682539683,0.17989417989417988,13474
0.3819024527455691,0.09814502102244904,0.3712455691204697,0.5829820113571333,0.05492452414859644,0.0,0.0,0.48333333333333334,17500
0.807247604176001,0.1742722136142913,0.37976679680827585,0.5048362205121235,0.5371389448624995,0.0,0.0,0.12351190476190482,13976
0.599646808653523,0.41074487257398257,0.5340343378133809,0.5157240906420526,0.7899982224278992,0.3603002502085071,1.0,0.15930316091954022,16104
0.6673401847510195,0.09814502102244904,0.346013563098891,0.5381724594267714,0.5409196805609917,0.4954128440366972,0.3,0.07430555555555557,14223
0.19095122637278455,0.6112729558566243,0.6534392689799624,0.5213916062243165,0.7295791920699686,0.3774574049803407,0.06020066889632107,0.11008918617614272,15628
0.8570409647476336,0.9984803630446784,1.0,0.8925821450247216,0.801811531045828,0.7431192660550459,0.13789778206364514,0.44945355191256825,13093
0.7371905022407321,0.500252522571941,0.5969520360416947,0.5340931914064544,0.7838056499426287,0.4954128440366972,0.06465517241379311,0.13146551724137928,13037
0.8564123517781125,0.2364726589596911,0.5632737897128199,0.7583573657094531,0.5812630058124735,0.33027522935779813,0.15714285714285714,0.575595238095238,15057
0.9049919987338879,0.1742722136142913,0.4061625346362059,0.5516910305562999,0.7580117600808145,0.0,0.2780487804878049,0.3132113821138212,16727
0.8931702448951175,0.09814502102244904,0.3966128408582743,0.6280427283623482,0.4519334034235893,0.0,0.0,0.3345959595959596,16282
0.9064147458044252,0.09814502102244904,0.1902901288808283,0.26198062952028844,0.40480265177083524,0.4954128440366972,0.0,0.1216666666666667,13807
0.6252535083491437,0.2890623861656048,0.3565126068968951,0.33233284149102804,0.5293451723666571,0.0,0.0,0.2584876543209877,14947
0.6673401847510195,0.3748002968969332,0.5074939666901517,0.5068158377736871,0.669475237954164,0.2201834862385321,0.17796610169491525,0.05861581920903952,14414
0.9030767033576177,0.3748002968969332,0.5206402673257526,0.5301406964528357,0.6787903006805251,0.7621736062103035,0.0,0.6142939814814814,16499
0.40021530058429267,0.1742722136142913,0.3757203276396128,0.4976548146838644,0.5986314208350632,0.0,0.2,0.1765625,17664
0.24095362039909712,0.09814502102244904,0.4652557289132271,0.7500198359269996,0.6596822753192666,0.0,0.6666666666666666,0.2203453453453454,14250
0.9425343301004165,0.0,0.38408795638344184,0.737382981193103,0.5812630058124735,0.0,0.5774647887323944,0.18133802816901412,17132
1.0,0.0,0.18623767855800755,0.3858775113121964,0.3072753569027837,0.0,0.0,0.31111111111111117,17662
0.9256226802223777,0.1742722136142913,0.38903139132122155,0.5212798974973207,0.6170795045998114,0.0,0.0,0.3621399176954733,15064
0.6833957112958092,0.41074487257398257,0.5309301630088517,0.5102170119303546,0.6339010246229115,0.8669724770642201,0.0,0.3166666666666667,15596
0.8788326394419054,0.1742722136142913,0.37932056428771066,0.5040442568306889,0.3524069184164829,0.6605504587155963,0.21875,0.11197916666666669,17239
0.26142564254602063,0.7855451694709157,0.6623967487007392,0.36429492914009654,0.7838056499426287,0.06605504587155962,0.13411764705882354,0.24019607843137253,16011
0.26142564254602063,0.2890623861656048,0.4892059615969748,0.5676309528855465,0.7543750612912838,0.4954128440366972,0.0,0.21918542336548769,12856
0.07047441617323603,0.2890623861656048,0.45889083883737225,0.5138276516471159,0.6514693568509644,0.9007506255212676,0.0,0.23824786324786323,13924
0.8486861332887645,0.0,0.08818286247408968,0.2119699402734343,0.20974806203473212,0.0,0.0,0.712962962962963,16427
0.9133588635932801,0.1742722136142913,0.38064228890993057,0.5063900387519527,0.5587757610180022,0.0,0.0,0.13322368421052633,17713
0.45237686891880524,0.09814502102244904,0.35403114042370554,0.5524096150552933,0.5446269992565518,0.7926605504587156,0.0,0.2775423728813559,14902
0.7878169949505681,0.09814502102244904,0.030793038742344958,0.0,0.09752729486805156,0.0,0.6,0.48333333333333334,17026
0.8269752513238847,0.3748002968969332,0.5835278037837761,0.6417767039039501,0.7506677425957238,0.2201834862385321,0.09137055837563451,0.16730118443316416,14770
0.9182804903837698,0.0,0.23812333223096083,0.47800104925696685,0.40480265177083524,0.6605504587155963,0.0,0.38000000000000006,15842
0.26142564254602063,0.6472175315336735,0.6596373849652857,0.4963344967179435,0.7627553808345569,0.4128440366972477,0.0,0.2679001203369435,14732
0.4245075050062308,0.8282455685321597,0.7396558550837331,0.4593322627376084,0.8301480140451982,0.11323722149410222,0.09282700421940929,0.19611462728551338,16945
0.7638049054911383,0.0,0.0,0.0,0.319597110331925,0.6605504587155963,0.0,0.22500000000000003,16498
0.07047441617323603,0.5490725105112246,0.7121680039477936,0.6886234699961005,0.9570588669167963,0.4403669724770642,0.0088008800880088,0.10762742940960762,17602
0.717342578777332,0.2364726589596911,0.46762728290302236,0.5884529517350519,0.9081076195586297,0.0,0.47489539748953974,0.13528591352859132,16788
0.8619896633365633,0.0,0.1441871429159931,0.3112619867793216,0.4194961240694642,0.0,0.0,0.09104938271604934,15709
0.9209074113681339,0.09814502102244904,0.4362893559398173,0.6985401214069982,0.6244709146416239,0.7926605504587156,0.0,0.25000000000000006,13154
0.3614304305986457,0.3748002968969332,0.37911625276929906,0.2793621588682942,0.5751037325186668,0.6605504587155963,0.0,0.19953051643192488,15737
0.3819024527455691,0.09814502102244904,0.31196041981105793,0.4777175303341541,0.42643946792633786,0.4954128440366972,0.0,0.3541666666666667,16164
0.12047681019954858,0.8477456148163154,0.8155469185228461,0.5748641183424983,0.9397912176714827,0.5059535428459886,0.29894179894179895,0.13034611992945327,13668
0.5449843152057794,0.5710903389418314,0.8007667392063165,0.8236328412303533,0.8474448560908396,0.1238532110091743,0.06686046511627906,0.3616763565891474,16258
0.6154587313790155,0.33461767998214015,0.49556899639942475,0.5289418413598237,0.5409196805609917,0.8256880733944953,0.0,0.43750000000000006,14644
0.6299513969427243,0.1742722136142913,0.20676543771390854,0.19830766964753832,0.5409196805609917,0.0,0.0,0.20512820512820518,15958
0.4319048467718818,0.1742722136142913,0.31076687524515334,0.3824422529253373,0.6944912735428794,0.3963302752293578,0.0,0.2168635170603675,16869
0.8291988803292089,0.09814502102244904,1.0,1.0,0.13233629309166428,0.4954128440366972,0.0,0.22500000000000003,15749
0.8169965871011756,0.0,0.2575899292963386,0.5125772419830901,0.47965168540649755,0.0,0.0,0.32017543859649117,13731
0.5728536791183538,0.09814502102244904,0.1819758580900661,0.24725868478327784,0.5332818255207508,0.0,0.3137254901960784,0.7214052287581698,17785
0.6389825865381525,0.2890623861656048,0.5799220601677608,0.7287447535020894,0.7120780086736189,0.28309305373525556,0.0,0.6541994750656168,17311
0.37196767472347614,0.3748002968969332,0.42775285746226044,0.3654536460503526,0.09752729486805156,0.2201834862385321,0.2,0.31111111111111117,14987
0.9073568147590225,0.44326069645145666,0.613778986707264,0.6230914783550985,0.6170795045998114,0.7431192660550459,0.1746031746031746,0.3336640211640212,16858
0.31142803657233314,0.2890623861656048,0.49036784476553774,0.5696934944123881,0.6268724672347086,0.0,0.0,0.2657894736842105,14597
0.8771640381794457,0.2890623861656048,0.16845741768642908,0.0004938731787140771,0.5332818255207508,0.28309305373525556,0.0,0.1388888888888889,17912
0.3253403633778068,0.6297184172751005,0.6865386566135596,0.5615854328867014,0.7730162871198212,0.1981651376146789,0.12302839116719243,0.31545741324921145,15514
0.4390001705699397,0.2890623861656048,0.5023518416296007,0.5909688528417796,0.8268275666345437,0.0,0.22727272727272727,0.2660984848484849,13614
0.8105583956420711,0.1742722136142913,0.36863384971302726,0.4850791898110245,0.41229070616488733,0.6605504587155963,0.0,0.11622807017543857,18218
0.497482846292698,0.2890623861656048,0.5046214215359299,0.5949984119554654,0.6823926889454288,0.28309305373525556,0.3533834586466165,0.41729323308270677,16676
0.9860876731945265,0.09814502102244904,0.432769631937842,0.6922854382705834,0.6406799940281567,0.0,0.0,0.33377192982456144,17028
0.0,0.47294531791938227,0.5317941799980888,0.4467289327441615,0.810215275031039,0.4246395806028833,0.0,0.013636363636363613,13077
0.7721829753077689,0.3748002968969332,0.637134373492481,0.7369971684708743,0.7795627883607901,0.2201834862385321,0.03802281368821293,0.33697718631178714,15379
0.8030184102109524,0.2890623861656048,0.5232616221930364,0.6280973127115219,0.24806029457982387,0.7926605504587156,0.25,0.3541666666666667,14195
0.9289733631982546,0.0,0.033867837821293656,0.11579285571578368,0.26467258618332856,0.0,0.6363636363636364,0.17803030303030304,16691
0.9648299350978298,0.0,0.24674930041797283,0.49332154292357644,0.5332818255207508,0.0,0.0,0.20151515151515154,17773
0.7469167483882408,0.47294531791938227,0.5139226692329584,0.4150525090381174,0.7910110678472058,0.0,0.6678321678321678,0.20061188811188807,15716
0.07047441617323603,0.6297184172751005,0.8386552594980365,0.8317505604278157,0.5083437009364926,0.1981651376146789,0.0,0.22500000000000003,18092
0.5852740543029985,0.33461767998214015,0.36799791621077693,0.30283420433789754,0.36219988105138007,0.0,0.32142857142857145,0.3541666666666667,16430
0.5449843152057794,0.6297184172751005,0.6204427266265162,0.44436009513840324,0.7879562680566636,0.1981651376146789,0.17735849056603772,0.14213836477987418,14341
0.39129994657903455,0.2364726589596911,0.3746020203264906,0.42338422881836957,0.4519334034235893,0.5661861074705111,0.0,0.2926587301587302,13499
0.7762252806757832,0.41074487257398257,0.4831404822186274,0.42547141312845294,0.812936284229411,0.1981651376146789,0.0,0.2407760814249364,17897
0.0,0.33461767998214015,0.2962733499637371,0.17605108615235654,0.7042842361777766,0.4403669724770642,0.0,0.16088807785888082,16892
0.12047681019954858,0.9162060143708388,1.0,0.9137367760328079,0.7848517945533988,0.31084727468969237,0.0,0.19164843180160468,13881
0.647567605385473,0.1742722136142913,0.2551742925573035,0.28395151225732396,0.43961164999444796,0.6605504587155963,0.0,0.26805555555555555,16080
0.12047681019954858,0.7496005937938663,0.762174769842962,0.5765539708756204,0.7555950073831259,0.319621189701095,0.02888086642599278,0.17230746089049337,12839
0.40869558228073843,0.2364726589596911,0.35580679815660265,0.3900639225610274,0.8208740936342149,0.0,0.7348484848484849,0.2709911616161616,17555
0.9489376372048393,0.2364726589596911,0.49295435655773234,0.6334289769631787,0.6961587157031146,0.5661861074705111,0.2,0.20433333333333337,13478
0.5629189010962606,0.1742722136142913,0.3601616760299513,0.47004622648838335,0.5293451723666571,0.0,0.0,0.1470125786163522,14484
0.2963044763173342,0.500252522571941,0.5188930384079729,0.3956920622274551,0.8293233003922975,0.0,0.5823389021479713,0.26322593476531425,16115
0.9342841097169996,0.0,0.2608245493245809,0.5183231115949896,0.5409196805609917,0.0,0.0,0.19270833333333331,14169
0.07047441617323603,0.0,0.1092281012480616,0.24926902967875275,0.05492452414859644,0.0,0.0,0.3541666666666667,14520
0.3819024527455691,0.5710903389418314,0.6236156755268041,0.5090599576736146,0.8301480140451982,0.41718976339932395,0.41141732283464566,0.2829724409448819,16255
0.5206921107838413,0.2364726589596911,0.4576988455011015,0.5708253735127682,0.5332818255207508,0.0,0.0,0.4348958333333333,16825
0.7421216498946895,0.09814502102244904,0.44411559843928616,0.7124481776300886,0.5553356514826076,0.0,0.0,0.39403292181069965,17694
0.5629189010962606,0.2890623861656048,0.472641574879882,0.5382296997512714,0.3888833588003309,0.28309305373525556,0.0,0.10919540229885061,14967
0.15926168018519554,0.500252522571941,0.6626279218181337,0.6506716052702224,0.9150900345122883,0.1524347212420607,0.12234910277324633,0.11500815660685154,16200
0.9470786751357636,0.1742722136142913,0.39212070728426873,0.5267635539468074,0.6093903749751954,0.3963302752293578,0.0,0.2843468468468469,13916
0.4390001705699397,0.0,0.0005465956888683898,0.05686564578097042,0.13233629309166428,0.0,0.0,0.5694444444444444,17549
0.6537390689447445,0.0,0.2699109794422161,0.5344648021370124,0.4847432115081472,0.6605504587155963,0.0,0.16216216216216217,15205
0.9575939303559386,0.09814502102244904,0.33243227824617505,0.5140584865778011,0.5687391126992583,0.4954128440366972,0.0,0.042385057471264365,12998
0.7762252806757832,0.2890623861656048,0.437167467975738,0.4752876645471562,0.5253256362445706,0.6605504587155963,0.12962962962962962,0.2345679012345679,18062
0.4706897167575288,0.5710903389418314,0.6207908626953416,0.5040495248145151,0.721029065734381,0.33027522935779813,0.08139534883720931,0.3166182170542636,16912
0.07047441617323603,0.2364726589596911,0.2217613600498871,0.15290115079632716,0.6616814654583214,0.0,0.0,0.2510504201680673,17266
0.713085762834217,0.2364726589596911,0.4574587101451335,0.5703990473990825,0.6472264952691258,0.0,0.17592592592592593,0.1986882716049383,17642
0.31142803657233314,0.8381348966768294,1.0,1.0,0.5782082060219316,0.20859488169966198,0.02912621359223301,0.28519417475728165,15838
0.12047681019954858,0.5917729095724684,0.6606497789836365,0.5538396999984987,0.7519115314492297,0.603111288392501,0.07462686567164178,0.33970771144278616,14907
0.9390463609466118,0.2364726589596911,0.3339203986690027,0.35128009892861733,0.18726081724026072,0.33027522935779813,0.1,0.3541666666666667,13288
0.39129994657903455,0.33461767998214015,0.32390420763540106,0.22485357563345199,0.6013785317374574,0.4403669724770642,0.7974683544303798,0.395042194092827,14551
0.6389825865381525,0.09814502102244904,0.3687266087914296,0.5785080737455617,0.6013785317374574,0.0,0.0,0.1576086956521739,13486
0.6691991468200952,0.5710903389418314,0.46978230161682566,0.23667247890757426,0.63618752996107,0.4954128440366972,0.008695652173913044,0.25869565217391305,15885
0.8321201473561745,0.0,0.131430231309267,0.28863557650812877,0.3420843551263963,0.6605504587155963,0.0,0.28958333333333336,15135
0.4245075050062308,0.2364726589596911,0.4831143811309728,0.6159536456658397,0.6978117209535337,0.33027522935779813,0.19230769230769232,0.1653846153846154,17159
0.40021530058429267,0.1742722136142913,0.2405439700544898,0.2580545947637891,0.5621549804512151,0.0,0.5671641791044776,0.1324626865671642,18127
0.48725570269011875,0.1742722136142913,0.4847118411204776,0.6912027597774437,0.6787903006805251,0.0,0.0,0.3376068376068376,14360
0.0,0.7094179768790734,0.8013407715130081,0.6858666429562268,0.9549304065915203,0.5573394495412843,0.3873581847649919,0.2306523500810373,14415
0.5696047752429739,0.41074487257398257,0.6408838262425094,0.7054215123984653,0.8055922667443203,0.3603002502085071,0.0,0.1949200913242009,14639
0.4706897167575288,0.41074487257398257,0.5353656321619937,0.5180860063661445,0.6040866752116578,0.3603002502085071,0.19310344827586207,0.0735632183908046,14035
0.7228608611972914,0.33461767998214015,0.570018795382405,0.6611166176499563,0.16176688174300935,0.0,0.0,0.5694444444444444,17723
0.9489376372048393,0.0,0.25483784928934217,0.5076886707289194,0.5212196518919954,0.0,0.0,0.05815972222222221,17270
