CustomerID,recency,frequency,monetary,avg_basket,product_diversity,return_rate,weekend_ratio,repeat_category_rate,true_segment,segment_name
C00000,21.054156752678885,39.11509096094983,5152.946353167099,131.73806391787488,318.94034978700495,0.06118428420857875,0.08849089564440661,0.6373696569927303,0,high_value
C00001,150.79750747723057,10.81606718553913,1924.8617178370314,177.9631805921596,108.02269481243074,0.1746423973056162,0.49433056355457283,0.5663810437771657,2,loyal_mid
C00002,105.1530046926889,16.287764877261843,1923.9854459038181,118.1245837229486,104.97524414809536,0.1485044653745874,0.2316256068454963,0.4246639184443637,2,loyal_mid
C00003,30.12432664798338,40.1810494808892,13775.800752586052,342.84322909828575,219.3833192260699,0.025530599087973282,0.1724560640231157,0.5361492176874674,0,high_value
C00004,40.31165214670598,57.445599473538486,12502.576656073243,217.6420260325141,303.7587361805362,0.06546462949630903,0.07972758700849013,0.5125646101025756,0,high_value
C00005,305.2054817377932,1.5892195045291553,300.16244485876655,188.8741259488235,27.317697343828918,0.21130786356349163,0.7262922542204228,0.12132799839980345,1,at_risk
C00006,17.315113066233575,47.77049742571546,14650.95577770459,306.69464559139794,230.62076048225504,0.00032060837866715986,0.2149878252823197,0.7652686115565012,0,high_value
C00007,44.34667972543643,13.381499147226297,1334.5572008303284,99.73151633813421,117.3411170913626,0.11637324076055253,0.36346482254663215,0.4043029552010517,2,loyal_mid
C00008,25.509414703016247,55.00019768938434,14154.065878692209,257.3457273486147,146.8733826626123,0.04869929031185974,0.20805062502871557,0.8031506122158569,0,high_value
C00009,245.0127144740629,3.247661205617604,743.721854530209,229.00229040017007,4.637565307648763,0.15712695193715595,0.5175841883698284,0.058234003674590126,1,at_risk
C00010,35.35207736496659,49.84057120973786,6936.531662085104,139.17440137062158,189.60628468190288,0.037584071053986236,0.21868413683731946,0.7983338112755931,0,high_value
C00011,20.01209375010456,31.875058982851414,4234.925496961132,132.86016189772374,250.58442531279968,0.02435732211808263,0.11765803806771512,0.7602109864278348,0,high_value
C00012,40.714505447929035,25.590736438158274,5853.707589364294,228.74322524911193,215.25146171734514,0.02358191596596342,0.09814770580772746,0.8309319618576673,0,high_value
C00013,59.240574993144165,9.719586071029893,2261.7433916125246,232.6995589198861,102.34860358286443,0.08235063383331759,0.5466547626238628,0.37088330053958163,2,loyal_mid
C00014,281.56189803321195,5.136272977953682,432.372774542787,84.18025607257474,20.597969924070696,0.3064329630473983,0.7982221198343106,0.29775006201912213,1,at_risk
C00015,233.96026584714625,5.914935857679535,212.68709210434125,35.957632884252384,4.91120854131476,0.37455434006792865,0.6789094647319717,0.18024390818894337,1,at_risk
C00016,33.76953485994395,25.613583882556505,18844.726882756484,735.7317495733276,304.9403334439777,0.04886161065883347,0.19045473251574985,0.5753123961200515,0,high_value
C00017,338.9555181602839,4.859246716145776,607.1797323935617,124.9534686880769,6.4517160283248565,0.41175952474454947,0.5667650146874978,0.17320945001719557,1,at_risk
C00018,34.96854701288348,35.05437893923305,18677.402760826815,532.8122570137156,316.9299067235287,0.012230169770106878,0.09383662786348047,0.8355476340901768,0,high_value
C00019,32.783811426243815,21.97016479710376,11586.122801442725,527.3571185487912,204.0763543010554,0.03152855860744949,0.24116680714049993,0.6370221928357321,0,high_value
C00020,38.778308476100825,40.02964744809369,16500.704566904256,412.21208826034916,300.66557439281064,0.07120155656941564,0.08225751429551044,0.789991423693575,0,high_value
C00021,105.86651068078805,18.36889364890579,3828.0419641431404,208.39806889355972,78.73708114240515,0.04918235765284745,0.36336352407162903,0.3901746930960675,2,loyal_mid
C00022,96.61498088726165,17.132258875777957,1989.1840181967186,116.10751580511545,103.62587700222011,0.17624440536356567,0.29224238193694674,0.3561105421053133,2,loyal_mid
C00023,118.61366697097178,14.660122951278865,1131.822756104783,77.2041789735501,109.55656985877512,0.12733677466437554,0.2333317636009314,0.3852439057731633,2,loyal_mid
C00024,278.7381044916826,1.662710404757068,404.35150817336614,243.18817457117214,13.784501107065454,0.25997431904971513,0.6619983696805857,0.26028001612608037,1,at_risk
C00025,41.34241037042523,12.518464793558982,2514.3888846734235,200.85441195370302,64.28661212755097,0.09618232569170715,0.23262637443361117,0.5887125866375015,2,loyal_mid
C00026,38.54973522379931,22.135277305087016,5907.480419163914,266.8807956522093,319.51600745258344,0.07833797069658237,0.1609857215989941,0.6391337585942475,0,high_value
C00027,2.00337032530669,44.57518962167679,7344.922537635863,164.7760245099226,259.6379451219827,0.016545082201122538,0.12958159690725507,0.7994747425958413,0,high_value
C00028,58.84305968010314,8.84280045064044,2637.858372705816,298.30576720916156,79.86233269682641,0.06924823734494161,0.5461772772647903,0.6223087710615267,2,loyal_mid
C00029,72.45640952589747,8.059819583533674,1783.0805403760592,221.23082556573823,65.78710182464354,0.062496830334650394,0.21397967378026422,0.6040501325033396,2,loyal_mid
C00030,96.7464618585,12.656642567626971,3773.4841239349666,298.1425843206432,119.81403578958579,0.1279635099456274,0.20494430121844912,0.5057422352483423,2,loyal_mid
C00031,2.6461524717519103,23.508360476430738,14201.419207655345,604.1007930728965,147.64107432770615,0.010053108229482879,0.09200021214446778,0.5140332534554716,0,high_value
C00032,36.81689692530553,29.46979484417584,13412.899974544132,455.14059549671225,123.53375619998243,0.07483050956531959,0.2809686248746266,0.651031651290574,0,high_value
C00033,272.24385833651314,5.233355252541218,265.16931017259117,50.66908271587907,19.52019662255245,0.3881017872769281,0.440477346701333,0.1913664790690594,1,at_risk
C00034,6.401349026105385,43.53031999876883,8920.561158732578,204.92753462379505,183.52712687271233,0.0634908307089902,0.26877104976352056,0.5411265337884106,0,high_value
C00035,78.50042751277806,17.394057860669413,2415.824097567251,138.88789590781997,42.80726127382465,0.06047243627510954,0.3368362148749071,0.4845793424051404,2,loyal_mid
C00036,26.56669014681738,47.79192515273993,10205.467122618396,213.53956949845352,142.32007364984534,0.03238839715412271,0.073799771740216,0.6877707733132877,0,high_value
C00037,58.598221372726805,15.589354816289436,1098.3148814656474,70.45287597906295,100.42972329802461,0.15485495376975014,0.30671897084972066,0.43036268062317823,2,loyal_mid
C00038,91.95978582037766,19.09136460414873,2645.1943251381545,138.5544920431371,55.02868385541448,0.034531492236310565,0.42495386013802106,0.576050169033683,2,loyal_mid
C00039,283.8518309384104,5.692557294805329,648.8362586210432,113.97975022809703,21.69820835134913,0.16092905870486499,0.42015189531542174,0.1752458027579442,1,at_risk
C00040,330.5894954882577,1.6005531505069217,604.8275199246127,377.88655736490466,35.29705760601972,0.34956418968123637,0.6415778659914507,0.06811374339896796,1,at_risk
C00041,31.054153942668,24.235896150030133,16815.42165826682,693.8229786995482,280.4119573971449,0.02029316052494628,0.15078505102977047,0.520820342264169,0,high_value
C00042,156.14880777800323,11.977691883909488,1091.844978779287,91.15654245923979,79.72470536348928,0.07969151901293506,0.48451687169351637,0.5636003080496155,2,loyal_mid
C00043,96.29601243665402,19.839092910189095,3667.38884400283,184.8566797184214,100.95585428513402,0.17098081338413854,0.533847461482551,0.638604309145658,2,loyal_mid
C00044,35.24887387124552,31.4578490752822,13694.802842363642,435.33818251815075,315.58339581476804,0.0668996141474081,0.21499892970028783,0.560186123177958,0,high_value
C00045,23.82976785700376,51.21205975637569,5679.67545433713,110.90503841002088,210.89148605973156,0.05932917061852122,0.07149558752773628,0.6871102629512463,0,high_value
C00046,69.94578111264644,16.68271224910164,3100.771772242004,185.86736532658108,72.76018694915109,0.08187757916411853,0.24195769688483565,0.4024456824874145,2,loyal_mid
C00047,35.265039774494966,54.3028857649023,12324.401835849105,226.9566646827223,176.64938665002282,0.07674658781084867,0.08458226752901231,0.7893764586733105,0,high_value
C00048,34.65994972630513,25.754877318845708,8821.482120235487,342.51695362495525,136.9623182471526,0.04559470549132211,0.20636953922848406,0.8320259245494244,0,high_value
C00049,57.585619181216856,18.49787785128865,1993.5091027607095,107.76961112984279,87.06148436840698,0.03583662311613224,0.24986032529949442,0.380285359789434,2,loyal_mid
C00050,293.81400292611636,3.319140552314381,519.9794132731112,156.6608599658542,2.6514984459494872,0.20908786278600788,0.6286279138026876,0.2704043053107158,1,at_risk
C00051,303.28827685534833,5.538024456952412,359.1939473480564,64.85958127128274,6.722986095098447,0.26644615037341957,0.6331913048262243,0.21614492738182856,1,at_risk
C00052,31.78711388767298,25.382088336525882,18182.446187579324,716.3494960110917,184.49846943373305,0.02075518718836274,0.13403249213234342,0.6969353437012,0,high_value
C00053,80.36573056680481,11.980991749510675,2004.584199336512,167.31371168988434,103.92859587519516,0.08157239533865565,0.40766904389398917,0.35189739417192056,2,loyal_mid
C00054,138.6256864926235,8.322269323117135,3065.764062928706,368.38077979677945,66.24569140487529,0.07871559429517211,0.34808023520511466,0.5671035009724082,2,loyal_mid
C00055,353.45055231352836,1.705136499750073,462.7426292732295,271.3815752234822,4.817447928379528,0.29666949044120117,0.41001608120207345,0.26742107392674136,1,at_risk
C00056,316.7942425762389,3.1625779662118303,115.03361273239935,36.37336817033094,27.813823469285,0.18124544814086146,0.7727777476919986,0.13780573186532458,1,at_risk
C00057,17.320580489947304,36.74433203161518,14723.25208562168,400.6945091001695,121.85195636422468,0.038562460766908044,0.26520024340513404,0.6827878128938303,0,high_value
C00058,22.22135122548761,49.02862513085708,6620.020868132734,135.02358776049587,180.4143137567277,0.009652426995494913,0.156194231203864,0.707995443005553,0,high_value
C00059,8.88780555894052,38.17271847366986,8448.353705613023,221.31915261524765,189.2957310814362,0.035039168233629805,0.09807516975878326,0.5545151848411027,0,high_value
C00060,13.91812534173408,32.719643878081975,10846.4514189016,331.4966220083878,303.0597520571109,0.03157039105200658,0.18613710051033489,0.5676229128557957,0,high_value
C00061,20.14427064013367,57.445098535029764,18552.8359019416,322.96638660351783,243.8238172853948,0.03720113055914184,0.1661699094643324,0.7280843137772479,0,high_value
C00062,245.11590085090097,2.9821811768240605,379.383884904451,127.21691353054688,1.9829929379203246,0.29939948723794707,0.652514366922434,0.27322624884067076,1,at_risk
C00063,78.59009234433414,18.116698891589017,2526.469279275072,139.45527793962663,58.26373667656845,0.06825261940551403,0.319940863132241,0.5009137414483034,2,loyal_mid
C00064,154.92320896185078,18.30121382087819,3298.9342600889017,180.25767538574124,49.15562551769041,0.07643576790449629,0.5065111057258764,0.480526325254653,2,loyal_mid
C00065,10.441725604059284,22.215816366570404,10464.550251852255,471.0405451315735,147.36425560592525,0.05948802920861215,0.2687769033306279,0.8398096549910082,0,high_value
C00066,156.37524493008635,19.5724040999648,1973.2648116193836,100.81872423750603,80.31463715441873,0.07903791827883372,0.24540483741671695,0.4340690326391413,2,loyal_mid
C00067,113.24887833201679,11.459822813725625,1732.392307683448,151.17095053237057,63.407567187929885,0.13472169617262847,0.5486927720286967,0.49797346242338525,2,loyal_mid
C00068,18.881021903363102,27.259936383860964,7482.056427151392,274.4707955951462,160.3958075377563,0.04814198046941668,0.278167958813884,0.6430342820783495,0,high_value
C00069,218.26950266909148,2.6842827191663434,544.9896831778356,203.0299115985416,11.318396835029205,0.2023611394880365,0.45833292029427203,0.17579463168122195,1,at_risk
C00070,334.00028859586473,3.36966368819039,504.92475139657233,149.84425691091207,24.65475191590984,0.2808409267947316,0.5108792560842159,0.22738960098705524,1,at_risk
C00071,34.490146887575534,25.27288871146084,8542.535005824622,338.0118158772536,293.3602876523853,0.05544763415437612,0.2804631125387488,0.7105454583596055,0,high_value
C00072,154.70326410267103,14.848767273442956,3056.2112942791887,205.8225600818209,72.20904253627596,0.15532695561464915,0.21087946300281063,0.6207109760789427,2,loyal_mid
C00073,217.9284220382733,4.1923376388237035,181.1055396747538,43.19917794731076,14.725267777895677,0.25951417406542754,0.6180819604890561,0.23852264004639334,1,at_risk
C00074,128.3624916576427,12.535864078366805,2398.886087111411,191.3618456705493,105.72905096091229,0.05846522058161521,0.41852678579102953,0.6215558970100927,2,loyal_mid
C00075,50.30634513250874,8.681812140799778,3637.693334311363,419.00161801661085,87.37415559054246,0.1387104327676938,0.427185559715499,0.6067912400522375,2,loyal_mid
C00076,303.4261221593944,5.899892699450791,727.9281415966092,123.37989497069506,7.938587043549635,0.2654050417984024,0.4477793743714802,0.11241759473345662,1,at_risk
C00077,354.46919372063235,2.229377935025293,626.9319359736661,281.21384271552563,24.453537749642567,0.26050324926190327,0.5748512168799204,0.2557339692982743,1,at_risk
C00078,149.68240759375743,11.745232992244354,2967.5827070465593,252.66273636343544,81.14554664917466,0.05476179031317185,0.3385885560816291,0.4122118625718144,2,loyal_mid
C00079,95.5358725380142,11.046693055068628,2506.7432551200127,226.92250455622346,118.76859012807438,0.1198287555150529,0.34480981374498,0.5421125029752996,2,loyal_mid
C00080,361.92887170674527,3.514374684901766,145.419471418871,41.3784768151253,14.853495530726791,0.41640862746826535,0.7090023224089654,0.10969633233967081,1,at_risk
C00081,95.82549658762878,11.203203787252743,2999.2454811563034,267.7131950923639,46.90877396012773,0.16277443149507614,0.29475936773236044,0.5455887038099256,2,loyal_mid
C00082,157.50918875041532,9.851644624672213,3045.067005194097,309.09225019831786,116.1023958085294,0.09229221206081872,0.31888186233150395,0.40250148868695146,2,loyal_mid
C00083,301.2302199804223,1.8456735369142787,362.94020739401464,196.64377265808477,11.343324788390072,0.16552492368116545,0.6713242433606833,0.2797774161416513,1,at_risk
C00084,11.293337378074993,43.64575264443885,6145.513757964245,140.80439414182675,260.1762020241317,0.03017157442845446,0.28398437485893147,0.7046634459817278,0,high_value
C00085,30.471815766030456,24.365759870629397,14080.18951322238,577.8678599798034,293.0913096111326,0.04116664415084247,0.08145175457807131,0.5471422087231715,0,high_value
C00086,30.578564093751716,40.90527102052491,7725.6365590993,188.86652908919322,165.6505750926841,0.0710391062884464,0.06687962004685376,0.5083896244347844,0,high_value
C00087,348.3220600928847,5.970388862261893,424.3956690666675,71.08342167613591,24.961058154872244,0.4342479135134355,0.42694972205320253,0.25576690414210373,1,at_risk
C00088,267.2147939973904,3.9012010837147155,284.1607046915587,72.83928682317023,17.291988168150745,0.2886683790431005,0.4063212956653185,0.09044561444806644,1,at_risk
C00089,336.95316456123965,2.265173749648418,216.77594592260803,95.69947822159526,2.8475277624501016,0.44992960107430324,0.6727583620268294,0.27166138953195534,1,at_risk
C00090,360.99644402429396,3.0592172015048686,121.3906537527306,39.680299160522814,31.530002060297164,0.4128801699077398,0.7827886338523118,0.1571482295627291,1,at_risk
C00091,78.92867969699262,16.820965331142403,3366.128123381376,200.11503841276652,78.40640601556343,0.06752565792075443,0.2734162312146946,0.3593722936971949,2,loyal_mid
C00092,30.409730318780753,25.84692976770793,13158.610399338197,509.0976188505767,174.96501015101342,0.059337312841578796,0.2882306171213914,0.5154612860304565,0,high_value
C00093,310.8559411213211,5.5892999831286705,486.2954734690362,87.00471882649374,30.13732403480903,0.4346621271447376,0.4135511180570226,0.22218805318997997,1,at_risk
C00094,262.4211206916135,1.1755840555483328,247.153499119837,210.2389003605158,3.0171381749892516,0.27872966144077704,0.6109599122632525,0.10644379851656656,1,at_risk
C00095,269.5914003479026,4.72385463908377,429.12711451780024,90.84257397916734,16.281670686492056,0.27606674370973144,0.6020613579434995,0.2501442793788301,1,at_risk
C00096,328.67852423893146,1.9774791369829368,741.2637381781778,374.85287420484883,21.68720600452008,0.16162539945852883,0.6526514168685271,0.12213825174023803,1,at_risk
C00097,41.77765950933848,43.2446643688361,14402.000248940752,333.035311041041,250.82048189647136,0.0013263841518045538,0.1999238391789976,0.7893140196302755,0,high_value
C00098,123.22065092272727,17.144876252362113,3351.0113004615346,195.45263851057854,80.89383700005784,0.12225365728550598,0.39742513662380496,0.628930475040522,2,loyal_mid
C00099,8.346808475938971,29.975503033288472,9072.654581075807,302.6689684239967,210.6559833000327,0.03741122053012772,0.26083072144049474,0.7216022137506483,0,high_value
C00100,7.70173251937941,53.33834215154239,15232.034897765941,285.5738345689373,176.90817502236504,0.027158220336712217,0.11005656903725079,0.6616362690074119,0,high_value
C00101,343.10500168269493,3.1497852495002387,356.7763490342973,113.2700551857957,6.954915219815408,0.19688739658829252,0.531914151820601,0.21651307481728715,1,at_risk
C00102,69.35525593108345,17.322884659481964,1806.2485040400675,104.26949896311801,52.35557147883088,0.14936925072079688,0.3741939953159371,0.5627822033426745,2,loyal_mid
C00103,279.38531179091973,4.730339894796826,127.09827210856207,26.868739865472417,21.741130375339434,0.35692855453322614,0.634241504586232,0.16500937122580317,1,at_risk
C00104,35.49152120068219,54.04526507288824,10588.974345369123,195.92788250900952,193.07569263982668,0.04647914989984406,0.1335278167396889,0.7062659081446165,0,high_value
C00105,122.06136212008919,19.824374746018666,1409.1855004882266,71.083477715797,46.0758692724166,0.11835312313653264,0.30160823984768464,0.38720594459296864,2,loyal_mid
C00106,22.412966556879056,25.496317201512085,19826.128042937686,777.6075221468408,120.3321415349601,0.021163184892104888,0.13833442376711697,0.5353871580774547,0,high_value
C00107,211.02624952574138,5.10252971929302,527.5027099372296,103.38062470125458,8.807153792809522,0.20643126843640539,0.49393606530369244,0.26341266725112505,1,at_risk
C00108,319.1146186195916,1.2526799432502886,446.40629670683967,356.3610155268899,11.094589852258586,0.36702941051318594,0.6365450439006839,0.19370518281002885,1,at_risk
C00109,43.39507667657375,11.343272631601412,1353.9521411266367,119.36168556459084,63.96099922197167,0.1203835148288553,0.35080971409379846,0.5195444338087661,2,loyal_mid
C00110,14.65424160760417,37.69256508271573,13925.723354528705,369.4554436390553,261.61824713671757,0.02247171087713241,0.233681282695145,0.6390316555154885,0,high_value
C00111,89.78224066313982,12.48706208351868,1949.9564636043262,156.15814597238358,100.10590206330417,0.0660710331142857,0.5322384849370401,0.3856331369286735,2,loyal_mid
C00112,138.34335662612108,8.482178871541644,2215.4429296613357,261.1879522010925,70.96136924993469,0.10369552990498497,0.27080801659473436,0.5166675402639842,2,loyal_mid
C00113,47.96233645246973,8.692312059997281,1528.3011423899243,175.82216697250078,113.21107229960793,0.10872167814138056,0.3302274440306089,0.6256393978947028,2,loyal_mid
C00114,293.74761296307514,4.872086022846662,777.0939377941907,159.4992235666952,11.037520209150697,0.24806950556309681,0.6230333987305532,0.24987815142955716,1,at_risk
C00115,243.67743225222367,4.109310153271703,440.0539341961161,107.08705787168658,26.85405360993991,0.31657668597001687,0.7802659365877943,0.24259884579533175,1,at_risk
C00116,335.391918635577,2.228498714974905,217.6927406570352,97.68582732141562,35.92467851067849,0.20109572643354867,0.6028760477263716,0.07327733271463273,1,at_risk
C00117,20.312104253422053,43.603035814332365,16085.282764715912,368.90281752878917,276.11622750531683,0.06996601118844574,0.17281436159784153,0.646166752428916,0,high_value
C00118,158.40378418222355,13.58599996602869,2409.644455145485,177.3623186493976,50.33090653585626,0.14279257624076142,0.5236167124691262,0.4157815252769273,2,loyal_mid
C00119,45.479474252404735,15.62649551567694,1898.449879517712,121.489164196357,87.69915276383463,0.11015676648954159,0.29904283930145953,0.5964665697916678,2,loyal_mid
C00120,12.746929176043317,51.804593559323436,11171.929812069618,215.6551966627479,217.9004013014416,0.01962071784185677,0.13038642056022487,0.7125240006729252,0,high_value
C00121,20.816981267404955,40.25319726482532,19985.67568758782,496.4990869197866,208.01773990547372,0.07934195807429686,0.1652748575387269,0.6465296305601805,0,high_value
C00122,237.154314907415,3.6106254645157545,214.6846941515685,59.459142539549255,23.065818555589534,0.1949824433802182,0.647966392073642,0.1386813302991376,1,at_risk
C00123,120.89731610717614,13.450148140427231,3384.181687408011,251.60925010455057,70.47522784389074,0.0947039404307261,0.5230301969440612,0.4655741182671339,2,loyal_mid
C00124,33.858742899357146,24.739143088681654,7065.648154603197,285.6060183360104,279.8427044482982,0.027392294144850293,0.0843028144476531,0.8160462036921479,0,high_value
C00125,41.70528520857908,28.096183725028734,15286.501847744203,544.0775159128331,130.1920965149772,0.029700210967062175,0.17911485065891025,0.6738066675961986,0,high_value
C00126,55.38184878193648,16.529138420263155,3551.0082341010625,214.83323230857957,64.5641532770007,0.13210256634981077,0.38266050384772166,0.6487009401876186,2,loyal_mid
C00127,257.36614974792406,5.803131428144163,98.71008440745771,17.009796457259476,5.8335841231942345,0.15145720133318372,0.727780302217855,0.14832547092482695,1,at_risk
C00128,47.28486215222941,16.724130871536264,2601.8320062413263,155.5735258368212,71.2357208317568,0.17403390067844518,0.2770458780815832,0.38124040628216754,2,loyal_mid
C00129,67.90636182444109,13.531769896417646,1971.1646745490543,145.66939059988698,94.3259368095675,0.08250648335594682,0.45631169043037306,0.422446881909442,2,loyal_mid
C00130,1.999331217889861,42.849306069710906,4576.957348437819,106.81520351792008,246.90805299035944,0.015739374460050505,0.29455110769114035,0.8243692870211476,0,high_value
C00131,77.14522097651529,14.641176438643804,3919.739818839805,267.7202774835822,104.47924659084305,0.03349365900070399,0.22823813244513277,0.5157075744351298,2,loyal_mid
C00132,44.66452481845683,37.51616148795013,13393.98304859169,357.0190157352245,152.54869722099153,0.03203609961962227,0.1419760850554544,0.8049931803594248,0,high_value
C00133,25.377590315718173,42.89722056135399,18513.65795449944,431.5817601287285,215.97268011021302,0.01290032502815393,0.08838138051365348,0.6063288164434805,0,high_value
C00134,137.80537880897126,15.781378047051758,1739.8532194975687,110.24723026786651,40.07939712405032,0.07638745895042341,0.32836008462548594,0.5141498812832302,2,loyal_mid
C00135,27.372842826917115,53.01598044785285,15248.53545118228,287.62149303606526,123.80682956349732,0.05112109194113317,0.10519948030223351,0.6872143535415547,0,high_value
C00136,13.380891248967847,35.745218273281125,8875.273660173301,248.29261335934828,198.4738185843588,0.07100568707904346,0.13055391845573455,0.6123799692441492,0,high_value
C00137,20.630876125257352,56.993674760722485,14438.928904336504,253.3426553903693,167.0194233761319,0.019487739628688595,0.12233003402558364,0.6940396581829172,0,high_value
C00138,341.2777856264403,1.942651169370801,541.9046457371305,278.95108204765666,2.5201957239554953,0.36854456007057945,0.620901248137604,0.2549145548837908,1,at_risk
C00139,2.355984720989334,24.6196025466142,6375.023838720928,258.94097301735894,179.272411402233,0.00798899817285836,0.05580689558668962,0.6745238414067103,0,high_value
C00140,10.998503758530184,49.55936015662167,7853.248928658353,158.46146729578132,266.75069948758323,0.07178417598032749,0.09430887531231814,0.6826714647692387,0,high_value
C00141,231.24497612602087,2.176281942078225,556.0627672851674,255.51044491696658,5.520055747450727,0.2469797653095314,0.7223090793369206,0.05789533267324963,1,at_risk
C00142,32.98776302862284,39.68612862301717,13383.122768236735,337.22419476498874,129.71385796939163,0.03924863324094975,0.15907916492356577,0.7415443693524609,0,high_value
C00143,8.095958277478479,40.95011794870549,13159.326929953852,321.3501593923942,270.3926243149831,0.013029720044364392,0.17015190773557665,0.6578662750648392,0,high_value
C00144,64.48157758648492,12.683313701268117,2440.636637426396,192.42894206601338,100.66396347709096,0.03710763507263979,0.34002329474625664,0.5365388581400059,2,loyal_mid
C00145,32.656370061841216,47.429733818237814,15883.08106760137,334.8760321630555,140.37883146290898,0.011023482874224414,0.24768449347399846,0.509286353022126,0,high_value
C00146,266.2741696115471,2.3035189066797233,688.791637064389,299.01714071763735,33.687325638381864,0.19518017830117917,0.43069617062387894,0.20944751003364442,1,at_risk
C00147,69.37180522673322,17.293014013385395,2191.7827195556356,126.74382371165139,105.00062152401325,0.030600474366416865,0.2551066630328171,0.40524176514475474,2,loyal_mid
C00148,17.30022706553423,43.84170212937491,17407.683498486127,397.05765636372485,194.54046826134683,0.05420966108798353,0.27677158172737715,0.7378344532231352,0,high_value
C00149,35.05406613646239,51.0961935296471,8830.838263079866,172.8277128501955,215.50117472554655,0.05908643091659061,0.06551577663503881,0.6982472277833756,0,high_value
C00150,105.87454392333952,16.39906604165177,987.8656887713353,60.23914326963915,46.94403546805787,0.053028252139679835,0.31325070303726676,0.6007655052659427,2,loyal_mid
C00151,64.91646065127037,18.813263757808123,1752.4097088950612,93.14756500810518,41.31930071821199,0.16603536270832966,0.4051382843700283,0.5380448708390908,2,loyal_mid
C00152,260.9300188212598,5.058761856096326,777.6511794273825,153.72361885156408,32.169693944703155,0.3144819953574566,0.7800007082296831,0.07019634098445261,1,at_risk
C00153,290.7895491648625,4.748528755223184,632.4863269165369,133.1962718391098,39.64158085649376,0.39802870796848416,0.6761982204871253,0.18876057126313694,1,at_risk
C00154,120.019994282854,16.65642653016608,2036.731439898026,122.27901562254951,96.41007567993775,0.05509368426063441,0.37398173163230936,0.5027900939674466,2,loyal_mid
C00155,232.1954997802355,1.9268763640124282,175.52374973313448,91.09237780447566,39.25918764279714,0.2657763874389645,0.5925501589046633,0.12276258811266251,1,at_risk
C00156,43.71071307337574,46.5145685105433,4086.8773460592074,87.86230802362165,317.10803389898524,0.02358041545622104,0.29795192912440704,0.8130790242015733,0,high_value
C00157,134.43293629745486,12.556631917779988,3684.576380052246,293.4366798500277,61.122696182049125,0.07148580204853541,0.438895927701375,0.48271687817028364,2,loyal_mid
C00158,34.374859312749244,35.17856318907716,9022.293916831828,256.47135922916897,232.43414674751443,0.0057457712402307504,0.08449937933697634,0.6969338048411766,0,high_value
C00159,23.045970104547997,24.066876116148638,13052.350406910735,542.3367097548957,228.17132738899025,0.05476496587149418,0.1641130486285679,0.6987769806499724,0,high_value
C00160,276.0536795270632,1.3565226709242268,106.26298051365674,78.3348356730799,11.543297850577924,0.3555643858098399,0.558426100511395,0.2862012929860096,1,at_risk
C00161,361.0230941607029,4.878955432185452,380.72197384852757,78.03350105167677,12.177156831638717,0.28660563643304615,0.7898361653004424,0.25481484638999663,1,at_risk
C00162,37.41577156767361,57.102502040260305,7171.267635406366,125.58587415924858,144.7739549728442,0.049743362388860526,0.06006343498498094,0.7368283338783732,0,high_value
C00163,127.72358477780928,9.329003820756819,1093.970459123094,117.26551732019178,60.13685133995458,0.06697137796251401,0.4203548957654086,0.39573995269351586,2,loyal_mid
C00164,248.06935983714686,1.1222542044100745,420.5477027463328,374.73479813550654,11.682340575635763,0.15977773297410433,0.46528267388711486,0.17807226067623644,1,at_risk
C00165,21.833533646505966,51.30496418518187,6265.534217100395,122.12335232289342,221.633471162575,0.0359887439955301,0.15416649950997002,0.8437505037112455,0,high_value
C00166,278.4675935834342,2.9755091877394544,384.71175393533116,129.29274610225733,19.19386126239538,0.23769346302899752,0.6434639010507135,0.17778594085748578,1,at_risk
C00167,285.72568368809954,4.90419177259524,729.5801080738862,148.76663513666006,16.20568928603175,0.41071613588310085,0.5472929544993484,0.19549978218910352,1,at_risk
C00168,66.69787025544879,10.076287056119563,3447.4964840569214,342.13956637561023,83.52784731858486,0.058344057632953014,0.26498019346607965,0.5086919710738874,2,loyal_mid
C00169,364.8068901600536,2.660815238517258,511.05255814121676,192.06615729771653,18.48042741527548,0.39921118162377944,0.6470677842214556,0.21319680612282876,1,at_risk
C00170,332.0962974111853,2.3301543631083264,223.00934399589337,95.70582426925932,39.51825046250201,0.3101716898167119,0.6629335847073494,0.298274715679409,1,at_risk
C00171,277.38583803709093,3.5263846114654793,191.53415752168942,54.314596569797445,14.605565429809502,0.37926310487403503,0.7210819904507516,0.21785088104325795,1,at_risk
C00172,83.82216436252807,16.266764095866023,2470.067262544976,151.84748779707883,107.00938342843897,0.13644292648288683,0.24859798536279043,0.5895296572400404,2,loyal_mid
C00173,159.78741773414248,17.95065369443743,3260.67401824168,181.64653353276498,45.506193225299654,0.07302533320202283,0.20545324501488377,0.5648299911976241,2,loyal_mid
C00174,36.56306477082928,46.8492565323437,4929.735707543157,105.22548429642156,126.2567025803289,0.013086150216808798,0.1847354415660467,0.5488682789626922,0,high_value
C00175,32.027276659558744,29.466494519903247,5467.536093187169,185.55095142023436,290.5562259263825,0.016971792601864114,0.1208801916498073,0.542689137473368,0,high_value
C00176,113.23479420446208,19.574974453235733,2423.853878744697,123.82411453640673,88.80196067559297,0.11138161065712894,0.3831087862605328,0.4059365879583733,2,loyal_mid
C00177,18.049048677327676,44.12428629354903,19683.276558378908,446.08713730643626,120.90002498793183,0.031600579203244515,0.09945246181479923,0.713669773569626,0,high_value
C00178,17.76493394824523,23.96452566319502,9059.426429184688,378.034873567235,185.0685461033354,0.007913960408385785,0.1144521024255886,0.6122504413429266,0,high_value
C00179,307.7766610287651,5.586977946330711,529.2704076985053,94.7328614472351,17.522549701473597,0.3186027524138604,0.4886951950548396,0.1729025835743636,1,at_risk
C00180,5.241202334753969,30.65853270003384,11906.266344278774,388.35082098582075,207.67725171683858,0.020194903243966982,0.29965237875297895,0.5184015966130694,0,high_value
C00181,217.70653986736588,4.79983441850365,789.215826134006,164.42563582850516,11.900007569237394,0.3763710886318894,0.6893281323868626,0.1496612052133538,1,at_risk
C00182,51.76957925091189,19.1815354346358,2908.6864652769436,151.6399182530911,75.06530475315903,0.07102360743617332,0.2631238025720691,0.3807086754051215,2,loyal_mid
C00183,40.11879927116633,11.207596025727163,1226.2985407276628,109.41673289371607,85.14369646635092,0.03800019625611413,0.3465051439440868,0.485208033160216,2,loyal_mid
C00184,117.9792907075934,15.41343123666265,3857.7356651170235,250.28402864256128,66.30284782480827,0.153319091085616,0.4399572813532687,0.44399762332834397,2,loyal_mid
C00185,244.2340422953909,1.7676577316852373,231.2746984858482,130.83680983046256,6.542053108214064,0.15258517714012562,0.4778512846419689,0.13785271284988454,1,at_risk
C00186,346.8333361669346,1.8485705254928033,694.6708500641736,375.7881241122699,31.6041588132027,0.404299940399392,0.41040696142062805,0.07923680827230208,1,at_risk
C00187,78.12668017711525,10.933710109830074,1122.508988488383,102.66496708003798,40.53726273307081,0.16350220112398825,0.4365684971354477,0.3984652179353581,2,loyal_mid
C00188,337.6299471803478,5.548983113666169,406.47921341270313,73.25291951449923,24.31638529504194,0.3285568056376278,0.5181563178839403,0.2616495540719542,1,at_risk
C00189,311.02081012300744,5.254985600260822,694.9779077762045,132.25115359815837,37.27411525075484,0.1879691376371881,0.6936066239154892,0.2514542403376556,1,at_risk
C00190,59.4243232754489,10.663427017364807,2960.384591871279,277.6203735488089,75.37188459715964,0.14067857720406118,0.4511171550897296,0.4608413138543758,2,loyal_mid
C00191,142.5271349192198,16.07993968882346,1215.536565121954,75.5933534978882,53.773653094633936,0.1502702724983836,0.3906975117913113,0.6095550364363627,2,loyal_mid
C00192,20.215565126223943,20.8459206534576,12133.643815151074,582.0632255519274,201.58839022625642,0.016351789366514335,0.15001536153368883,0.6727852266947261,0,high_value
C00193,301.01646641800215,5.30907208908007,771.6499914010265,145.34554785725922,21.09020169700137,0.34663781781600045,0.687340225269262,0.17414122428679685,1,at_risk
C00194,111.50295408771822,16.9481000079236,2913.1171130339962,171.88458362129393,112.575789866929,0.06300724807149116,0.26237239976816296,0.4222931480789352,2,loyal_mid
C00195,280.236301090646,5.383390693758514,460.46213090365603,85.53384977938056,12.754624832087242,0.408103767234535,0.54935341730347,0.23641199780946442,1,at_risk
C00196,42.4313353844967,17.789163339144963,2889.1472566260973,162.41051934514218,84.18662001925597,0.07443821030689582,0.23903247039000936,0.47589757784285036,2,loyal_mid
C00197,221.5969045903317,4.202196060518206,763.946592560681,181.79698937380675,26.592956276095023,0.16688664389459734,0.6173236704943829,0.10632433469558335,1,at_risk
C00198,108.1373662425212,19.252465190431753,1121.8499501920505,58.27045726848511,62.24592317760184,0.1401292602327368,0.4869597926368953,0.5055741777054061,2,loyal_mid
C00199,1.9509315147345387,23.80196790257605,10940.464437161489,459.6453739431108,288.24074124299125,0.027145771658924876,0.2732577548840758,0.5414396791125341,0,high_value
C00200,2.831023649923269,53.94241955094498,5914.760893838309,109.64952894358429,140.60053682603177,0.013224905869383293,0.15587384866991344,0.615750623361137,0,high_value
C00201,137.50196082975577,15.229003545840925,2909.0911838727006,191.0230813930817,113.94318075276868,0.1264094596186643,0.5274623752644095,0.4940092998278651,2,loyal_mid
C00202,54.86282573551623,13.352380630758693,1607.046164664891,120.35652735684313,103.44166308812717,0.09297158415836786,0.3134434751104968,0.5867426119606779,2,loyal_mid
C00203,30.113095579381486,59.46526179697288,14093.315845835878,237.0008206464048,192.3072157278399,0.07365326866188543,0.25577690570172495,0.5141397300947571,0,high_value
C00204,212.7769540679723,1.9441821023781949,411.1936919045326,211.49957681512726,15.735668123520135,0.17014670332049187,0.6767388245142612,0.13565058916256945,1,at_risk
C00205,335.66523510547813,5.565768751736039,619.5058250167906,111.30642551822842,34.25228604253854,0.3624553460277352,0.5608552299614216,0.14532688461410864,1,at_risk
C00206,288.6411158095661,4.9803022381293545,531.1709944732642,106.65436936871058,22.33252371555051,0.33808570212968064,0.5617105825321796,0.2496874569404402,1,at_risk
C00207,209.9545850647466,4.934456907250139,220.90083991462535,44.76700152960265,15.09065705525464,0.4416210531392658,0.7836384253484443,0.287161616979048,1,at_risk
C00208,233.30809651557428,5.013603026441828,619.732289229796,123.61016338176704,14.115147386667108,0.2536150179508476,0.6340765405219851,0.26158575424749236,1,at_risk
C00209,69.44275179203521,13.368608873649439,1829.767208066476,136.8704272344364,69.1489261180489,0.056469021220396,0.41284512068953105,0.6273950658975387,2,loyal_mid
C00210,133.20264116191484,15.182341868519194,1259.9078544948252,82.985079996602,84.255890523023,0.10672967049564712,0.5356592344043549,0.5113491196994051,2,loyal_mid
C00211,57.753629596565375,12.246303671880007,1020.0400638098881,83.29370977073732,67.5229734607323,0.0976106381727431,0.5305292267052208,0.48140803438121943,2,loyal_mid
C00212,58.429344033730786,8.009895402016225,1001.8897778260538,125.08150575522639,109.09456315374962,0.04272876653324015,0.34889792044180756,0.42499602620855265,2,loyal_mid
C00213,8.778002449326195,34.6556979930499,9346.080648024734,269.68380928005155,277.51796724586785,0.0785893346483626,0.29520528638325855,0.5134896997632025,0,high_value
C00214,251.25794053837865,5.07236938015467,570.1553521900397,112.40414675254864,26.380988998991732,0.20579232596271274,0.7570165979180349,0.23836513485908545,1,at_risk
C00215,22.59110775159892,58.355209836363215,12895.510848455175,220.98302593060887,142.4140741997395,0.06771828288543656,0.24686596865787558,0.7838370157839727,0,high_value
C00216,334.48706087609446,3.656463774093025,234.17452910708872,64.04398992443868,30.825510829373297,0.32032367972812587,0.4049588855663184,0.2266739803283065,1,at_risk
C00217,35.586829432185965,47.1063469445143,17390.34527457501,369.17202038737537,142.82081423672744,0.013835514915366245,0.1297891236520175,0.6701672264677965,0,high_value
C00218,40.897959532811996,11.988525620433975,2245.5104088445796,187.3049680952589,109.45913027245263,0.1072409582359159,0.5033947218448566,0.5894635525915211,2,loyal_mid
C00219,28.793233561370855,35.90312775299763,18570.211634094165,517.2310268300705,128.18939205714395,0.021854975320070108,0.16240817210567016,0.5231277238217882,0,high_value
C00220,12.26246398497452,34.56768071088216,11721.160137396702,339.0785813902405,238.03907655322524,0.009516264859216906,0.11436298983099084,0.641747921523536,0,high_value
C00221,91.75819378189496,9.170536481275793,2614.340319667658,285.08041214443267,84.73937829607613,0.061528885462653574,0.29719427566212325,0.5507112290370897,2,loyal_mid
C00222,21.192294123686956,52.662750536956416,19680.43487286708,373.70693084206096,290.66893422881185,0.05867959236502639,0.2775817275463131,0.7639950302282623,0,high_value
C00223,358.49684881359315,5.920926324739999,66.29259177806722,11.196321004885712,6.099320721676425,0.37695091431819316,0.6732059825795991,0.18318510683446954,1,at_risk
C00224,329.06484721918616,5.428525854291815,406.2668330032705,74.83925542734116,13.26868119239786,0.41047093208486995,0.7125863357609687,0.09538077702742344,1,at_risk
C00225,85.62827006791653,18.63869496399534,3911.2129746650758,209.84371396282987,95.35037277335593,0.07459942891597982,0.34840598435493875,0.6348809128702381,2,loyal_mid
C00226,345.6662183956229,4.5595890529428935,407.92468248184736,89.46522981463882,11.894837675555436,0.27098207487910325,0.5472373083986463,0.13882038488819426,1,at_risk
C00227,221.64060291547713,4.938964253194364,58.262500538171345,11.796501766638427,21.247522161658537,0.44850282519714313,0.5850400242843233,0.29299858567544257,1,at_risk
C00228,7.1491092788096315,37.0352834549404,13860.943518840524,374.2631951421318,125.92145782572264,0.0769239703632826,0.11167009430653684,0.8253833173218443,0,high_value
C00229,277.13494900571436,4.550084400273117,668.3116570126197,146.87895832712564,13.029925277412257,0.3671235870575513,0.6110179497988731,0.14014127769396262,1,at_risk
C00230,9.564103145486573,56.992337172481086,16823.708973750647,295.1924733817378,202.31520043881198,0.0014528435131491246,0.12562007028448202,0.8115923866382666,0,high_value
C00231,92.58860285050882,17.176690629701096,3749.3956866932663,218.28393882870512,43.234554511440294,0.15237500329899084,0.4284198171994569,0.39058457855335693,2,loyal_mid
C00232,316.29832330212486,2.039990368542303,745.9779561243681,365.6771951611785,26.40206495086181,0.25654946609816154,0.44953747277734835,0.2693692453060649,1,at_risk
C00233,79.48898444815238,17.37102789236936,1192.1125797829109,68.62648469447079,85.03857936531017,0.10305682400687352,0.3622690142150041,0.4428956090081553,2,loyal_mid
C00234,158.39511010299572,11.640051592186383,1954.430756434286,167.90567816264976,111.10363953451467,0.061679058004358696,0.22556444616661564,0.4671454969305563,2,loyal_mid
C00235,31.811664488098963,29.305629678657347,15753.937470962584,537.5737577969818,129.79274196465585,0.04161840536367951,0.21387943458576308,0.6262655402813888,0,high_value
C00236,73.90412815440533,19.37777221417801,1999.8859493265568,103.20515316323686,89.60252341693364,0.08482549473320358,0.3497348332770296,0.42518266232091795,2,loyal_mid
C00237,289.1786542081746,4.1962517017808505,795.1418923593823,189.48860765952895,11.366567117727563,0.44601357373446004,0.6716206225151973,0.14913818070721185,1,at_risk
C00238,62.05697486542007,8.954066757108443,1239.4107096725272,138.4187479603707,80.47804031289061,0.05984350673897926,0.5274892737893149,0.39847358731145655,2,loyal_mid
C00239,364.14445731688534,3.2061137424027906,290.63755555039063,90.65104325730351,8.27284849547869,0.21488079293926543,0.47721007581574826,0.2544588274895202,1,at_risk
C00240,61.99817942434484,15.249610462604855,2267.2298269937196,148.6746059877023,64.54192668617641,0.12459697889254803,0.25016977773615556,0.48786414537852507,2,loyal_mid
C00241,251.8674105339343,4.9828586490134565,333.6503922572608,66.95963416969883,38.736128013901414,0.22126070161567768,0.7344799003831102,0.07583071442712293,1,at_risk
C00242,144.7887923624657,18.67162220920656,3073.939502039009,164.63162480458274,50.71817753832061,0.07912681174697238,0.24814472162262396,0.40171016796927417,2,loyal_mid
C00243,5.777332609959516,38.639406119249095,4714.385423588462,122.00977957681094,256.6516715317626,0.07520152086460118,0.1834600033184901,0.8060169897171846,0,high_value
C00244,15.513893342642554,52.17567311788309,19334.866894415558,370.5724476372606,169.2133223009877,0.012824961998580645,0.17519153727006959,0.6305712056453185,0,high_value
C00245,322.9586340588668,2.420256552632577,719.7893635649394,297.4020926756734,7.351405498465397,0.41943602415032843,0.656926964668614,0.21070094108339538,1,at_risk
C00246,125.06344941289748,11.274031720117488,1864.7916385330936,165.4059244134946,101.23012179154618,0.10128110677894388,0.3506758085383497,0.49506499472922294,2,loyal_mid
C00247,110.5386315482835,19.704851885914657,2624.2772034449413,133.17924025203237,66.93366460778978,0.1433816596238821,0.37792045694338683,0.42793947368789187,2,loyal_mid
C00248,8.242743973608798,26.304465944999986,17632.248270098706,670.3138663588904,120.94827858237478,0.025722639318586538,0.17604465109770345,0.8410459930880962,0,high_value
C00249,43.57042822710524,36.76457277265215,16353.734385670088,444.82318580987413,284.5166181234863,0.044283267207168915,0.22994563375538657,0.7050199638041528,0,high_value
C00250,26.48566103344342,34.70047240460512,8489.782978138493,244.65900288469297,300.5107938438464,0.07876548866006033,0.28322519560331333,0.5016165795951647,0,high_value
C00251,40.297329338176695,58.2249302818788,4826.526672230383,82.89450324567467,212.9946912387306,0.05308968373282816,0.18285345289931093,0.7262017671299956,0,high_value
C00252,42.18591708215439,32.57759920817051,16298.041431350066,500.2836865665194,289.88706661795584,0.07334787261033567,0.23808222860838818,0.7831393608773621,0,high_value
C00253,41.41709058148055,8.682958425541411,2389.8883603276417,275.2389500446818,114.06737431019604,0.07172201182049566,0.5314206799483931,0.37132621908352437,2,loyal_mid
C00254,25.605115072798196,31.388803293517423,14387.730483924943,458.37142465690533,281.4863211952563,0.06924580314568225,0.1499190337909092,0.5596194177804816,0,high_value
C00255,26.024612621927325,24.211123194164998,11336.970279335837,468.2546195158804,179.7887302237811,0.07026925870486413,0.1006306019810465,0.7869331003833084,0,high_value
C00256,287.34957341433744,2.1007894557614986,275.203934106895,131.00024533735987,2.2795899804114184,0.170093403939597,0.6253264966791849,0.2518618441025387,1,at_risk
C00257,275.3066365538045,5.0497036822243535,446.4931535812182,88.41967404006994,1.537316856467963,0.27484850402018723,0.7061284895754547,0.10708405790798149,1,at_risk
C00258,3.8079592685837143,24.950152146013785,16428.287051075495,658.4443635827766,189.29857226260975,0.04289603304891002,0.2615018903269772,0.697433297966528,0,high_value
C00259,309.317383070423,4.609181661168067,91.20124189825194,19.78686209454794,10.300191304913959,0.3688485263582938,0.5994400153568507,0.267683343329466,1,at_risk
C00260,214.9455446583475,3.010238990785347,799.1214582161036,265.4677786920896,19.71214160745098,0.3065940342354152,0.6150030650148819,0.281737249933128,1,at_risk
C00261,283.45078193255233,5.93314373431615,383.5160210080593,64.63959718182406,28.70400848889034,0.24739310013310012,0.4213300339733363,0.16710132990391835,1,at_risk
C00262,151.67131250522849,19.815020498519374,1405.8522868988453,70.94881819596876,75.65861306877864,0.15267238908662528,0.26894293886164566,0.4385180270941916,2,loyal_mid
C00263,42.219778623486285,45.4829553596483,18839.367336064428,414.2071944774809,163.2711390450803,0.04981669959905666,0.16218237680031267,0.8275559357038782,0,high_value
C00264,225.4798095236535,4.292403841966459,499.5701064349514,116.38469371187722,5.221728217519424,0.29888662284877077,0.619445623728883,0.05303522523051089,1,at_risk
C00265,110.57756177368842,9.546528856045702,3531.1934636874776,369.89292306503796,52.28226352357044,0.0673381048886128,0.4900267467744484,0.49378201468887484,2,loyal_mid
C00266,231.00409054101866,4.09458190586763,379.85678186035005,92.77059064711995,18.481841827596007,0.3337317987759545,0.7456433415261382,0.1618189217270673,1,at_risk
C00267,14.266531922506568,53.74299806391011,16598.915551775262,308.8572679186256,301.8129628845897,0.060280365040020635,0.19649034352401368,0.6210057820169214,0,high_value
C00268,40.194869598655096,42.119722610116,11981.071336503763,284.45275975360386,170.85269675083146,0.07908831188156612,0.237872702642849,0.6508767251732783,0,high_value
C00269,221.0005727242915,1.2544036727250731,507.8030818807304,404.81632262569536,30.509327669247998,0.263020583462564,0.6556850639746006,0.12468976765565808,1,at_risk
C00270,224.32528232512166,1.154464185180161,63.828352156395354,55.288291291976776,4.499519831908797,0.32209220063871274,0.7316350333343612,0.14836426849708045,1,at_risk
C00271,232.76630448266582,2.9139158139012786,183.9531317728383,63.12918544017707,21.79674258343662,0.17362298696487513,0.5679061468395035,0.11181414332669258,1,at_risk
C00272,43.92738347201726,29.18624119995421,18067.200388923924,619.031421865734,276.4010341476354,0.01149749291644273,0.14823184789255833,0.5173106980011055,0,high_value
C00273,36.409631729859285,54.70955815104045,15358.475156500863,280.72745742342977,291.6250609249646,0.07117251373403179,0.13163671066794497,0.5926825120625528,0,high_value
C00274,333.9780532492399,3.7714279286321397,684.2745504852292,181.4364647645299,11.08372994780086,0.1871777678260545,0.7770018476933925,0.21987130456452597,1,at_risk
C00275,118.46865167452759,18.404067210279173,931.4009457585223,50.60842992565847,105.60837958269585,0.13566874320501254,0.21917093758665265,0.5335281063345498,2,loyal_mid
C00276,151.6853417446776,16.7795241851628,3849.7807987658757,229.43325187790623,64.82900730302903,0.08699975917708372,0.41703942013156914,0.6230269022390598,2,loyal_mid
C00277,25.401730628696733,25.242310062292532,6288.35000266616,249.11943428108918,269.9967075870537,0.07043042401021538,0.21952351521995705,0.6101623664975333,0,high_value
C00278,31.029802174898922,34.96736173628731,4872.005039860729,139.33007232870006,255.45747987287945,0.011949932509452062,0.2651576003490325,0.8109279085719941,0,high_value
C00279,145.0119876473767,14.086810130729846,3858.2316579579065,273.8896614742694,45.89696552893215,0.17427495107885513,0.428135432370151,0.6196450677010754,2,loyal_mid
C00280,152.96402815242962,13.443370141455464,2205.2702302867074,164.04147227087736,99.69068445834476,0.17284288613254775,0.4972870430979537,0.5351068730481683,2,loyal_mid
C00281,31.68419327861201,25.75590010205003,5769.414575937768,224.00360900136252,264.1391893436703,0.04750644384227581,0.08808167753939393,0.7486864701099372,0,high_value
C00282,42.90752249051018,10.463118205582427,2848.2775536352465,272.220718305141,94.11150213738294,0.0822019522006606,0.5454122708883029,0.5117827946760747,2,loyal_mid
C00283,84.60535117954407,10.21172002507829,2001.133403147624,195.96438192911404,40.56682833359584,0.15068190094769204,0.47825959255365424,0.4636527670919326,2,loyal_mid
C00284,346.81361197907836,2.058860817331552,478.8814823908318,232.59536456257422,16.316665471968367,0.2932946308718912,0.6986926859352187,0.07513050035417711,1,at_risk
C00285,139.1692659967251,10.761237848688072,1209.7886078143274,112.42095238716571,59.83213518649463,0.09235251137196436,0.3645637956210557,0.5138418480202891,2,loyal_mid
C00286,261.2005330543754,2.7602533711961907,686.5940848520665,248.7431378643774,32.47082474980739,0.29149205718731364,0.7801985079210825,0.14696600627065515,1,at_risk
C00287,264.59862887793116,4.735379003149432,103.88775161467574,21.93863501645412,16.368806992570224,0.22599228021169313,0.6902803882890143,0.15562377097953806,1,at_risk
C00288,21.535724163989503,20.994379655450253,7816.845130038216,372.33036928571124,278.73643011199454,0.047657101974858194,0.2868838999164981,0.664484579100569,0,high_value
C00289,157.69089614900224,11.769858656940109,1330.9157433880223,113.07831148874898,52.33527057517052,0.13026653560586604,0.45302689954217246,0.5889399944850628,2,loyal_mid
C00290,252.92112962731952,2.054671942443565,445.0799235217308,216.61848508643646,4.537368877508776,0.17783563623802184,0.6369099801777618,0.11149525454765506,1,at_risk
C00291,9.795960908904766,46.077241023198965,4677.608825282674,101.51668635992316,200.2711115106776,0.014275340945746473,0.2169622897119966,0.5349408700118765,0,high_value
C00292,273.6020273318373,3.0502439345749712,420.12993532725585,137.73650381368526,24.147108105245497,0.34611914177307623,0.7029397730959674,0.1103285844943822,1,at_risk
C00293,21.931016753941083,51.39053797008749,12072.495843087785,234.91670490226687,262.65163926233964,0.07867336607943501,0.15203916705775328,0.6479569119952218,0,high_value
C00294,30.01459592644368,51.96978866048266,11843.160678425382,227.885488544055,306.0769235178301,0.04141292170301832,0.05012968604142638,0.6622865001385254,0,high_value
C00295,285.0996865875285,5.616734838629061,373.95924575036145,66.57947303804674,1.8684840045544002,0.24604829066786083,0.6657379473737015,0.10231933689298774,1,at_risk
C00296,100.68696393449497,16.136138650061554,2472.4707606313195,153.2256764924295,65.78557745147376,0.14886376505027676,0.22672663121541325,0.586715983882144,2,loyal_mid
C00297,2.9760672532624755,25.911334901687667,12076.663726455969,466.07647858657356,290.67389186847333,0.048650336953167325,0.23756649698705828,0.5282573480009587,0,high_value
C00298,94.74967688652183,13.415587020119663,1804.8726447282743,134.5354953176082,113.51277782480719,0.15782687925111757,0.33856943766424585,0.5803572126901433,2,loyal_mid
C00299,282.1587557101665,5.86173123966799,108.6171049140412,18.529867793835137,11.761029839591716,0.3001982521983809,0.5049553890934498,0.22460713864471,1,at_risk
C00300,7.744509931477738,20.492107435544114,4117.03130068825,200.9081454232056,125.9669540199395,0.07390266528745441,0.2682147396935447,0.7921476825144276,0,high_value
C00301,159.64828132914923,17.130066083854487,3998.167668701781,233.40059805549458,91.58984917422899,0.13264587295196428,0.3856207561637982,0.44175117212377013,2,loyal_mid
C00302,125.93571291914057,8.052363458176584,2310.2682047363473,286.9056043900303,99.62249377236577,0.14370316247254603,0.37271945521712596,0.5461961599253351,2,loyal_mid
C00303,57.902102066361806,11.062238147522507,3804.4102740703015,343.90963413876017,96.58137553562726,0.14375584148978143,0.3660855312157618,0.5983222009580061,2,loyal_mid
C00304,14.373804314754937,26.144535807682345,19049.510555128298,728.6230168802907,319.74867401335297,0.06384779486546664,0.22135693019025354,0.8425219503651535,0,high_value
C00305,232.61505207201552,5.147977045428525,764.8612849343943,148.57511565899497,10.369708982906026,0.4257736746651678,0.4860524872313098,0.18912152262769855,1,at_risk
C00306,14.954111284199476,33.345510333129525,9865.734158921798,295.86394271255057,142.12589351244065,0.044353324163194686,0.25479996982349506,0.5659660060543055,0,high_value
C00307,202.6079166476221,1.370288416845368,686.7338169686406,501.1600539903972,17.61286762770112,0.2755724374084363,0.4399807423098052,0.2188361176690471,1,at_risk
C00308,11.129415599374756,24.68414263600442,17497.41415620066,708.8524164772423,129.47480400109637,0.010540386631365398,0.25578182935404664,0.7165501723593747,0,high_value
C00309,37.56895757349587,47.443854604217954,13575.635064923785,286.14106459463045,135.62167861607278,0.016956368886443408,0.2938989114570999,0.5209385180610547,0,high_value
C00310,7.170959915938874,42.598024458897676,6894.82643569389,161.8578918453513,168.49657060566653,0.019583720124011633,0.07402380824297032,0.5995389971006931,0,high_value
C00311,151.74919941753552,10.345035060927469,1889.439312478722,182.64213715572726,85.6407322356473,0.06660941681897856,0.4836019694239741,0.5476276967620327,2,loyal_mid
C00312,239.7529742083615,4.719973613474954,201.0112392895364,42.58736504705739,4.679318602946563,0.4087643401224976,0.7879727532199235,0.10156822585133644,1,at_risk
C00313,66.61879626096135,11.795304526219692,2880.0658299818806,244.17053612984765,99.97834805769983,0.044183302599509436,0.21376178406164467,0.626967060580885,2,loyal_mid
C00314,316.32965242649186,2.2880630809101823,657.8897867448482,287.53131512577977,37.212520827235835,0.19157416543273886,0.40659288023846285,0.13352346491498834,1,at_risk
C00315,43.64376060329985,40.56891480761658,12058.126802929586,297.22576657795497,294.8628730581615,0.03851930722610246,0.2597934665585811,0.59009782682088,0,high_value
C00316,232.20561242007818,4.825122025890215,116.3017180255058,24.10337342795981,5.492256079256166,0.3276398474711001,0.7070644130794966,0.25896574281732326,1,at_risk
C00317,3.565320634318905,47.22858107198026,8449.208732500118,178.9003298579482,239.04256808267434,0.05754500269526589,0.2634960940368073,0.5448184136917255,0,high_value
C00318,46.4865173942319,13.69091097710464,3255.77183254168,237.80534677249156,92.72032527762576,0.09763729007431557,0.3884206797665547,0.4444635434832509,2,loyal_mid
C00319,125.20011294670546,12.376139484545556,3737.7305049778593,302.0110196435061,60.53407137137341,0.041738851152535526,0.2487890840923461,0.6457559601326983,2,loyal_mid
C00320,28.6015889909075,57.95431706861362,17234.774792330983,297.38552128784966,311.0698856375622,0.04423186032515692,0.27121226487659017,0.7982508679742135,0,high_value
C00321,231.66699163282908,3.844169026921595,263.8418003113916,68.63428701070299,3.6335652623040815,0.22728522685154873,0.4354937972031557,0.20669151608179015,1,at_risk
C00322,59.890353621082305,17.01003600123755,1195.5957048668668,70.28766457518856,48.06491022414241,0.06386676548695655,0.4793589019890583,0.5336670131126047,2,loyal_mid
C00323,51.22796627305608,9.366887057828265,1004.1909044773779,107.20647086676861,96.41920470334703,0.05565052248542254,0.5201097355301166,0.43226072068801996,2,loyal_mid
C00324,215.55719882552114,2.3229880267307914,385.12913181061447,165.79040760387298,6.5239197509432945,0.2827968045480775,0.518964783637432,0.1081380656107659,1,at_risk
C00325,211.5387191936821,5.333044160768362,583.7793656895409,109.46456621979902,20.664554865972978,0.2785177937524397,0.78323703166426,0.11801129729441735,1,at_risk
C00326,249.98916375815483,5.440293475074348,622.2644725825611,114.38068101170904,31.037291028323132,0.22041104671556871,0.6574961861697093,0.25934586957635636,1,at_risk
C00327,239.72425675035447,2.1537315263360846,391.17080129947914,181.62468093919608,17.939620680786533,0.17074144873983435,0.5747957153245807,0.2611021535413933,1,at_risk
C00328,54.28289799786023,9.013770748124863,3777.539809147712,419.0854099471694,110.23927047941635,0.17033262851089795,0.2070505650238108,0.5115180470259875,2,loyal_mid
C00329,6.6369998377240185,24.873300185141247,5702.712509942126,229.27044129627797,266.48270059875756,0.040583416126563465,0.23154503209597527,0.591064629370047,0,high_value
C00330,339.893083091903,3.236963758960547,756.9263002357534,233.83836106920683,33.13258208098106,0.33063581755002824,0.7435864998773722,0.17851204900971618,1,at_risk
C00331,6.716546234760752,38.69526406221166,5998.778868890289,155.0261773442314,255.06112573349682,0.06067377897478033,0.13559060832501352,0.5724448058742939,0,high_value
C00332,4.640119996587297,57.43759290802504,17380.868648803807,302.6044053871797,203.3219266138296,0.008031651651984743,0.21806610780586122,0.6310623777571283,0,high_value
C00333,356.5591126559544,1.6751904802811803,617.0698607846397,368.35802736955895,33.86353024700965,0.3262558477667522,0.7160972621557741,0.2361449398795084,1,at_risk
C00334,270.1384916398316,4.191117764631684,166.54783944295673,39.73828672828833,37.53938423710719,0.29581357486826193,0.7316601961383001,0.2530742366175715,1,at_risk
C00335,137.78511312224472,19.952189061230325,1388.5646911942831,69.59460372658774,110.871095611536,0.15847440013523875,0.2668098013002783,0.3600450706991301,2,loyal_mid
C00336,6.039323235582831,43.77734655025807,14182.53347372443,323.9696918917262,199.38801354956684,0.04136155894795434,0.2253477753108581,0.8488370240317037,0,high_value
C00337,9.903988050990133,36.6755747437954,17471.891376631407,476.39039057151297,254.9194953958048,0.07013686378116955,0.15570008313669836,0.8233651401909005,0,high_value
C00338,349.9203606816809,1.4500069552254493,165.18483431458588,113.92002894834576,17.57900264769995,0.41590044717990715,0.606629801937205,0.1289411194615228,1,at_risk
C00339,238.93954833239118,2.747818057260169,729.4266641133338,265.4566819611922,24.49399987056646,0.27787326095401704,0.514088434197547,0.2705194273595261,1,at_risk
C00340,230.16344712111112,4.91452637085862,792.7085653195659,161.29907655395718,20.658492356017486,0.2875128873484538,0.43616323138875907,0.14852102235381454,1,at_risk
C00341,110.77479806270307,10.316090433905195,3525.310029653129,341.7292677143205,74.58602366952864,0.1499031862585708,0.39602011668268067,0.3957696814051439,2,loyal_mid
C00342,304.12579807386146,4.976161292913547,256.27328047268963,51.50019571062605,20.289408735003665,0.16295256751706536,0.48469644111044996,0.058037348775140316,1,at_risk
C00343,37.356844664551744,44.64662800096485,11509.23094704642,257.7849988312151,172.06970868305,0.042468031543025156,0.08597717401963957,0.7781626954461501,0,high_value
C00344,271.7353582234926,5.241903770305405,749.7000938401288,143.02057548005115,20.594106751606596,0.37545586808381803,0.730976341003499,0.2737910294434349,1,at_risk
C00345,44.136519139931536,11.247328342342326,1165.2286871570186,103.60048641687938,83.46811339390061,0.17020248418011152,0.43116140085865995,0.44539535138495373,2,loyal_mid
C00346,111.31533136165845,13.12154745997254,3826.8515046474445,291.64635621837346,43.89779414021821,0.17044177392069984,0.3859998602602246,0.5693418130724179,2,loyal_mid
C00347,10.9840113582389,20.71347135907951,15923.010053261512,768.7272585665293,274.74413655032527,0.03354179103206441,0.1600125270583881,0.561648404710578,0,high_value
C00348,94.14583529887187,8.773489189458905,1247.5818067644054,142.1990475879698,84.60788729003639,0.17477131755860986,0.4173226088979427,0.4565180212385074,2,loyal_mid
C00349,275.8520616348427,3.061874571486123,103.8478567700344,33.91643071767973,39.719510333547355,0.27934528714233453,0.7748250899518806,0.1074870044546581,1,at_risk
C00350,9.643125291441223,38.34192327194204,19708.895160680568,514.0299045745364,265.03666417017376,0.07946947987289424,0.12227089540954793,0.6986068397422631,0,high_value
C00351,325.92065582028357,3.893046484062622,778.0326208971597,199.85187027236242,34.41755528474625,0.38865765786858064,0.6771086277019986,0.24937930101329475,1,at_risk
C00352,15.589035883072295,57.84108251269321,10281.16345347072,177.74846193818243,186.61883220212758,0.056819616106878926,0.23720519491676373,0.6487427849831355,0,high_value
C00353,114.5750087802333,8.195085318712621,3875.0117794397934,472.84581291565183,75.13697433873637,0.08398990131972078,0.32971989152697156,0.46785735158035,2,loyal_mid
C00354,107.57626523021317,9.179799093510374,981.2246009821587,106.88955073927838,77.87803215954612,0.11602887925626724,0.37855820265421847,0.4782287572545511,2,loyal_mid
C00355,23.909585708747663,30.135334153567488,5280.78853833896,175.23577178299877,206.26540402928993,0.0681067719521763,0.25034735846068074,0.6294945287465192,0,high_value
C00356,74.53708179536414,12.719001612808,1750.1611591761189,137.60208642584897,108.86141559636836,0.12327170766797056,0.4689809474096422,0.41650914451304694,2,loyal_mid
C00357,251.7847173984217,3.3806691054520517,63.39571938138562,18.752417762254954,31.033538008195908,0.1766786229150848,0.5278662270508349,0.17425646155437058,1,at_risk
C00358,228.9047936962406,1.2760497835399023,84.47243700510505,66.19838668893405,16.021541756882797,0.4458089229229871,0.4603972525740271,0.23520380790894668,1,at_risk
C00359,120.82164576702924,15.877384616794183,2811.580687327448,177.08084518866664,117.70090530150947,0.14315416030974742,0.3352308776926324,0.5000946843258411,2,loyal_mid
C00360,19.295525695506825,41.41739159320012,13613.446527121294,328.6891328365628,311.95490446584404,0.0433891521841764,0.09408909500201897,0.7753273993727597,0,high_value
C00361,57.907327412830774,19.512551267782772,1693.4111538303057,86.78573757939597,40.0513842959899,0.1161083258672732,0.4467057137902416,0.5179168537333076,2,loyal_mid
C00362,16.91975486434918,59.182827223463704,10902.691122878241,184.22051859252417,268.4635898835953,0.022249068549719028,0.10471415219865805,0.533123918887286,0,high_value
C00363,26.156034304547315,43.747280178654165,19845.146629220362,453.63155259429146,120.24661250238162,0.03308543450479759,0.25530769664946135,0.6975374381257125,0,high_value
C00364,361.236800435869,4.649076231514333,600.099832099877,129.07937022671874,30.789918624245963,0.3111517944980456,0.7024483238972298,0.09959574082038201,1,at_risk
C00365,128.6889554819695,9.695471205045207,3404.2851200894743,351.12116245758074,82.29299348504883,0.11409792610937523,0.3907440288524741,0.6340676873401273,2,loyal_mid
C00366,4.856596449908444,52.08103521094374,14016.199695056914,269.12290891083717,238.14895883275324,0.01616704813163824,0.2540140041882078,0.5581219213448906,0,high_value
C00367,316.8459963840348,3.4780253910057155,218.31191950601473,62.76892631968022,15.766216169946224,0.22881887892445008,0.7648821361634706,0.09198449514971592,1,at_risk
C00368,278.8611858220721,3.637288150362795,470.58303092150913,129.37744040833599,2.2117144027237576,0.3445193055610084,0.7776574588305099,0.1353446235452982,1,at_risk
C00369,328.98991284970094,4.68261608850944,65.86700856747011,14.066284171597921,9.339402029841914,0.24228854562723912,0.7693210761031515,0.29673614530097364,1,at_risk
C00370,88.15676024586355,15.331504141000384,2553.4116212955732,166.54671308257969,112.72408158386271,0.11572737020179143,0.5335250767191051,0.5221952624457467,2,loyal_mid
C00371,4.71555013015512,33.13444820018755,6457.806384970157,194.89705535321406,127.16855028363264,0.049340494326184724,0.25813232123100177,0.5019155880921197,0,high_value
C00372,14.900878280554892,39.17478256498161,10376.840107224649,264.8857103421557,240.6848908666643,0.0375007437611162,0.09407284125553254,0.8477400488753966,0,high_value
C00373,359.84413302466385,4.3885430722723475,151.30984416314305,34.478377372925316,38.16603130084403,0.41841857451441955,0.7012293094482039,0.16418639958849973,1,at_risk
C00374,325.49009375042806,3.8176161848476866,319.7497202499582,83.75638219448597,8.524727723245803,0.17408319612121115,0.6504637143361878,0.1525853397247604,1,at_risk
C00375,350.55405138878086,2.4471485375403246,294.6787716230426,120.41719867124611,18.352572680053242,0.22856891236942065,0.41962961908970925,0.23235261489982606,1,at_risk
C00376,104.00649169972387,16.53395357832989,2592.7676069190475,156.81473850980447,119.03511431299397,0.17883708109698737,0.5029011494677351,0.5812430845497178,2,loyal_mid
C00377,91.80172974124295,9.819964505353335,1857.1203143593152,189.11680519282015,112.1842563934422,0.09255793250942218,0.35313772487002665,0.6360260745960291,2,loyal_mid
C00378,103.48472721866683,15.30569371046713,1903.8637076365894,124.38924648901023,114.56882078522894,0.0717243425838402,0.20699297348043444,0.3968723719281927,2,loyal_mid
C00379,90.410027836335,10.039287096332808,982.0852140453867,97.82419853339255,108.33620053559937,0.09450398544682818,0.2673099140964913,0.6215578268640388,2,loyal_mid
C00380,123.67387551839667,19.327365510351157,1591.4119967947154,82.33983032723228,78.75074073611609,0.14353792464712292,0.5184780105211115,0.6225853317545036,2,loyal_mid
C00381,248.88943902482504,5.282048153278696,790.4844649678579,149.65491453863117,11.274523259919325,0.3744212877239678,0.5804360643215626,0.28373945421646274,1,at_risk
C00382,22.735596046758833,46.10349362240408,9838.70977725204,213.40486380127382,128.21581866096938,0.02026043795201579,0.18804623213983251,0.8075672669238889,0,high_value
C00383,73.38605820656676,11.087968246339798,3585.4548975895145,323.3644629865434,103.36185942638184,0.15541736768877817,0.354356518366494,0.388215836517425,2,loyal_mid
C00384,263.746340441825,1.4452100253752662,501.4977226456471,347.0068113563129,10.683475667526418,0.207013564787879,0.4387738167157255,0.2829560726988289,1,at_risk
C00385,259.53374263389003,1.1359106674879251,360.44773929095066,317.3204985283601,30.908147156180707,0.3683642675995566,0.5358868216648307,0.09374445937187205,1,at_risk
C00386,30.253437690049413,29.913582518054326,6770.045542760052,226.32011858405775,167.53167267211947,0.0730066195313545,0.08466362405835488,0.7168492397086093,0,high_value
C00387,360.34763007670733,1.1932215491344231,514.7895420347302,431.42829796207127,15.575002112411703,0.244415234239609,0.7725847717235558,0.2755374171022503,1,at_risk
C00388,26.85636117581933,31.52622456729847,8975.38415873226,284.6958137842566,223.21756025142247,0.05881035420157067,0.29801050138201374,0.5562059094047216,0,high_value
C00389,60.23738581659743,8.763963071826364,1220.8818317611813,139.30704884939183,58.01982433436056,0.10661347301227722,0.4129052649399777,0.46489938265080305,2,loyal_mid
C00390,266.4751354037589,4.444507262264861,103.43335802494335,23.272176626444548,3.2950929559648396,0.1532804163331991,0.44976415549060955,0.2971118534579825,1,at_risk
C00391,47.70506218785573,15.7103106546624,3385.91118382132,215.52159331849188,100.52375707215259,0.0884001008387475,0.44690726593210217,0.42952318657249156,2,loyal_mid
C00392,90.193278307404,15.67393322588633,2982.8515158730247,190.30650908648045,77.67617107654536,0.1375529209144333,0.5086017981461697,0.42656266987972447,2,loyal_mid
C00393,312.41936299379904,2.475096043561977,615.3280097329667,248.60773032768125,32.82014740306067,0.44737338844200836,0.7653273187329119,0.19491617982751486,1,at_risk
C00394,78.45458626761462,9.154292000173697,3051.539540877056,333.3452265690405,108.85866894918956,0.10688293688116582,0.374288645572533,0.35582184514820525,2,loyal_mid
C00395,47.35648789281307,10.938256966324591,3741.708881948038,342.0754233025946,81.87390782759138,0.10518137003076967,0.30933573427071304,0.6055603567239634,2,loyal_mid
C00396,256.86574627441695,2.651006477988657,243.42050686084562,91.82192079950367,32.910866752463036,0.44615589961250823,0.5337436906869569,0.2217123914416167,1,at_risk
C00397,113.63265220563089,19.244180010515166,1788.9060930355754,92.9582913929356,101.25912860120486,0.04274621296886076,0.23056893527512423,0.5677250704157741,2,loyal_mid
C00398,270.6480274789641,4.389859262725223,287.2710930025364,65.43970451212111,36.10355984760362,0.23973754324995666,0.7534665126289932,0.26871271220129084,1,at_risk
C00399,86.07421761726138,19.438445294103783,3821.7787162914005,196.609279109922,73.12220657058899,0.16250179060544517,0.2501725245733385,0.43851204214896145,2,loyal_mid
C00400,105.96080791152924,15.911770350997433,1754.4686583584416,110.26231649003547,107.06588730367253,0.09385687856203757,0.44951020200123537,0.5687813731581168,2,loyal_mid
C00401,107.04091557700673,16.507334228259417,3218.4949666593434,194.97363548558326,58.56643685358303,0.1341799186929572,0.3365905201315184,0.5144791525499796,2,loyal_mid
C00402,14.46209146262871,29.302797621154948,4889.086670510046,166.8470954111359,282.9276886235765,0.07213134828531508,0.20491713149246538,0.7026421336625849,0,high_value
C00403,33.938752856105765,49.18742834709512,9449.452729464389,192.11113585332313,291.09830835811715,0.014979115569227321,0.10209483535875376,0.6501591424750944,0,high_value
C00404,121.49744421266722,16.907991858247357,3416.7974748815154,202.0818027076867,67.38152594304182,0.07162666791510228,0.4197132335268081,0.40801560794796676,2,loyal_mid
C00405,106.83204654561403,10.183315463321032,3266.5750105709963,320.7771596919266,64.1004951557011,0.049288276368780484,0.29008565149311516,0.5585644469180056,2,loyal_mid
C00406,85.1763321287639,10.98409594443408,2364.9778838119228,215.30928860925667,105.7312588009633,0.15887677180453455,0.299157043715389,0.565255859802685,2,loyal_mid
C00407,338.0411517703943,5.41087535164474,326.74141497525875,60.3860547029492,6.9202675900744195,0.22525586749653664,0.7307099312055515,0.06221884421271891,1,at_risk
C00408,347.62350133318944,2.506601788313077,162.5296836861576,64.84064778216678,1.5508646055961348,0.2556361421776601,0.49309285867047503,0.265140888818408,1,at_risk
C00409,40.43107396094974,26.851652163711552,6410.7675810118435,238.74760264009464,184.49808819354598,0.01987251230925212,0.26976719491474005,0.7932009003654643,0,high_value
C00410,51.94115714385486,13.898158076634079,3759.4076793864547,270.496828332012,72.13590204019856,0.16994700399739068,0.4034364579986732,0.5598271130966938,2,loyal_mid
C00411,225.9913513173841,4.452009772577507,185.66332274156775,41.70326037583635,17.42992497964693,0.434955413974759,0.5289853274327111,0.20753799231859615,1,at_risk
C00412,321.53456036409597,1.4690391200386246,382.1386409239269,260.12829455071255,28.82987778638928,0.30651426425575207,0.7761405650152723,0.27312108430241494,1,at_risk
C00413,145.03533803810183,10.2055048382733,2117.401181538864,207.47637819915175,108.15720284812726,0.06004062451352146,0.30336465162685655,0.47470345793367025,2,loyal_mid
C00414,25.413508653225268,46.31453140162111,14386.38480214839,310.62356385289553,303.76463870613657,0.07617997726765467,0.08671593370535106,0.6616045190145783,0,high_value
C00415,357.7476988212338,4.031814201077676,593.6126166851548,147.23213597652546,2.5428481272174803,0.3792228160263872,0.4906794607658843,0.29771811950055116,1,at_risk
C00416,43.17660538262359,23.803829929197384,12401.412847476178,520.9839292400931,161.4041083049624,0.07532310853904792,0.16530222145939344,0.5656632524677617,0,high_value
C00417,45.395709099859296,11.515230878046046,1990.2774116358166,172.8386892728577,92.70769187787408,0.12840714075917675,0.39871464089441694,0.42913581265273004,2,loyal_mid
C00418,39.480729796848436,31.814361013763595,14140.316369108208,444.4633152616454,153.097551516355,0.00018470180693936023,0.21401846977376582,0.8205107002575482,0,high_value
C00419,108.8614362429517,8.919663937410578,1318.6574945073016,147.83712747031078,106.97612394700779,0.12930744069473438,0.3512316482528212,0.5109459468674871,2,loyal_mid
C00420,356.0394525510381,2.9959765132889524,237.82481504891618,79.38140168790393,6.105931173713463,0.16761560449504492,0.5092626162902081,0.07648558924774039,1,at_risk
C00421,205.80403706042927,4.211262092839968,387.9323477006612,92.11783525898989,14.448419116554676,0.1782063606506491,0.6344705181083888,0.27194041892847187,1,at_risk
C00422,38.69102850006452,33.09982257650182,6767.911123065501,204.4697099938586,157.0358689907135,0.07623993062143851,0.06741015914784866,0.7381465819844727,0,high_value
C00423,26.700310632160367,56.65392078152712,17704.76837719293,312.50738047711326,222.54641286002226,0.007758231096438344,0.21586331430727168,0.6737461188537579,0,high_value
C00424,52.99697454267928,14.561761522886126,1179.5331271174225,81.00209066489644,56.69162660447987,0.12227033849826321,0.5251255059942257,0.3719737958502654,2,loyal_mid
C00425,330.845821528339,4.563748468806498,397.94171458253754,87.19624170843194,17.122921531204483,0.4116312906010722,0.6786899781098215,0.212149197867608,1,at_risk
C00426,300.03940070179806,2.231761208916134,513.9954589522382,230.30934353494868,21.531943534765535,0.16417510165694554,0.40155765855245307,0.10415835955146811,1,at_risk
C00427,259.66383987948933,2.9761732687944717,603.1363529732944,202.65498628633296,18.805345596768035,0.4195126151818124,0.7601112398461638,0.19280329783799943,1,at_risk
C00428,74.0158660292029,10.262720943614696,2906.9735509158154,283.2556362866408,78.63262658968569,0.08054799283002013,0.2553587522782198,0.47124636068398285,2,loyal_mid
C00429,119.30418351097593,15.408165199108232,1214.448657648705,78.81851225991481,115.00522070183577,0.05377950436791875,0.4815021530568406,0.43791130232984554,2,loyal_mid
C00430,324.043817023079,3.6580645934771967,747.1796866754163,204.25546558355873,39.77649798736803,0.40065905943332747,0.4691709231067726,0.09666552592385745,1,at_risk
C00431,7.3590643101060635,41.30889104262961,19927.43156133819,482.4005452185498,133.1060867836765,0.06815465262358389,0.22154072890378762,0.697777268720747,0,high_value
C00432,134.9038157035921,10.340353611737928,1328.689704631732,128.49557708775646,104.31061922470988,0.06323377490788953,0.5428675883935008,0.37423152776220586,2,loyal_mid
C00433,208.38752122149873,2.1916926468103006,298.00774770976443,135.97150501165055,11.275541699383389,0.17807488360151183,0.5533371173642032,0.23479308048168063,1,at_risk
C00434,149.60573278745215,9.485447973405652,1919.7253164771273,202.38636296983134,81.53808834306369,0.14269682169047143,0.4502209112427213,0.49219534190872727,2,loyal_mid
C00435,14.744132220809806,41.23078362396214,7088.663853902466,171.92648867781256,166.90703008825972,0.03263691442884522,0.2157274285525238,0.5193446433254296,0,high_value
C00436,12.978628721186997,45.5825308494844,17398.117797521096,381.68389234398757,276.76482187514273,0.008855365922369289,0.14751564753913232,0.7341316806470528,0,high_value
C00437,70.8580568836932,15.209658669524831,1875.5697322751125,123.31438680035203,117.86789469967245,0.03876215693319281,0.32070303109385423,0.5416266667305312,2,loyal_mid
C00438,65.13127377513146,16.994179730459244,1255.9874907390417,73.9069205257311,110.31750979091659,0.03777076734598102,0.5356856433243373,0.4941679672396755,2,loyal_mid
C00439,16.262271399532832,54.42876273303576,14254.21815337855,261.8876020256638,196.90087559798562,0.06080119773952279,0.2319608247421796,0.8378955837186074,0,high_value
C00440,50.61265231295857,8.569681969197132,3895.5203505072986,454.57000207351433,105.30856580606617,0.09353780224421794,0.4170283173286418,0.44696218684783484,2,loyal_mid
C00441,37.61943126138885,44.240632828000436,8332.140021084804,188.33681817976372,244.37955467504915,0.007525757047151665,0.05494161133567292,0.625079368225719,0,high_value
C00442,42.927573383068776,55.93466189446143,12632.438964186858,225.84276969479106,244.02985732565924,0.01661738026812314,0.0731890193561237,0.6204493773221718,0,high_value
C00443,25.357493628951815,26.62126890941113,15196.415113425057,570.8373693656966,263.52782952831353,0.0723178632702432,0.29403209767292693,0.7821668379056539,0,high_value
C00444,237.6146824168251,2.4392743802407697,611.8806179866497,250.845342755682,8.071536891868242,0.36113330836206736,0.5353222098411856,0.1956706154326897,1,at_risk
C00445,4.962105874128238,36.65049702812769,10694.400706509765,291.7941521584897,188.65849247578154,0.03017647863064031,0.23624788144492215,0.8264728668799439,0,high_value
C00446,225.34430236873015,3.34115702846792,165.712344060107,49.59729298808025,25.66184697988575,0.26066351422124123,0.48096211180150494,0.19371726050693355,1,at_risk
C00447,17.440940070443244,48.71040944014574,6840.10531899148,140.42389291341203,282.63186916402253,0.027310965390538212,0.14962665586855312,0.7470289512703209,0,high_value
C00448,259.01763420178577,2.741379417307281,314.1593701738431,114.59901106371699,14.221301883512284,0.2126878822453842,0.7653734639252256,0.24617722729703706,1,at_risk
C00449,34.820489644376906,43.983737660904495,11892.639613610665,270.387198680061,212.15392104791323,0.04237965329459984,0.24365597032305747,0.557187095052309,0,high_value
C00450,29.33006528354924,27.991026066402306,5447.051631746124,194.59992709178437,313.96302334111385,0.07944676655444052,0.16819599318974954,0.6964280737615154,0,high_value
C00451,9.336739799708571,52.17443662451883,7228.513771504886,138.54512361151058,141.8564582229116,0.045355023625550946,0.21176794953583128,0.534704939709585,0,high_value
C00452,7.788737650972104,45.35900446724341,4915.711042452166,108.37343323974649,231.09234202755277,0.06991107983230412,0.23462767817165714,0.8274396803449293,0,high_value
C00453,13.80038487816522,50.501285882826096,9415.303732757216,186.43691082644423,168.32778174781714,0.020254768490128125,0.1486203794846886,0.53388355225674,0,high_value
C00454,42.26436401889924,52.035367043403866,17425.115694107415,334.8706213520649,292.5529127481756,0.014359365787686996,0.25803001882049653,0.6686172429767601,0,high_value
C00455,236.08619731501975,3.0167720162456417,50.42609694420834,16.715249502666552,37.75376578153238,0.19094116621335327,0.6350087122115498,0.16610040657929798,1,at_risk
C00456,52.51002595360014,18.593711985734963,2378.956885366867,127.9441612945277,63.05594409604514,0.1319176249943912,0.32029852694897437,0.5258410865521792,2,loyal_mid
C00457,156.94010710507467,9.002744385781739,3244.5120872806965,360.3914482349223,97.36455731524357,0.07491172422247866,0.3088723422866065,0.5273232850861507,2,loyal_mid
C00458,279.68483426284433,3.594573212435421,418.8594360596825,116.52549866299533,5.23801186136647,0.28573507045042745,0.4791922985667629,0.2898990655148737,1,at_risk
C00459,74.03213795266888,17.924096175295993,2459.2852850365653,137.20553945844654,66.40194745989328,0.04352054730574,0.26223506241593997,0.4923248134677932,2,loyal_mid
C00460,28.732434097231092,56.106125757104685,12786.310137594872,227.89508213326866,225.90841105701446,0.07048288415342961,0.1524955970562608,0.6325074756459058,0,high_value
C00461,1.3239398690442425,54.699625270092994,18146.331381869073,331.7450767215872,299.12697627673936,0.01596335943195923,0.08234070086456861,0.537591034701002,0,high_value
C00462,238.99947183828485,4.772865691090673,74.11181585213765,15.527739653449574,12.107495957345687,0.2390605456522243,0.7990669569354544,0.22915568918182827,1,at_risk
C00463,46.912126045476974,15.757124456699387,979.0548482766134,62.13410644607512,104.79491789693667,0.13051397612228557,0.5084316254850982,0.5683621139067806,2,loyal_mid
C00464,272.40558079732153,2.007674876961916,59.0388972619439,29.40660260255068,2.332997026202146,0.40608905194402023,0.5997121027896593,0.2310030630460871,1,at_risk
C00465,69.2942890102692,9.913916861130273,3186.1273800946283,321.3792716566499,88.7543494797574,0.139539864342007,0.38154560490311584,0.5268518991210404,2,loyal_mid
C00466,40.233799715216215,35.33279291109639,17604.38878133955,498.2450389822093,274.58747762705684,0.04255088730768545,0.10479730411965808,0.7219820518883548,0,high_value
C00467,89.7312725329769,15.173352087560458,1145.8823874624895,75.51939616572373,76.09165952089236,0.061901206014004596,0.36448788794352843,0.64004596342467,2,loyal_mid
C00468,122.08001242732674,14.50086285995874,2160.156831678042,148.96746852512393,48.68692382572425,0.17428291520528857,0.3878152827353083,0.5056311749648927,2,loyal_mid
C00469,37.63784062654485,51.872683533006466,6483.407879057454,124.98693796961703,280.1743184213264,0.06368228450483027,0.21687248078668947,0.6121390212590577,0,high_value
C00470,102.1454290802294,10.233665049250867,2436.023157932915,238.04014946837046,63.3974163845251,0.09969038807895546,0.22412863310639417,0.5242614045309146,2,loyal_mid
C00471,59.32548193839279,11.975012723735937,3093.810821248238,258.3555351983825,48.77247193533586,0.15765554807881094,0.32110030353330504,0.6161117060991659,2,loyal_mid
C00472,359.121577157094,5.822594430696008,105.55291455402974,18.128158471345287,20.081342442401112,0.3654187009902752,0.6223509619503045,0.2035497008858998,1,at_risk
C00473,356.6334312965275,2.0831118209202133,304.8019608117728,146.3204988569105,29.120581632002292,0.2577613191803213,0.6610269007068328,0.2349577735096261,1,at_risk
C00474,297.83784413968664,4.746764308495029,356.2422669747416,75.04949557684883,27.521362480907765,0.25170708777594797,0.4423000549846057,0.08837305134354763,1,at_risk
C00475,306.09473985123736,5.5144634381514175,687.3418983537771,124.64347729616843,17.15292334211415,0.44672758184997075,0.5854878911986372,0.2185382668234912,1,at_risk
C00476,228.9512706855495,2.4491705692474577,301.28515812885104,123.01517987839661,20.977475873158458,0.20684738315616474,0.5627423357563306,0.1383223873592367,1,at_risk
C00477,257.40362799983774,5.718991840518556,687.2976435509203,120.17811228221672,13.632149246052249,0.4398607876104529,0.6499042538738367,0.1632175414280045,1,at_risk
C00478,289.676773188177,3.855836810278705,404.4169875026428,104.88436295451285,2.2496999857489106,0.4288896563172673,0.611054544241793,0.26522154213024846,1,at_risk
C00479,5.143803307056579,20.55745150832806,19952.554525401167,970.5752932126901,312.6422447098759,0.010082107339730122,0.20807070325755256,0.509302217749052,0,high_value
C00480,237.2782780562691,2.123447372729369,217.9592491954687,102.64405513159255,39.14378408573122,0.42293927295526335,0.6424785715551244,0.14860648239314866,1,at_risk
C00481,111.06144922068033,16.579091634754292,2748.94065046161,165.80767577754872,54.755676870947305,0.06730355711817974,0.2958469275260829,0.46890795018872605,2,loyal_mid
C00482,145.8288660566713,8.515491528507734,1652.2895331605835,194.03337172365585,53.1502980739555,0.11687297787959697,0.21260871739269327,0.5030977751227202,2,loyal_mid
C00483,66.63448474731389,17.47887178082705,2261.9851917542974,129.4125399006312,85.00224966047828,0.045958302451861166,0.366569352130135,0.5032631447810987,2,loyal_mid
C00484,40.97755039113471,51.15985418312516,15787.291015715524,308.5874904804339,168.27441232533258,0.037473331299741675,0.05187675819999997,0.5750886403960502,0,high_value
C00485,214.80928381644722,2.8577160420318077,436.76557889147904,152.83729120299267,32.60179965566519,0.3615817228432955,0.4274483428435436,0.19009347399196824,1,at_risk
C00486,132.1008899177078,19.023975380735543,3626.2125676261417,190.61276599938165,66.24806473521596,0.06706013809210784,0.28269365204741564,0.4600172518753903,2,loyal_mid
C00487,135.80209753118334,16.540605439061558,2727.837044006481,164.91760558924537,119.81183737469604,0.16145921261263188,0.23189600589923393,0.5571224326336857,2,loyal_mid
C00488,118.09747180528417,16.063814451895297,1012.5475959238731,63.032824423865726,51.23601267112181,0.17418907751225693,0.25074388661899993,0.5620517521538085,2,loyal_mid
C00489,355.6580879608457,2.8915900711189284,227.7965577384974,78.77899430272609,18.202019755074087,0.29471280138873435,0.6149750293415907,0.24322377177371446,1,at_risk
C00490,343.0834256401065,5.6094875324960025,510.3711918567587,90.98356826718242,2.6558601602958327,0.19503886702477713,0.4123979153924538,0.18127330833621597,1,at_risk
C00491,23.66251368619544,30.821397636407028,17511.661972594986,568.1657327541097,233.84241008613537,0.0024043663008943028,0.23444938902659324,0.8315619285053615,0,high_value
C00492,6.192259693302674,51.179101630853154,9770.517351204067,190.9083403158828,250.68784180189903,0.014861290789686975,0.265142479823594,0.7530898307508851,0,high_value
C00493,306.95031539507715,2.2336252673973562,465.48584436264457,208.399256203362,23.306074400006906,0.3331566012641475,0.42037763560120894,0.26893462149080194,1,at_risk
C00494,331.3051132525501,2.065374671995012,459.3487143045976,222.4045450605327,21.35318095286538,0.17632781483146517,0.4429148230094908,0.17356494420296564,1,at_risk
C00495,21.728233070297833,52.98656761825365,6322.084074640796,119.3148444750904,297.31151243437387,0.05849087813222363,0.20251512072179345,0.6404427374651397,0,high_value
C00496,79.45358935668847,15.079822666916161,911.210358833317,60.42580068480741,81.2719116995537,0.051479510661468234,0.43313484374865036,0.4985901849157526,2,loyal_mid
C00497,13.686436572930742,36.50286277094722,13784.697695633113,377.6333319973033,222.92586842326995,0.054606527856737634,0.2445378556360031,0.5718866041853423,0,high_value
C00498,15.336315758078685,58.64927648572727,15169.932543658195,258.65506708083444,127.39414544023485,0.031693320004739914,0.17723353793783858,0.5684202783537015,0,high_value
C00499,111.60716205183145,9.098718012446827,940.2793808825684,103.34196307614862,102.9429369618007,0.053960770143406375,0.29793907143817555,0.48583152353384534,2,loyal_mid
C00500,237.72652443924892,2.1383057339960705,202.89547049715793,94.8860900812282,38.87427092029079,0.3023030992385334,0.6373825090359894,0.06752860801104597,1,at_risk
C00501,278.9368128043019,5.325501159553242,583.5570107823067,109.57785817687467,13.789031457697456,0.20943532242362722,0.7609959869691675,0.08416583019470757,1,at_risk
C00502,273.4276490509087,5.566425918509879,507.75154159263485,91.21679674281177,33.86654678345241,0.18560321012365347,0.6385780397441094,0.1528007942622231,1,at_risk
C00503,27.00028162518234,25.284113492061756,4171.64231961082,164.99064999532436,132.10569016530724,0.06178823901396545,0.2941660195541473,0.8372529692777537,0,high_value
C00504,2.927365694638066,42.20792169307299,17590.541486769165,416.75924284270224,136.9638544623664,0.01850244317494818,0.1415838721391341,0.6666321148375312,0,high_value
C00505,47.19890015024179,10.285034055996194,2773.352641776656,269.6493396791221,80.47715348749259,0.15295901567170994,0.2725736665592595,0.6489515778903676,2,loyal_mid
C00506,117.85298846662653,16.11222752107254,1046.8276972277927,64.97101011382122,85.36874923910338,0.052965056370506566,0.4339730016135227,0.37864502358776525,2,loyal_mid
C00507,353.5629406098624,3.3970853740294555,401.24040102074827,118.11313430277929,1.8514242741866527,0.2517047572719781,0.7312791409957344,0.0706069973642817,1,at_risk
C00508,55.22304975540602,19.029045535622668,2243.459141024166,117.89656695205105,79.8699637617438,0.08721153426043537,0.28917034843413786,0.40344024312252086,2,loyal_mid
C00509,327.17758025478605,1.809707851248156,486.8335561545331,269.012236322434,37.87124632515799,0.35949552236057647,0.7491948861606829,0.2601740426334402,1,at_risk
C00510,364.1459952474432,2.7303191145236734,600.6097593206886,219.9778612418607,11.012148699871483,0.19013592767815662,0.4489158148811275,0.11493556302165923,1,at_risk
C00511,347.96463631246525,3.9132217465726877,687.8906591910182,175.78627119546513,28.953318256380765,0.20993847919743977,0.4443283078794817,0.11378116401440848,1,at_risk
C00512,92.15250108171584,11.913951704042793,1769.824723651523,148.5506041669586,44.58423636324209,0.0780876093674859,0.44004065666833836,0.37632133492479064,2,loyal_mid
C00513,209.56098184879144,2.5383273318951503,555.6463943336121,218.90257704421393,22.990633735381245,0.3768225847284714,0.757252122428013,0.06878485198304908,1,at_risk
C00514,114.76858042744425,11.092245095275967,2385.5900999558307,215.06828234185164,71.36339694894849,0.03371668127423952,0.24672354228214796,0.5560261875624373,2,loyal_mid
C00515,35.4403499990126,23.37972875294081,6654.509886024538,284.6273349166852,198.82515543561948,0.07168976659389042,0.06285478863923234,0.8073515986294381,0,high_value
C00516,25.87038868517231,32.41338695696298,19136.39125692952,590.3854256988925,157.51873638789826,0.0626368104020868,0.11377673275684518,0.6133778341281726,0,high_value
C00517,94.92822239800927,19.568164428317566,2743.7637607728216,140.2156942631908,75.77004401950697,0.12162368256989546,0.271291272178063,0.5441356364220699,2,loyal_mid
C00518,5.549730579792272,45.31670517070483,16353.678261673369,360.87527105225803,211.02356848235246,0.046738228804897454,0.21317168371731382,0.5946196258697647,0,high_value
C00519,112.75007433401697,10.085322653388689,2626.1804907494197,260.39627892985834,97.79822585339764,0.06392833347030931,0.28197898667387156,0.4952946766056446,2,loyal_mid
C00520,159.92680438174324,9.946159219325414,938.6435454974344,94.37246325935014,81.66857269644542,0.12574305358688154,0.2762430521592598,0.6353134562518669,2,loyal_mid
C00521,28.927606080025996,56.83881889949801,13248.275452920674,233.08498855942415,188.3853877091321,0.008369207744382016,0.13012279041950403,0.7019013354741575,0,high_value
C00522,20.51022474840257,48.61628518463206,4463.992051271511,91.82092038333298,177.64564909758104,0.01015279804148105,0.13567841068873898,0.5947438665232875,0,high_value
C00523,13.374286488916367,50.556935600263515,8672.949285032453,171.54816014970748,186.14714841097333,0.06218869706621538,0.06320177535002759,0.6821601053185297,0,high_value
C00524,20.23468443038255,53.17714459530946,17618.09759619096,331.30958290951526,267.886293695302,0.000997590235297059,0.07293091976475168,0.8010986601766292,0,high_value
C00525,114.11922882039953,18.203148621631755,2694.98248541706,148.05034785105644,108.47700070509455,0.04383864614030589,0.380550803295142,0.6007763242750528,2,loyal_mid
C00526,344.03048270386887,3.3382622622510625,211.43281113436237,63.336189467567074,38.821091574409394,0.35815780026270044,0.7704728785099454,0.08380534050099651,1,at_risk
C00527,5.156533394706672,58.04778640015365,9421.69016975368,162.30920684563333,183.67982356569192,0.004008535175754701,0.2975971143401206,0.6056177033439258,0,high_value
C00528,290.0364895233729,1.0215288783383931,620.3162638884631,607.2430031517682,11.905816834998678,0.1842057574003653,0.49468079781064134,0.09937051296581954,1,at_risk
C00529,35.62467261009409,38.15587528305199,15353.252561609932,402.3823971463056,254.32256177117173,0.0687186288446171,0.11878813140042833,0.5403642533388457,0,high_value
C00530,323.4183712771537,2.07962395215633,502.55446811570647,241.65641465834028,31.183638106868592,0.2608714819070273,0.5509127356245453,0.18240631023987097,1,at_risk
C00531,305.2595628006964,3.615452496396575,182.75105834100577,50.547216018782954,14.363361545311983,0.16185708560706913,0.6088565788836008,0.09146650743083572,1,at_risk
C00532,301.93516990342124,2.370671968443042,729.3438896856951,307.65280873705086,1.6329877973563862,0.38155816225317774,0.6880864116010655,0.15504071363115968,1,at_risk
C00533,103.033979628722,13.302812884940845,3057.96070860034,229.87324072354926,103.16465632005246,0.16625185133123943,0.2098768362620649,0.5610974302566833,2,loyal_mid
C00534,152.7453808935452,13.946417649830517,3392.4035968155094,243.24551881297887,102.58271388028476,0.04244043343022595,0.2769615149572716,0.6048971607338209,2,loyal_mid
C00535,65.21045485882402,9.129191679634696,1241.5271398290129,135.99529765582625,110.62780027729632,0.1467540706167325,0.3586171772671731,0.6153830007950842,2,loyal_mid
C00536,227.86405186609795,5.337117697412919,674.6277909961342,126.40301924073158,20.677264348453548,0.41080854806355716,0.5354365772843257,0.16681834197308365,1,at_risk
C00537,210.4143331661387,1.7002770234474531,517.6597772320595,304.4561386723095,18.40919019360467,0.4311154292011521,0.716908334868161,0.21684922202469936,1,at_risk
C00538,41.30452118605475,24.78934354004491,7898.679264891417,318.632046553868,150.09080231149483,0.034765046775815225,0.21306440161646384,0.6318569027562068,0,high_value
C00539,99.09555004005196,15.129151843414254,3760.4911970580188,248.55928712850925,106.75382017209252,0.04950374925268544,0.2723204391183354,0.45713467876898556,2,loyal_mid
C00540,72.94842921531018,12.049876476613264,2398.752819177862,199.06866463182658,106.13719356817494,0.0783051122296578,0.2006753977556688,0.5447627079745762,2,loyal_mid
C00541,32.54316832299581,38.511974623740635,16797.926572221382,436.1741182148145,232.29787888287692,0.05220153606021306,0.2435839752957628,0.8246267008687673,0,high_value
C00542,228.01699567249673,1.3887233346252106,162.94871543225264,117.33706157982095,37.25435990827968,0.17155864975228802,0.5609483532688736,0.1463535578603553,1,at_risk
C00543,20.310651349090303,58.873057042438695,18695.07032824887,317.54882908106015,272.2865126368015,0.025372253690398302,0.16456551038412848,0.692818068971641,0,high_value
C00544,69.75363899930616,18.99231505798933,3001.622685778215,158.0440655398431,89.8153075484835,0.16917718527417208,0.23710087238198002,0.48527742419479836,2,loyal_mid
C00545,30.22979577440505,21.73900248051168,10540.529750859154,484.8672224177904,133.43333376955337,0.03273119820998377,0.11105125019147206,0.625535477034769,0,high_value
C00546,247.19780480366524,2.3810368172828302,561.9410916626623,236.0068889249403,35.518626540845226,0.3262904923959129,0.4989068332317778,0.08603928723033961,1,at_risk
C00547,21.66045569613555,57.32092886400845,4642.420792753062,80.98997843818992,129.73969446277025,0.058061570777234714,0.15482524698195255,0.5749323012678521,0,high_value
C00548,150.74372355102287,10.240305419375183,2758.818588489894,269.40784239404303,94.50981737321935,0.09585526683421453,0.39145567987221674,0.6245979583069885,2,loyal_mid
C00549,66.39921271927136,18.316163614903843,1503.996828092315,82.11309200516828,110.27777243167903,0.13086593583251854,0.3147447135987046,0.5488764533096263,2,loyal_mid
C00550,130.96434535094033,15.375274631029113,1015.6619064490756,66.05813104628065,119.26926752848507,0.07764828312078112,0.4113525963284204,0.598458340111285,2,loyal_mid
C00551,213.39041006994339,5.949115346024367,597.335575282844,100.40746237707884,35.85598201993461,0.22899518467694568,0.41650121300262505,0.16131636649984699,1,at_risk
C00552,31.638096503420385,22.078474658604172,14367.17571521936,650.7322601482502,299.399359754599,0.0763918713484646,0.2112047985898226,0.7305636934358453,0,high_value
C00553,273.95970447315017,4.896349717874004,81.91386323508239,16.729577737484284,33.92662194571534,0.17074198350217845,0.6038938639505776,0.19382373815712556,1,at_risk
C00554,264.68990369854816,4.177801770050924,744.2650015525434,178.1475145345327,37.24044751623985,0.16991948371298238,0.5501112558773977,0.2456903370140256,1,at_risk
C00555,208.1044112187566,1.4889399872272153,477.4871776955247,320.689337241004,31.714667809665453,0.16818922265682154,0.46415572962709445,0.23999625287403814,1,at_risk
C00556,37.20151098391652,52.16498104729051,18352.534382346006,351.8171388907128,316.91561628632496,0.046771106730733245,0.2875152736561093,0.634879318299986,0,high_value
C00557,244.97677207362213,4.850965567689276,202.09283945686914,41.6603326980807,37.17906769571464,0.2362419055645269,0.7346562985626177,0.10659938510283352,1,at_risk
C00558,291.9052940104393,4.430249347529501,569.6949429393912,128.59207196928494,23.78232381814854,0.16346409674288298,0.46639716459481095,0.18479207308924944,1,at_risk
C00559,282.1118708902875,1.641466292555601,788.7850225406532,480.53683838526644,34.36353917329738,0.4027365004358002,0.6079014638783373,0.16797017810737236,1,at_risk
C00560,37.51074869782618,50.97285664567373,16206.448304632466,317.9427124771115,157.66439496227036,0.07625644199241512,0.2557811524875237,0.5750142409992454,0,high_value
C00561,107.56129121036308,15.774529770620845,3195.380599812193,202.56582264426072,43.551783752847214,0.11434942416266157,0.28320003137984207,0.43393873660139487,2,loyal_mid
C00562,105.80772832416616,17.131435754204045,1491.254187700426,87.04782302525187,95.99848174578091,0.057670737626865885,0.5410547136444362,0.5120425856999088,2,loyal_mid
C00563,68.95521420274363,8.96653936055736,3024.2670395277323,337.28364064636685,104.05703788436215,0.16917873381944826,0.22514220440676302,0.5920503341571366,2,loyal_mid
C00564,85.49500733098583,15.691348065502682,3127.9379816640258,199.34157145750754,97.45406337023493,0.03912448012520421,0.3310287417696498,0.6222245559781021,2,loyal_mid
C00565,210.4491989859221,2.00281235660777,755.807213573523,377.37295312760045,37.23734265857173,0.22636479438818463,0.6157751034657558,0.26573159373870714,1,at_risk
C00566,52.091382534564765,9.710855387925365,2713.9582470880405,279.4767441869869,112.36050803355577,0.04325853531262462,0.4431794089370663,0.6080019494187812,2,loyal_mid
C00567,12.548262700606045,54.021347167631305,4397.170108777161,81.3968984359552,240.1467837725285,0.06355656243967076,0.21338495642341082,0.5157901609982475,0,high_value
C00568,66.01529748777337,18.881687043266602,3441.4144353756337,182.26202073415237,74.58683382140464,0.1617472096340787,0.34430875440003217,0.47197944311058887,2,loyal_mid
C00569,124.52762547729428,11.621520079527123,3793.503906219285,326.42063002602,116.72586704639886,0.16013967983597888,0.37895708369444325,0.44648670146577374,2,loyal_mid
C00570,7.151067917616928,22.662354278207125,16545.295173462528,730.078392136559,238.0640501766298,0.030324215602984417,0.18551975873767979,0.6841211844101073,0,high_value
C00571,54.21823028257619,18.42910244622235,3082.768560099201,167.27719481157456,84.21372516779314,0.14860103874669145,0.5496640061269437,0.3587214842506391,2,loyal_mid
C00572,135.67146307266728,19.786768369683017,1885.9988560369063,95.31616385253717,96.88554831821219,0.1782264636835725,0.3104378610659938,0.5071347108109626,2,loyal_mid
C00573,342.5825768167996,2.273641750587337,425.1572369850141,186.99394347204682,18.64780932945098,0.2636603869043872,0.6566188813363427,0.2534789209273926,1,at_risk
C00574,16.599142597714206,39.543361814061335,4578.60336791514,115.78690222253742,217.93994836338118,0.04756540871126915,0.23740465473071687,0.5742969985942601,0,high_value
C00575,323.2995170316915,5.417649182118538,462.1202096000436,85.29902805912847,24.911267340771442,0.20421185873004283,0.43870115934443843,0.08487471199054748,1,at_risk
C00576,94.94768437016626,11.238792127476103,1033.2228895053865,91.93362398610513,103.34778318328591,0.038593612008342874,0.22850486843428627,0.5900234207574584,2,loyal_mid
C00577,5.740601622059449,57.24944942760408,5345.8453529101125,93.3781094204287,262.31160831935557,0.042925441086167145,0.05870958756997892,0.7339157592783038,0,high_value
C00578,272.0501357409085,4.641874828732045,251.8478755421043,54.255636964449984,39.08455559019068,0.31685708903933685,0.4572029605305541,0.16803611275516156,1,at_risk
C00579,11.602705300250129,24.876867133404502,11171.317252109944,449.06447392281035,202.80521875784729,0.060067086779588774,0.14822954417426848,0.7931165103257218,0,high_value
C00580,354.9028834441613,5.210350758861199,745.0028660609614,142.98516559445474,7.629162326635643,0.3786754044910535,0.5781026822144163,0.22297127317647575,1,at_risk
C00581,44.79357587411518,16.378282936612592,2729.6611504683365,166.6634506823884,44.35055793334542,0.16353869004694369,0.22155827131996328,0.3629009752220153,2,loyal_mid
C00582,157.7531828791927,18.99269997562193,3133.423373853444,164.9804070972188,40.19823446856185,0.12004099220866227,0.4321603477804451,0.579443884506752,2,loyal_mid
C00583,229.09867010893723,5.792576469877262,182.5002359953712,31.505882907962402,32.44955042303927,0.2364179906166422,0.49993043512388885,0.24120300015278218,1,at_risk
C00584,235.55669839909558,5.377695222636181,652.0641876591617,121.25346652492433,14.319992225863292,0.32945036401223243,0.6129661278851478,0.09259787728965622,1,at_risk
C00585,8.506090615622988,49.39572649241163,15002.640786657481,303.7234565010851,182.5139898057168,0.02368262903280206,0.29985547730604695,0.7712177661834647,0,high_value
C00586,43.32349724017864,45.69933103982191,12203.827913708132,267.04609533723476,179.8766583029651,0.04176098410932099,0.09192487991944524,0.6361838490327281,0,high_value
C00587,291.10684604523044,4.154560038863275,599.843355919659,144.38192018131997,20.60449366704661,0.24164418371135105,0.7004035011530232,0.2718557245341841,1,at_risk
C00588,21.322598131061046,34.94456553838286,7609.485891267375,217.75877805403448,311.8418545689152,0.010488695442097589,0.24064752299066017,0.6152418608592194,0,high_value
C00589,129.73476677759976,10.58684852396262,2652.4812957153244,250.5449369292109,41.63543865142007,0.16192002833848146,0.44718543908913644,0.4685346089619146,2,loyal_mid
C00590,250.87497865221928,5.725741438353863,533.0070510874014,93.08961238051288,8.882457706102198,0.32413148916085344,0.6480586629862191,0.05067681841894679,1,at_risk
C00591,220.94431737050175,5.175628955403669,672.3124325936836,129.89965826119527,17.15979710778009,0.42670729156380105,0.5948461679665688,0.1177844715587726,1,at_risk
C00592,89.2529768266536,12.916412918587934,1485.214583377363,114.9866137555884,89.57716809716992,0.061683149165694756,0.39733206430620444,0.4343945521621649,2,loyal_mid
C00593,29.59325046841208,39.23641713200314,9956.185171064772,253.74858100751558,206.59449857355344,0.0676637566241714,0.0779612005951693,0.6630151041250392,0,high_value
C00594,34.35586056375645,32.03794767123759,14500.304629239843,452.59779989770215,275.4686255058357,0.004041575709760412,0.2731219224218316,0.5003736127579616,0,high_value
C00595,18.97526032388399,26.98565883743411,11586.69967172189,429.3650839329885,234.9743859246067,0.0018512075665557148,0.20255686110831145,0.6332563264260007,0,high_value
C00596,20.771906094326702,35.40357984401414,9031.211067907221,255.09316028769257,278.3948850282748,0.039640524530289475,0.07892604182735737,0.7090880851758442,0,high_value
C00597,354.5504991577459,2.529001143692837,277.4015574759437,109.68818980875712,34.521700880563685,0.33868440514883313,0.5785000084645238,0.20357046261789458,1,at_risk
C00598,117.18010522480661,16.473182988713123,1310.8935742517644,79.57743049111669,84.95527388809421,0.03927179416075731,0.35394865520707564,0.46781762417372885,2,loyal_mid
C00599,12.698278304218862,41.44272143790549,18736.915156723066,452.1159447696258,151.0883128166845,0.003613849359154111,0.24937770892018812,0.7644388398656995,0,high_value
